Iteration	Posterior	Likelihood	Prior	rate_log_sd	rate_loss	rate_neo	tree_length
0	-441.4006	-598.0224	156.6217	2.459953	0.3498109	0.1672257	0.5456783
6	-431.1737	-588.2694	157.0957	2.069331	0.319888	0.1319865	0.7715446
12	-434.9918	-591.46	156.4682	2.105024	0.682446	0.133848	0.7285036
18	-441.4229	-597.0439	155.621	1.831338	1.039991	0.2336622	1.163517
24	-443.3668	-599.7758	156.409	1.714512	0.5248781	0.2786055	1.020384
30	-443.6736	-598.7267	155.0531	2.460384	0.5248781	0.7253655	0.8530202
36	-434.0549	-589.9865	155.9316	2.331423	0.5248781	0.2912791	0.8353848
42	-426.2014	-582.316	156.1146	1.87591	0.5248781	0.3454564	1.001497
48	-436.2542	-593.1591	156.9049	1.655135	0.5509164	0.08892611	1.147414
54	-438.0634	-594.0558	155.9925	1.386773	0.5509164	0.2348645	1.676695
60	-442.6652	-599.1817	156.5165	1.813276	0.4563887	0.1368784	1.30978
66	-431.4757	-587.8636	156.3878	1.71904	0.4629134	0.2009499	1.30978
72	-425.4129	-581.9111	156.4981	1.514956	0.6240718	0.1300522	1.37223
78	-441.5998	-598.3216	156.7218	1.514017	0.4490983	0.1029454	1.496359
84	-444.1678	-600.8318	156.664	1.476749	0.4099469	0.1716943	1.430679
90	-459.9374	-616.4224	156.4851	1.452801	0.9876202	0.145844	1.014074
96	-453.6814	-610.3169	156.6355	1.752708	0.6106655	0.145844	1.014074
102	-438.6551	-595.0127	156.3576	2.273149	0.6106655	0.145844	0.7251424
108	-432.794	-588.4663	155.6723	2.688418	0.618466	0.2168121	0.2990923
114	-438.713	-595.2059	156.4929	2.527055	0.618466	0.06368685	0.4022258
120	-426.5479	-583.1721	156.6242	2.328805	0.6441284	0.07235697	0.4286139
126	-426.4936	-583.5395	157.0459	2.25001	0.4340244	0.07235697	0.5118887
132	-430.1344	-586.7324	156.598	2.214439	0.6824009	0.08683874	0.6401676
138	-437.5415	-594.394	156.8525	2.233875	0.2943618	0.2014973	0.5929109
144	-437.1704	-593.063	155.8926	1.835773	0.8813696	0.2014973	1.145175
150	-453.491	-609.5898	156.0988	1.844067	0.6844189	0.09360588	1.476567
156	-438.7496	-594.9051	156.1554	1.904572	0.8648195	0.1569464	0.9833174
162	-443.3958	-599.5319	156.1361	1.863568	0.9901723	0.06433421	1.261422
168	-440.2564	-596.0991	155.8427	1.831961	0.8920919	0.1902616	1.211147
174	-443.7503	-598.861	155.1107	2.234285	0.8638026	0.5757763	0.7539977
180	-439.8116	-596.0544	156.2429	1.894157	0.4361091	0.2635018	1.181132
186	-442.8156	-598.8781	156.0625	1.765939	0.6643924	0.2635018	1.139644
192	-442.3653	-597.671	155.3057	2.344625	0.6643924	0.5956243	0.560297
198	-445.5133	-600.4183	154.9051	1.73282	0.5841078	0.7583652	1.510339
204	-439.8185	-596.5259	156.7074	1.831922	0.3392558	0.1837135	1.192343
210	-444.4642	-600.2964	155.8322	2.352978	0.8849668	0.1837135	0.6850352
216	-451.035	-606.9427	155.9077	2.158323	0.6688278	0.2086468	1.052475
222	-446.7039	-602.5653	155.8614	1.857284	0.6688278	0.4211185	0.9077644
228	-453.3907	-609.1991	155.8085	1.981139	0.8338846	0.2898532	0.9077644
234	-452.1046	-608.6813	156.5767	2.21781	0.4285044	0.1811649	0.7450335
240	-447.3576	-603.308	155.9504	2.231686	0.4285044	0.4170149	0.8120751
246	-440.3505	-595.9738	155.6233	2.089796	0.8945554	0.360804	0.7124363
252	-438.9753	-594.637	155.6617	1.970007	1.093765	0.2611682	0.8621452
258	-445.3901	-600.1486	154.7585	2.105267	0.7215627	1.129839	0.7723571
264	-439.2506	-596.1375	156.887	1.601523	0.4123866	0.1182089	1.303754
270	-445.2763	-600.7457	155.4694	1.424341	0.5293912	0.2106524	2.077427
276	-440.4714	-597.2466	156.7751	1.579537	0.368624	0.136457	1.422315
282	-447.8884	-603.7537	155.8653	1.725707	0.8815256	0.2054001	1.252984
288	-446.8181	-603.0763	156.2581	1.709636	0.8863433	0.2054001	0.8921056
294	-439.987	-595.4522	155.4653	2.047542	0.8863433	0.4092735	0.8676786
300	-433.284	-588.9284	155.6443	1.594526	0.8863433	0.3287113	1.281931
306	-446.6242	-602.6658	156.0416	1.731774	0.8863433	0.1919718	1.125792
312	-440.4264	-596.2243	155.7979	1.914654	2.02255	0.0575963	0.8151059
318	-441.0018	-597.5091	156.5073	1.996644	0.7844816	0.09503595	0.8592508
324	-435.9349	-592.1596	156.2247	1.894551	1.084353	0.1444559	0.6759081
330	-421.6529	-578.7729	157.12	2.157974	0.3248818	0.1181308	0.6518376
336	-428.6417	-584.8457	156.204	2.157974	1.125713	0.07524194	0.6805816
342	-431.182	-587.3756	156.1936	2.414966	0.8167004	0.1022006	0.5454222
348	-436.5977	-592.7514	156.1537	2.445035	0.4276807	0.2690995	0.3682973
354	-454.0122	-609.844	155.8318	2.725229	0.4276807	0.2867242	0.3703345
360	-441.1999	-597.398	156.1982	2.563341	0.5074162	0.1619326	0.3578616
366	-450.5445	-606.5442	155.9997	2.848903	0.5074162	0.1266525	0.3172582
372	-459.2033	-613.7624	154.559	3.345924	1.118449	0.0581201	0.1313604
378	-457.5138	-612.0642	154.5504	3.130219	1.118449	0.1706769	0.1839982
384	-444.5529	-600.4631	155.9102	2.520783	0.7186205	0.166161	0.3434495
390	-429.5956	-585.7673	156.1717	2.371955	0.7415844	0.1380343	0.4092614
396	-425.0833	-580.8382	155.7549	2.173228	1.661174	0.07604393	0.6996462
402	-424.9882	-581.0269	156.0387	2.238358	0.6744286	0.237101	0.6978816
408	-437.403	-593.2897	155.8867	1.927141	0.6744286	0.3344515	0.9834665
414	-441.0761	-596.7399	155.6638	2.105734	0.8462348	0.3344515	0.7916297
420	-438.9401	-594.787	155.8469	1.965453	0.609529	0.3891688	0.9614129
426	-431.5312	-588.2847	156.7535	1.795989	0.5112529	0.1804149	0.8810038
432	-434.9186	-593.01	158.0913	1.993672	0.1283418	0.06293304	0.6447928
438	-427.725	-584.6866	156.9616	2.303119	0.2181493	0.1977841	0.6652143
444	-423.3389	-579.4504	156.1115	1.823947	1.119806	0.1377311	0.914842
450	-427.5112	-583.3347	155.8235	2.096236	0.9975678	0.221752	0.7428537
456	-438.6198	-594.4889	155.869	2.198892	1.107853	0.1672721	0.5261617
462	-436.6349	-591.605	154.97	2.160859	1.138115	0.4014731	1.023578
468	-439.8442	-595.5188	155.6746	2.195427	0.7316371	0.3957124	0.6428525
474	-433.8327	-590.5564	156.7237	2.24404	0.3769059	0.16736	0.6968151
480	-432.5207	-589.1222	156.6015	2.066238	0.560731	0.16736	0.658403
486	-426.0363	-582.2983	156.262	1.979999	0.8311727	0.16736	0.7743919
492	-428.0223	-584.2151	156.1927	2.024422	0.8311727	0.1608184	0.8360736
498	-432.0788	-588.9468	156.868	2.234508	0.425192	0.1048843	0.7027462
504	-442.0012	-598.9559	156.9547	2.036918	0.5337791	0.0876269	0.7027462
510	-427.7197	-584.106	156.3863	2.12453	0.8229095	0.105839	0.7262633
516	-427.5741	-583.5413	155.9672	2.163341	0.8229095	0.2249851	0.6896822
522	-436.9398	-593.0875	156.1478	2.157094	0.8229095	0.171242	0.6658622
528	-443.7388	-600.1882	156.4494	1.837177	0.8229095	0.1466545	0.8223815
534	-439.7564	-595.9338	156.1774	1.45588	0.8703647	0.09732992	1.528033
540	-424.7238	-580.7729	156.0491	1.660284	0.994556	0.09732992	1.369833
546	-431.2755	-586.3277	155.0522	1.660284	2.277955	0.09732992	1.434701
552	-436.2719	-591.9274	155.6555	1.937311	1.152186	0.2672151	0.8254437
558	-436.9696	-592.8006	155.8311	1.945383	0.49263	0.482237	1.009367
564	-434.7285	-590.6949	155.9664	1.895827	0.5294054	0.482237	0.8515105
570	-436.9664	-593.3705	156.4041	1.91254	0.5294054	0.2428324	0.9068119
576	-426.3995	-583.0033	156.6039	1.894711	0.357108	0.288129	0.9240301
582	-424.4314	-581.3859	156.9545	2.362343	0.3318595	0.1124571	0.4434976
588	-429.6424	-586.4795	156.8371	2.386625	0.3318595	0.1383333	0.5194836
594	-430.4463	-587.5202	157.0739	2.384779	0.2457649	0.1269674	0.4197886
600	-436.6348	-593.9378	157.3031	2.527392	0.2457649	0.04695123	0.4843019
606	-418.9476	-575.2857	156.3381	2.117256	0.6148614	0.2187383	0.5981813
612	-431.1317	-587.7697	156.638	2.06107	0.5587647	0.168325	0.5745027
618	-428.4603	-584.2961	155.8358	2.06107	0.7534565	0.3337368	0.7691044
624	-453.6403	-609.9215	156.2811	2.079864	0.7534565	0.1834707	0.6393631
630	-435.6018	-592.2139	156.6121	2.214242	0.508644	0.1469191	0.6445407
636	-434.2407	-590.3458	156.1052	2.359845	0.7931765	0.1469191	0.4647399
642	-424.638	-580.8913	156.2533	2.352733	0.4134162	0.2944191	0.5090917
648	-423.7366	-579.9247	156.1881	2.331987	0.4931366	0.2580893	0.3806545
654	-436.1305	-592.1948	156.0643	2.320273	0.4078424	0.4038345	0.511521
660	-437.2518	-592.1035	154.8518	2.561003	1.184078	0.4038345	0.5411577
666	-427.4774	-582.9896	155.5122	2.40074	0.6938711	0.4038345	0.3975895
672	-417.3641	-573.3383	155.9742	2.140174	0.5615656	0.3894153	0.6497466
678	-429.8352	-586.2905	156.4553	2.172602	0.4607888	0.2451142	0.5926625
684	-434.8694	-590.673	155.8036	1.89073	0.8780358	0.2693131	1.008007
690	-434.3063	-590.1018	155.7955	1.871155	0.911638	0.1146779	1.414248
696	-425.7651	-582.1494	156.3844	1.937861	0.911638	0.05833521	1.076372
702	-428.9588	-585.0388	156.08	2.05357	1.174578	0.1059031	0.760969
708	-430.8684	-587.1057	156.2373	1.840586	1.174578	0.09944237	0.8683257
714	-432.3205	-588.043	155.7225	1.715713	1.174578	0.3186017	0.8414915
720	-433.1018	-589.2107	156.1089	1.935671	0.8470326	0.1943293	0.892197
726	-428.851	-585.4315	156.5805	1.653337	0.3957346	0.2459716	1.202058
732	-428.9516	-585.7688	156.8172	1.774204	0.3957346	0.1646306	1.098499
738	-441.3116	-597.9308	156.6193	2.027082	0.7084841	0.1113943	0.6947657
744	-432.8017	-587.6897	154.888	1.993522	2.639589	0.1965376	0.7734197
750	-429.466	-584.9894	155.5234	2.357672	1.102072	0.2206203	0.6348673
756	-431.9435	-587.2556	155.3121	2.357672	0.9930501	0.3645928	0.5428331
762	-433.1343	-589.8257	156.6914	2.350259	0.5377703	0.08777952	0.5666053
768	-429.9504	-585.4641	155.5137	2.578083	0.7212461	0.3044078	0.4092882
774	-424.7948	-579.6576	154.8628	2.578083	0.9146595	0.5319011	0.4227057
780	-434.8071	-591.6108	156.8037	2.310321	0.3933863	0.1243647	0.6464351
786	-429.3299	-584.7319	155.402	2.27953	1.495368	0.1851311	0.5796996
792	-435.0956	-591.5672	156.4716	2.297448	0.4856781	0.1851311	0.5436063
798	-437.0414	-592.994	155.9526	2.381969	0.4856781	0.3588711	0.5160915
804	-433.6299	-589.138	155.5081	2.450571	0.7403209	0.3629795	0.5110245
810	-429.2779	-585.0556	155.7778	2.177014	0.6561294	0.3948459	0.6757006
816	-432.9819	-588.7353	155.7534	2.268958	0.6282535	0.3948459	0.6103509
822	-424.7838	-580.9701	156.1863	2.115408	0.6282535	0.2762916	0.5067487
828	-436.5742	-591.6659	155.0918	2.266096	1.612174	0.2762916	0.5047034
834	-441.4859	-597.6282	156.1422	1.964658	0.7967338	0.2643908	0.5638744
840	-425.1784	-580.8612	155.6828	2.051145	0.7780382	0.3709177	0.8416277
846	-432.014	-588.3975	156.3835	2.051145	0.5260222	0.2612396	0.6898216
852	-430.714	-586.6093	155.8954	1.993083	0.8928126	0.2469432	0.8409153
858	-429.7378	-586.5765	156.8388	2.147549	0.5156573	0.09333182	0.718178
864	-442.7148	-598.4957	155.7809	1.948741	0.8066613	0.2850548	1.015166
870	-429.4099	-585.5237	156.1138	2.111435	0.633986	0.2850548	0.669806
876	-433.4853	-589.5849	156.0996	2.067038	0.633986	0.2850548	0.766623
882	-429.9285	-585.7906	155.8621	2.25282	0.633986	0.2850548	0.8354807
888	-434.2999	-589.6206	155.3207	1.959413	0.633986	0.582849	1.123679
894	-425.7298	-581.3764	155.6466	1.875412	1.232522	0.1946695	1.042017
900	-434.4032	-590.0123	155.6091	1.59921	1.889566	0.09971604	1.204944
906	-428.741	-584.4735	155.7325	1.833445	1.019361	0.2263309	1.097807
912	-428.8609	-585.1746	156.3136	1.888793	0.5840751	0.202959	1.052364
918	-432.5253	-589.1421	156.6168	1.836157	0.5840751	0.202959	0.7725205
924	-430.2109	-585.7591	155.5482	2.314186	0.8230886	0.3467176	0.6352863
930	-438.6805	-594.5109	155.8304	2.36969	0.887562	0.1924778	0.43167
936	-442.4639	-599.0751	156.6112	2.363814	0.6215561	0.06856113	0.3731174
942	-436.067	-592.3868	156.3198	2.500907	0.4639997	0.1720991	0.3861882
948	-443.7807	-598.8099	155.0291	2.559698	1.133533	0.3299099	0.39906
954	-448.4226	-603.2326	154.81	2.279836	1.010569	0.6494766	0.7468887
960	-443.2359	-598.6629	155.427	2.188593	1.010569	0.3832376	0.5361282
966	-449.4259	-604.8764	155.4506	2.069071	1.010569	0.3832376	0.7558456
972	-427.0736	-581.7831	154.7095	1.95337	2.206581	0.3078734	0.9482267
978	-429.6975	-586.1017	156.4043	1.952932	0.609136	0.2153789	0.8039956
984	-428.4172	-584.5342	156.117	1.894219	0.7649806	0.1531651	1.151239
990	-435.1291	-591.449	156.3199	1.794768	0.6558178	0.1531651	1.183749
996	-441.7784	-598.2025	156.4241	2.002822	0.6671678	0.1531651	0.8604333
1002	-427.2721	-583.3826	156.1106	1.80584	0.6671678	0.2633963	1.055631
1008	-429.9557	-585.7009	155.7452	2.039193	0.6671678	0.3817474	0.9213693
1014	-426.167	-582.2325	156.0655	2.070783	0.6462773	0.1979968	1.044804
1020	-439.1927	-595.084	155.8912	1.875277	1.07651	0.1401319	1.113252
1026	-445.9604	-601.7456	155.7853	2.165667	1.07651	0.1401319	0.9323601
1032	-438.9287	-594.5895	155.6607	2.234143	1.320562	0.1498154	0.6748387
1038	-444.7902	-600.7235	155.9333	2.309867	0.8383394	0.1997168	0.5129538
1044	-424.1373	-580.5096	156.3723	2.39824	0.6715908	0.1071008	0.5354534
1050	-432.7822	-589.3657	156.5835	2.368492	0.2996688	0.2484213	0.5580769
1056	-442.0423	-597.455	155.4127	2.335422	0.9711371	0.338191	0.5384649
1062	-453.1999	-608.7745	155.5746	2.360193	0.7123831	0.3582611	0.70984
1068	-446.9206	-602.9844	156.0638	2.262838	0.4512644	0.3582611	0.70984
1074	-445.8352	-601.4754	155.6403	2.237457	0.8137325	0.3582611	0.5354031
1080	-451.64	-606.8712	155.2312	2.648521	0.8137325	0.3582611	0.4855756
1086	-448.7754	-604.5884	155.813	2.376351	0.573702	0.3582611	0.5615019
1092	-434.8661	-590.8802	156.0141	2.526406	0.3685548	0.3582611	0.425237
1098	-446.2696	-601.6862	155.4166	2.542208	0.7469271	0.3582611	0.4718175
1104	-445.4913	-601.3155	155.8241	2.239397	0.7469271	0.2713928	0.7487604
1110	-446.336	-602.3372	156.0012	2.138768	0.7469271	0.2713928	0.5988265
1116	-444.5775	-600.4541	155.8766	1.853368	0.7469271	0.2713928	1.114375
1122	-436.3762	-592.5834	156.2072	1.817056	0.5094335	0.2886946	1.114375
1128	-447.5422	-603.3404	155.7982	1.846692	0.7607692	0.2886946	1.137672
1134	-435.6107	-590.2419	154.6312	1.661728	0.9661699	0.612616	1.562723
1140	-450.6573	-606.0077	155.3504	2.008373	1.441884	0.2436594	0.8928157
1146	-440.7338	-596.2002	155.4665	1.881852	1.45573	0.2436594	0.8928157
1152	-442.5623	-599.0637	156.5014	1.932349	0.884645	0.09322123	0.8137899
1158	-437.232	-594.3569	157.1249	1.924634	0.3065207	0.1672838	0.8014513
1164	-442.5018	-599.2733	156.7716	2.299171	0.3361162	0.1672838	0.6631716
1170	-429.0304	-584.8857	155.8553	2.172663	1.099933	0.1091478	0.9539444
1176	-426.5302	-582.3318	155.8016	2.322675	0.7520277	0.2699772	0.6331977
1182	-431.7096	-587.3697	155.66	1.663975	1.783395	0.07899562	1.241165
1188	-449.4745	-603.7186	154.2441	1.786698	6.16812	0.04943569	1.086871
1194	-436.8795	-593.0595	156.18	2.138694	0.6914195	0.1902599	0.8039562
1200	-428.6768	-584.9217	156.2448	1.891563	0.8575054	0.1954572	0.7555045
1206	-429.0506	-585.7991	156.7485	1.961275	0.6228573	0.08605736	0.9097103
1212	-434.4895	-589.2175	154.728	1.88604	0.7487926	0.5269977	1.601254
1218	-430.3585	-585.732	155.3736	1.778012	0.9335518	0.2452888	1.468474
1224	-432.0382	-588.9387	156.9005	1.984569	0.5517553	0.08073933	0.8566425
1230	-429.2766	-586.0185	156.7419	2.013003	0.5517553	0.1080946	0.8699843
1236	-435.4462	-591.7465	156.3003	2.050009	0.9597154	0.1211322	0.6302874
1242	-439.5409	-595.8425	156.3016	1.952927	1.157937	0.09483287	0.6607216
1248	-438.1573	-593.8595	155.7022	2.054765	1.157937	0.2446096	0.65174
1254	-439.3089	-594.8392	155.5303	1.883003	1.139741	0.2518644	1.070298
1260	-429.4098	-585.2064	155.7966	1.83563	1.139741	0.2152072	0.9525091
1266	-431.9228	-587.3836	155.4608	2.080852	1.139741	0.3417533	0.6540673
1272	-442.71	-598.1371	155.4271	2.022964	1.139741	0.3417533	0.8014557
1278	-429.0759	-585.5274	156.4515	2.022964	0.475359	0.2297714	0.8686075
1284	-436.3472	-591.5079	155.1607	2.198627	0.7455002	0.6009543	0.8686075
1290	-427.9359	-583.2342	155.2982	1.906143	0.9500491	0.4687171	1.010173
1296	-435.3341	-590.3446	155.0105	1.93745	2.848211	0.118244	0.9066408
1302	-444.4296	-598.6391	154.2095	2.024957	2.848211	0.3679214	0.9321086
1308	-440.8819	-596.1997	155.3177	1.981275	2.056275	0.1373334	0.8772728
1314	-441.853	-597.36	155.507	1.942777	2.056275	0.1271524	0.7268495
1320	-450.0643	-605.0371	154.9728	2.177453	2.118133	0.228421	0.5990758
1326	-429.9871	-586.7107	156.7236	1.915702	0.6433249	0.1084087	0.8468426
1332	-432.5183	-588.0327	155.5144	1.818188	1.063417	0.3521739	0.990568
1338	-424.1304	-580.5828	156.4524	1.79702	0.3341077	0.3521739	1.078842
1344	-423.332	-579.4982	156.1662	2.017347	0.4753193	0.3521739	0.8664763
1350	-435.6888	-591.2835	155.5947	2.017347	1.253369	0.1328951	1.134216
1356	-437.2804	-593.8305	156.5501	2.068251	0.4196486	0.1328951	1.134216
1362	-425.1803	-581.1197	155.9394	2.219377	0.6401922	0.3231319	0.5980437
1368	-433.3776	-590.0623	156.6847	2.186311	0.3088213	0.2544096	0.676254
1374	-432.4754	-589.0315	156.5561	2.186311	0.3088213	0.3072596	0.676254
1380	-431.0503	-586.799	155.7487	2.376159	0.7277242	0.2859991	0.4049511
1386	-433.8549	-590.6851	156.8301	2.197298	0.404117	0.1511427	0.5446282
1392	-427.7071	-584.2006	156.4935	2.119756	0.6649852	0.1464798	0.6011678
1398	-430.9493	-587.5207	156.5713	2.068082	0.5504872	0.1918356	0.5654087
1404	-439.4107	-595.8716	156.4609	1.562735	0.8219066	0.1116954	1.216241
1410	-428.5621	-584.5043	155.9422	1.859081	0.7853015	0.1867869	1.216241
1416	-430.2498	-586.8981	156.6483	1.931092	0.3949536	0.1988791	1.008326
1422	-438.6533	-595.3978	156.7445	1.951237	0.4378097	0.2061071	0.7537905
1428	-435.8882	-591.7889	155.9007	2.175743	0.7473897	0.2652516	0.7515911
1434	-437.5867	-594.3288	156.742	1.489412	0.5134042	0.1344012	1.318751
1440	-446.5756	-603.3625	156.7869	1.57918	0.5134042	0.1228061	1.244355
1446	-446.1603	-603.1646	157.0043	1.712641	0.5076651	0.08708379	1.074748
1452	-436.6911	-593.7701	157.0789	1.939133	0.4093484	0.08708379	0.9478156
1458	-442.2381	-598.6409	156.4028	1.549426	1.122677	0.1133489	0.9927731
1464	-448.6798	-604.2904	155.6106	1.286258	1.051892	0.1597958	1.752092
1470	-443.6839	-599.4558	155.7718	1.690064	1.245231	0.2146409	1.032715
1476	-448.309	-604.1491	155.8401	1.828239	0.9348873	0.2146409	1.112976
1482	-438.3295	-594.9104	156.5809	1.767515	0.5684779	0.145365	1.111969
1488	-435.0193	-591.1796	156.1604	2.244455	0.6119645	0.2120625	0.7444701
1494	-440.8336	-596.9701	156.1365	2.237909	0.5346504	0.2120625	0.927898
1500	-440.0815	-595.5633	155.4819	2.368268	0.7755938	0.3708889	0.6739055
1506	-435.698	-591.1847	155.4868	2.180149	0.9385459	0.3708889	0.674107
1512	-437.7804	-594.2012	156.4208	1.812527	0.5130576	0.1863357	1.170333
1518	-435.2221	-590.272	155.05	1.762436	1.472735	0.3443796	1.170333
1524	-447.3426	-602.0474	154.7048	2.492562	1.472735	0.3443796	0.7657477
1530	-458.2581	-614.4681	156.21	2.668461	0.6484387	0.08803351	0.4406126
1536	-441.0644	-595.9876	154.9232	2.791314	1.02029	0.2872578	0.3062007
1542	-449.0598	-603.6532	154.5933	2.288849	2.72079	0.2136545	0.6119211
1548	-444.2518	-599.7732	155.5214	2.395025	0.7004956	0.3857464	0.6700527
1554	-444.4902	-600.6347	156.1444	1.846327	0.5031294	0.3857464	0.9528522
1560	-437.8033	-592.9388	155.1355	2.169903	1.259998	0.3857464	0.7283028
1566	-432.8662	-588.9351	156.0689	2.294608	0.765073	0.1857006	0.5706026
1572	-447.5153	-603.6823	156.167	1.997179	0.765073	0.2272649	0.7375534
1578	-445.4663	-601.5879	156.1215	2.223562	0.7768383	0.1868417	0.5730143
1584	-448.9562	-605.2835	156.3273	2.171254	0.7768383	0.1354817	0.6326058
1590	-439.8812	-596.1814	156.3002	2.228318	0.7768383	0.1354817	0.5032292
1596	-437.2848	-593.1941	155.9092	1.967304	1.16793	0.1730469	0.7855283
1602	-443.0447	-598.37	155.3253	1.881352	0.74991	0.4174983	1.291019
1608	-437.9576	-593.219	155.2614	1.701712	1.331121	0.4174983	0.9964182
1614	-445.5405	-600.5769	155.0363	1.586156	1.461268	0.4174983	1.215647
1620	-438.0375	-593.6896	155.6521	1.763266	0.7405378	0.4174983	1.122562
1626	-437.5811	-592.5675	154.9863	1.784864	1.219387	0.4174983	1.253726
1632	-442.8548	-599.0737	156.2189	1.794473	0.8364059	0.1685751	1.022864
1638	-446.6024	-601.0459	154.4435	1.473836	0.8364059	0.4911191	2.050436
1644	-430.7475	-585.5837	154.8362	1.428659	0.8114429	0.1684918	2.321487
1650	-434.4218	-589.3781	154.9563	1.726624	0.7109525	0.1572329	2.155887
1656	-441.7107	-596.9572	155.2465	1.562417	0.5356226	0.207996	2.13166
1662	-446.7418	-601.7397	154.9979	1.667434	0.5541615	0.4094699	1.896035
1668	-448.1773	-605.3238	157.1465	1.646449	0.2993505	0.1554549	1.129591
1674	-440.1075	-597.3193	157.2117	1.884063	0.2572998	0.0957552	1.156033
1680	-445.6052	-602.8937	157.2885	1.953044	0.2572998	0.0957552	1.021072
1686	-445.7692	-601.581	155.8117	1.909518	0.8480869	0.3197103	0.8889352
1692	-445.2595	-601.6979	156.4384	1.912051	0.344182	0.3197103	1.029007
1698	-443.2406	-600.0918	156.8512	2.136236	0.3294929	0.1886592	0.7166764
1704	-436.507	-592.733	156.226	2.117146	0.3294929	0.4868164	0.6802112
1710	-428.4972	-584.7515	156.2543	1.952632	0.3294929	0.4868164	0.8731823
1716	-428.2471	-584.2734	156.0263	2.228535	0.8458277	0.1871191	0.6025607
1722	-435.4216	-591.3824	155.9608	2.282161	0.8458277	0.1871191	0.6336128
1728	-431.2309	-588.3511	157.1202	1.88292	0.4764961	0.09631907	0.772002
1734	-442.1177	-599.9935	157.8758	1.871164	0.2260455	0.03742559	0.8679366
1740	-440.0307	-596.9557	156.925	1.861923	0.3048746	0.1325521	1.195627
1746	-445.5223	-602.6516	157.1293	2.200011	0.2427946	0.1600406	0.6395231
1752	-446.5449	-603.618	157.0731	2.134809	0.2427946	0.1478417	0.8821128
1758	-448.6947	-605.9609	157.2662	2.215953	0.2029135	0.07042276	1.044805
1764	-438.7476	-596.456	157.7085	1.832866	0.1759903	0.07042276	1.067484
1770	-428.125	-585.8158	157.6908	1.683873	0.2685271	0.07042276	0.9746829
1776	-421.4279	-577.8779	156.45	1.922441	0.6287184	0.1542004	0.9746829
1782	-437.6099	-594.8891	157.2793	1.802407	0.359201	0.1049129	0.9030332
1788	-444.9359	-601.8669	156.931	1.929409	0.359201	0.08700448	1.190451
1794	-446.6952	-602.5265	155.8313	1.656833	1.317476	0.08700448	1.350771
1800	-449.3875	-605.4003	156.0127	1.740708	1.317476	0.1224808	0.9875937
1806	-438.2956	-593.4908	155.1951	2.215824	1.317476	0.2451301	0.9383938
1812	-437.0775	-592.5517	155.4742	1.902057	1.261685	0.2768252	0.9383938
1818	-433.5879	-588.8048	155.2169	1.89077	2.967539	0.06366009	0.9383938
1824	-421.8456	-577.8865	156.0409	1.92971	1.587475	0.06366009	0.8014296
1830	-434.3599	-589.7981	155.4381	1.92971	2.499564	0.06366009	0.8880545
1836	-426.0905	-581.8463	155.7558	1.92971	1.760339	0.1168759	0.7010708
1842	-431.1728	-587.4737	156.3009	1.920676	0.8870752	0.1759589	0.6573534
1848	-439.8568	-596.7122	156.8554	2.360018	0.5552877	0.04613614	0.4414779
1854	-432.1935	-588.4891	156.2956	2.264383	0.8941279	0.08932746	0.6097329
1860	-418.0568	-575.1863	157.1295	2.028969	0.451064	0.08932746	0.6306735
1866	-431.9478	-588.5516	156.6037	2.294179	0.4033162	0.1881289	0.586132
1872	-439.6485	-595.8189	156.1704	2.287529	0.5275353	0.2739776	0.491211
1878	-444.5259	-600.7598	156.2339	2.220024	0.7199455	0.1769386	0.4639872
1884	-446.8045	-602.8795	156.075	2.378654	0.7199455	0.1769386	0.5394182
1890	-438.0024	-593.2556	155.2532	2.436504	1.915259	0.1027199	0.4054448
1896	-437.7101	-594.4214	156.7113	2.328594	0.4638431	0.1192926	0.4899261
1902	-434.1925	-590.3132	156.1207	2.343872	0.5474158	0.2450569	0.3771986
1908	-437.2851	-593.3906	156.1055	2.368107	0.5474158	0.2493765	0.5941794
1914	-435.7674	-591.3538	155.5864	2.184549	1.671924	0.09950055	0.7704482
1920	-439.8745	-595.6809	155.8064	1.906846	1.493388	0.1555474	0.7244754
1926	-441.3886	-596.0897	154.7011	1.802212	4.879647	0.07216884	0.8221702
1932	-441.9525	-596.8694	154.9169	2.0616	3.853937	0.04125361	0.8221702
1938	-445.0671	-599.2209	154.1538	2.405287	6.039618	0.0273907	0.4647212
1944	-444.7707	-600.387	155.6163	2.19934	1.061202	0.2674946	0.5755105
1950	-447.7764	-604.0155	156.2392	2.277435	0.6924166	0.1693443	0.5112487
1956	-437.377	-593.365	155.9881	2.263367	0.8368903	0.1975326	0.5112487
1962	-439.1171	-594.8112	155.694	2.045439	0.7540153	0.41447	0.7599262
1968	-435.0613	-590.8567	155.7954	1.992488	0.7154445	0.41447	0.7599262
1974	-438.0795	-594.1651	156.0856	2.301481	0.7906488	0.1637803	0.6216489
1980	-437.4822	-594.0842	156.602	2.376417	0.4091664	0.1637803	0.5007485
1986	-447.5018	-603.8115	156.3097	2.138126	0.6622945	0.1784121	0.7271819
1992	-445.4506	-601.3615	155.9109	2.606891	0.6622945	0.1784121	0.4330714
1998	-438.2999	-593.614	155.3141	2.304128	1.044847	0.3545981	0.6192605
2004	-436.352	-591.4849	155.1329	2.277356	1.31064	0.3299088	0.6748328
2010	-439.6609	-595.7015	156.0405	1.955654	0.7186312	0.3299088	0.6943172
2016	-443.1955	-599.6726	156.4772	2.224905	0.7186312	0.1039506	0.6135678
2022	-432.0733	-588.0955	156.0222	2.168853	1.346638	0.08106798	0.5666173
2028	-433.7788	-589.5681	155.7892	2.140255	1.346638	0.1329045	0.68535
2034	-438.6429	-595.1599	156.517	2.140255	0.5331061	0.1795768	0.68535
2040	-435.2695	-592.5413	157.2718	1.953031	0.1865322	0.1917837	0.8825943
2046	-437.3063	-594.9785	157.6722	1.905082	0.2159082	0.0943674	0.7731693
2052	-432.647	-590.1588	157.5118	1.858854	0.289028	0.09809553	0.7731693
2058	-423.4616	-579.3587	155.897	2.058146	1.514837	0.09344056	0.6947113
2064	-421.2271	-576.9618	155.7347	2.062086	1.513049	0.141578	0.6312341
2070	-443.4927	-599.307	155.8143	2.307988	1.042175	0.06694359	1.099236
2076	-435.5624	-592.9265	157.3641	2.213442	0.27996	0.06694359	0.7068284
2082	-424.4387	-581.8505	157.4118	2.014227	0.27996	0.06694359	0.9076401
2088	-433.917	-591.489	157.5721	1.729522	0.27996	0.07564843	0.9951415
2094	-432.1542	-589.3846	157.2305	2.242166	0.27996	0.08938274	0.7082567
2100	-437.6353	-594.6544	157.0191	2.38173	0.27996	0.1213113	0.563298
2106	-435.023	-590.9592	155.9362	2.38173	0.7572133	0.1984218	0.3954824
2112	-443.9347	-599.4342	155.4995	2.244859	1.661079	0.1276213	0.3883323
2118	-446.2295	-601.536	155.3065	2.291034	0.9546496	0.3736254	0.7528578
2124	-439.4964	-595.4889	155.9925	2.321896	0.4570213	0.3736254	0.6547693
2130	-433.314	-589.0525	155.7385	2.344127	1.124005	0.1545036	0.5913682
2136	-434.5753	-590.6141	156.0387	2.182517	0.9805045	0.1545036	0.5900017
2142	-445.7499	-602.1419	156.3919	2.126241	0.9028041	0.09871273	0.5836963
2148	-437.7963	-594.4543	156.6579	1.956657	0.4143	0.2231718	0.8540124
2154	-431.7231	-588.774	157.0509	1.975738	0.3507069	0.1598353	0.7304097
2160	-438.9561	-595.7448	156.7887	2.285076	0.3507069	0.05662118	1.145579
2166	-441.2183	-597.6484	156.4301	2.147394	0.3507069	0.05662118	1.542487
2172	-436.3766	-591.9891	155.6125	2.005385	1.39243	0.1480584	0.9685771
2178	-446.9164	-602.6269	155.7105	2.017289	1.314982	0.1929355	0.7283887
2184	-443.1746	-599.556	156.3813	2.017586	0.7813263	0.139411	0.7722547
2190	-435.2544	-592.073	156.8186	2.018578	0.6349873	0.09086023	0.6848109
2196	-424.1005	-580.6281	156.5277	1.943152	0.5847682	0.1409708	0.9867117
2202	-437.7622	-593.9069	156.1447	1.884184	0.7131099	0.1409708	1.229168
2208	-440.9013	-596.392	155.4906	1.716567	1.055341	0.2971611	1.223823
2214	-449.9857	-606.3237	156.338	1.663473	0.5132299	0.262577	1.18592
2220	-439.2901	-595.8586	156.5685	1.452634	0.5036256	0.1162493	1.546341
2226	-436.5974	-593.5321	156.9347	1.521619	0.3452893	0.08848284	1.52892
2232	-449.6253	-604.0084	154.3831	1.902598	0.529668	0.8675617	1.733272
2238	-444.61	-598.7952	154.1853	2.276003	0.8550591	1.208794	0.9754952
2244	-454.2691	-608.1173	153.8482	2.135278	2.485698	0.5799852	0.9876354
2250	-436.0432	-592.6827	156.6396	2.037369	0.612564	0.08035606	0.987414
2256	-432.6232	-589.8091	157.1859	1.657032	0.3363123	0.1446705	1.041273
2262	-422.576	-580.011	157.435	1.697742	0.3363123	0.05607984	1.122697
2268	-422.2404	-579.0815	156.841	1.767368	0.7383964	0.05607984	1.004515
2274	-428.4672	-585.059	156.5919	1.646687	0.4944612	0.172973	1.228497
2280	-432.8169	-589.2449	156.428	1.548929	0.5967127	0.1879744	1.2741
2286	-441.9239	-596.991	155.0671	1.567038	1.655255	0.0554957	1.897358
2292	-444.9803	-601.022	156.0417	1.284003	1.22839	0.1406477	1.367138
2298	-447.3178	-603.822	156.5042	1.683286	0.7127874	0.1406477	1.091079
2304	-435.2788	-591.0826	155.8038	1.606379	0.7127874	0.2477203	1.461674
2310	-437.6054	-593.3095	155.7041	1.736296	0.4969111	0.2477203	1.670237
2316	-443.3231	-599.2776	155.9545	1.513183	0.4969111	0.2833356	1.58581
2322	-443.4065	-600.8093	157.4028	1.996477	0.2736078	0.1191487	0.6395926
2328	-441.1478	-597.4821	156.3343	2.016412	0.6931617	0.1191487	1.037606
2334	-433.2224	-589.3766	156.1542	1.902214	0.7694997	0.157844	1.090912
2340	-446.6961	-602.1798	155.4837	2.159615	0.4083823	0.7678558	0.8768491
2346	-444.8956	-600.0805	155.1849	2.265449	1.041331	0.4295847	0.6735647
2352	-448.1304	-605.65	157.5196	2.107172	0.1976939	0.1098528	0.6735647
2358	-427.8498	-584.4954	156.6456	1.917478	0.6617287	0.1098528	0.8996633
2364	-427.0471	-583.4924	156.4452	1.951787	0.4602749	0.275278	0.8509807
2370	-434.0596	-590.8898	156.8302	1.795347	0.5347125	0.1526826	0.8554422
2376	-430.3426	-587.5047	157.1621	1.805466	0.4260117	0.1109022	0.8554422
2382	-433.0763	-589.9718	156.8954	2.20902	0.4260117	0.1201659	0.5042232
2388	-442.9922	-600.2183	157.2261	2.223789	0.3198227	0.08838921	0.536159
2394	-431.0082	-588.8062	157.7979	2.17504	0.1899588	0.04614263	0.6094874
2400	-423.2862	-581.2377	157.9515	1.840303	0.1899588	0.07474077	0.6966385
2406	-430.4118	-586.7343	156.3225	1.865919	0.5624218	0.1726519	1.179779
2412	-429.2889	-585.2014	155.9126	1.529946	0.7783045	0.1726519	1.540417
2418	-434.736	-590.0229	155.287	1.273931	0.6297729	0.1726519	2.27197
2424	-445.2141	-601.7022	156.4881	1.682233	0.3465086	0.1509639	1.556578
2430	-435.0869	-592.0131	156.9262	1.903398	0.4606132	0.04515667	1.224417
2436	-435.5629	-592.4774	156.9145	1.615936	0.4262764	0.08776675	1.35177
2442	-440.4926	-596.86	156.3673	1.613254	0.4262764	0.2083101	1.44355
2448	-438.5897	-595.0542	156.4646	1.518461	0.5428399	0.1269103	1.497017
2454	-427.4102	-583.6977	156.2875	1.9147	0.7415705	0.1269103	1.091029
2460	-419.7856	-575.5681	155.7825	2.04523	1.046238	0.1795952	0.9517604
2466	-425.853	-581.9089	156.0559	1.875505	0.6807495	0.1795952	1.236633
2472	-427.4948	-582.7873	155.2925	1.943363	1.737401	0.1795952	0.9997817
2478	-441.1707	-596.1236	154.9529	2.111028	1.405376	0.3365294	0.9997817
2484	-427.1585	-582.934	155.7755	1.73359	0.7497395	0.3365294	1.173511
2490	-431.6269	-587.8011	156.1742	2.027886	0.4654186	0.3365294	0.9030812
2496	-437.7753	-593.2994	155.5241	1.954113	0.5083669	0.5548003	1.153856
2502	-437.3752	-593.3901	156.0149	1.603742	0.9444779	0.1397833	1.349677
2508	-437.9583	-594.2047	156.2464	1.595477	0.6415613	0.1397833	1.457852
2514	-443.9358	-599.8251	155.8892	1.448054	0.8061689	0.169751	1.600242
2520	-435.6853	-591.3837	155.6984	1.614301	0.4331191	0.401539	1.594614
2526	-419.3951	-575.9452	156.5501	1.756371	0.511202	0.1783707	1.13051
2532	-449.4052	-605.4137	156.0086	1.573862	0.511202	0.1357328	1.797433
2538	-457.3748	-613.3079	155.9331	1.489937	0.511202	0.08802253	2.03619
2544	-450.1945	-605.9744	155.7799	2.066236	0.8901992	0.2662204	0.8354034
2550	-453.5692	-609.048	155.4788	2.290954	1.105338	0.2662204	0.411364
2556	-456.2129	-612.4323	156.2194	2.626869	0.4608136	0.1753738	0.4992908
2562	-434.0116	-590.6602	156.6486	2.596471	0.3824507	0.09899595	0.3885784
2568	-435.1652	-591.3099	156.1447	2.69852	0.3824507	0.2010769	0.3360921
2574	-443.7182	-600.3639	156.6457	2.599254	0.344043	0.1205545	0.405707
2580	-460.4785	-617.2559	156.7773	2.023649	0.5379165	0.06922669	1.027332
2586	-444.65	-600.922	156.272	2.012655	0.5294904	0.2598932	0.8926888
2592	-448.404	-604.2347	155.8307	2.032999	1.187391	0.1771033	0.760778
2598	-449.0368	-604.6689	155.632	1.872329	1.069372	0.2678948	1.005947
2604	-439.762	-596.1704	156.4084	1.955831	0.4915899	0.2678948	0.847985
2610	-431.7654	-588.2802	156.5147	1.970395	0.4915899	0.206628	0.9003317
2616	-431.7875	-587.6099	155.8224	1.806458	1.181512	0.206628	0.9429116
2622	-444.5643	-600.8415	156.2772	2.268215	0.8374356	0.109062	0.5906004
2628	-446.5605	-603.3571	156.7965	2.342806	0.3329067	0.1589064	0.5755419
2634	-443.7353	-598.8856	155.1503	2.37609	0.9025965	0.4757476	0.6400603
2640	-450.2652	-606.2157	155.9505	2.412711	0.5752413	0.2826016	0.5103046
2646	-441.1881	-597.6438	156.4556	2.535918	0.6133218	0.07418624	0.4416539
2652	-444.9003	-600.7644	155.8641	2.214015	0.7191999	0.2627485	0.807616
2658	-433.5203	-588.9028	155.3825	2.037399	1.317211	0.3060636	0.7406824
2664	-446.6237	-601.7772	155.1535	2.173364	0.9105946	0.4937907	0.8787792
2670	-449.6974	-604.8019	155.1045	2.384502	0.750694	0.5664409	0.7580817
2676	-435.9659	-591.9052	155.9393	2.385744	0.750694	0.2048006	0.5630643
2682	-428.6459	-584.3429	155.6969	2.379443	0.750694	0.3018295	0.4613079
2688	-436.7746	-592.7784	156.0038	2.339422	0.9354266	0.1311746	0.4003252
2694	-434.9145	-589.7612	154.8466	2.923799	0.9354266	0.312176	0.3304362
2700	-442.985	-596.937	153.9521	2.339731	1.92839	0.7257391	0.7429379
2706	-447.9173	-601.1773	153.26	2.862196	1.92839	0.9518563	0.5196332
2712	-434.3009	-589.319	155.018	2.590583	1.041555	0.3675981	0.4307415
2718	-444.7329	-599.6363	154.9033	2.759804	1.041555	0.3342366	0.3939888
2724	-447.9425	-602.4528	154.5102	2.571339	1.79678	0.3342366	0.406924
2730	-442.9876	-597.9334	154.9458	2.468707	1.337707	0.3342366	0.4201955
2736	-430.8809	-587.2448	156.3639	2.47122	0.5741338	0.1169871	0.3775234
2742	-436.053	-591.8864	155.8333	2.661345	0.4651977	0.2958913	0.4200519
2748	-432.549	-588.5259	155.9769	2.522772	0.4651977	0.2958913	0.4346578
2754	-436.0073	-591.5507	155.5434	2.522772	0.9024454	0.2250443	0.382139
2760	-438.405	-594.0255	155.6205	2.856927	0.350698	0.3669787	0.3128989
2766	-432.6502	-587.8725	155.2223	2.401235	0.7704615	0.5266206	0.4616866
2772	-439.6093	-596.4984	156.8891	2.26045	0.354795	0.1446698	0.4616866
2778	-432.0205	-587.8363	155.8158	2.26045	0.7962096	0.2737007	0.5933758
2784	-426.3357	-583.4238	157.0881	1.953106	0.3883084	0.1463745	0.6495895
2790	-436.4568	-592.9029	156.4461	2.249539	0.4117197	0.2101137	0.8050104
2796	-440.2345	-597.2702	157.0356	2.346403	0.4947949	0.03302173	0.5200878
2802	-442.1609	-597.74	155.5791	2.176804	2.42419	0.02400591	0.6464449
2808	-438.8198	-593.3801	154.5603	1.88522	5.414687	0.02400591	0.9770171
2814	-449.445	-604.6587	155.2136	1.500571	2.265181	0.02572831	1.684692
2820	-442.1387	-597.5033	155.3645	2.257645	2.429714	0.0325459	0.8063028
2826	-444.4499	-600.5903	156.1404	2.227757	0.8066796	0.1586462	0.6609579
2832	-439.3989	-595.8262	156.4272	2.227757	0.8066796	0.08321596	0.679383
2838	-443.3811	-599.9988	156.6177	2.060227	0.8066796	0.08321596	0.6309986
2844	-453.6761	-609.5385	155.8624	2.122308	0.8066796	0.253995	0.8190468
2850	-447.7693	-603.6648	155.8955	1.681337	0.8804802	0.07871875	1.622013
2856	-443.6693	-599.9062	156.2369	1.849293	0.8804802	0.07474404	1.243897
2862	-437.942	-594.1981	156.2561	2.076333	0.8066796	0.1371919	0.8314075
2868	-428.1808	-584.446	156.2652	2.141275	0.7472747	0.1371919	0.8283999
2874	-439.0695	-595.335	156.2654	1.955597	0.7472747	0.1609268	0.9454606
2880	-456.7842	-612.982	156.1978	2.152578	0.6626052	0.2341758	0.5845003
2886	-438.0417	-594.3586	156.3169	1.935609	0.6626052	0.2341758	0.7734822
2892	-441.0908	-597.5086	156.4179	1.830777	0.5042411	0.2341758	1.042529
2898	-441.1165	-597.0968	155.9803	1.872493	0.7887317	0.2341758	1.042529
2904	-430.406	-586.1558	155.7498	1.855889	0.7887317	0.4186678	0.8687958
2910	-447.6387	-602.8509	155.2122	1.882859	0.9882319	0.4074113	1.177456
2916	-447.5258	-602.2515	154.7257	1.853715	0.9466185	0.8638399	1.092413
2922	-446.3123	-601.0531	154.7408	2.145172	0.7327492	0.8638399	1.033681
2928	-438.8651	-594.5129	155.6478	2.176651	0.7327492	0.3703947	0.7984544
2934	-442.9094	-598.4645	155.5551	2.185246	0.7327492	0.3703947	0.9008382
2940	-441.3488	-597.4136	156.0648	2.027844	0.7327492	0.172948	1.052391
2946	-431.2337	-587.2389	156.0051	2.242371	0.7327492	0.2342195	0.6178255
2952	-444.845	-600.3992	155.5543	2.168837	1.60589	0.1458559	0.6111725
2958	-436.8583	-593.3003	156.4421	1.851488	0.6180868	0.1651363	1.031391
2964	-445.6529	-601.0752	155.4223	2.603925	1.383103	0.1051088	0.3727211
2970	-455.4056	-608.6657	153.2601	1.291037	8.580523	0.08678927	1.719503
2976	-452.0074	-606.5996	154.5922	1.441534	4.110657	0.09072221	1.397661
2982	-442.3856	-599.1493	156.7637	1.626637	0.9860906	0.05473529	0.950265
2988	-442.4391	-597.8225	155.3834	1.648179	2.081935	0.1030604	1.246385
2994	-442.5759	-598.1843	155.6083	1.992487	2.081935	0.09894728	0.6267202
3000	-445.7261	-600.6895	154.9634	2.231276	2.081935	0.2071539	0.682537
3006	-436.8877	-593.0358	156.1481	2.047471	0.678386	0.2071539	0.9116199
3012	-448.7452	-603.6648	154.9196	2.047471	1.382425	0.4370269	0.9116199
3018	-444.106	-599.1774	155.0714	2.047471	1.320411	0.4370269	0.7867827
3024	-451.0031	-606.563	155.5599	2.196795	0.6792188	0.4370269	0.8105898
3030	-458.0663	-613.9973	155.931	1.951707	1.319023	0.1267408	0.8229304
3036	-449.3789	-605.9098	156.5309	1.951707	0.5156197	0.1267408	1.127411
3042	-449.8777	-606.4588	156.5811	1.877358	0.6618208	0.1267408	0.9411921
3048	-447.7317	-604.1409	156.4091	2.049435	0.6618208	0.1267408	0.9410499
3054	-433.3527	-590.2922	156.9396	2.051746	0.3336422	0.1699845	0.7862328
3060	-442.9419	-600.1497	157.2078	1.792898	0.2300979	0.1699845	1.054477
3066	-428.3478	-585.5029	157.1551	2.033561	0.361326	0.103316	0.7727779
3072	-442.4099	-598.9468	156.5368	2.446126	0.3739647	0.1754337	0.623003
3078	-445.3714	-601.8114	156.44	2.194382	0.5700428	0.1754337	0.6432047
3084	-438.39	-595.3923	157.0023	1.853062	0.4072747	0.112201	1.009011
3090	-430.321	-586.1411	155.82	1.864225	1.034055	0.2195323	0.9886261
3096	-446.5406	-602.0529	155.5123	1.727462	1.014377	0.3715054	1.087575
3102	-447.2838	-604.1634	156.8796	1.625239	0.2440421	0.1545667	1.478468
3108	-436.9982	-594.3126	157.3144	1.635336	0.2440421	0.1124532	1.250929
3114	-430.8271	-587.1849	156.3577	1.681219	0.4892204	0.1124532	1.562056
3120	-428.1923	-583.9308	155.7385	2.061954	1.623076	0.05369813	1.018749
3126	-424.5048	-580.3782	155.8734	2.120389	1.623076	0.07719482	0.6022271
3132	-449.2559	-605.3789	156.123	2.255169	0.4319007	0.3742822	0.6063151
3138	-445.9338	-601.194	155.2602	2.390438	0.9460849	0.3742822	0.6770045
3144	-433.8918	-590.3964	156.5047	2.596796	0.3309454	0.1618224	0.367799
3150	-434.4173	-590.7726	156.3553	2.656211	0.2928456	0.2218478	0.3791361
3156	-430.9582	-586.1207	155.1625	2.69263	0.8716255	0.3194611	0.3676338
3162	-432.2274	-588.2952	156.0679	2.616314	0.5959467	0.1542418	0.4135034
3168	-434.0388	-590.8504	156.8115	2.481218	0.2715672	0.1542418	0.4173189
3174	-445.058	-602.0506	156.9927	2.395134	0.3288442	0.09826187	0.4727721
3180	-436.3026	-593.6907	157.388	2.152108	0.3142351	0.07201952	0.508911
3186	-438.2351	-594.9015	156.6663	2.055135	0.6707441	0.110099	0.6558188
3192	-434.1379	-589.6686	155.5307	2.222262	0.8419495	0.3920128	0.6246047
3198	-434.7843	-590.6084	155.8241	2.222262	0.5869673	0.3920128	0.6979202
3204	-423.8318	-580.2693	156.4375	2.267637	0.6265276	0.1240219	0.6979202
3210	-427.0984	-583.6527	156.5543	2.175264	0.6265276	0.1240219	0.6504765
3216	-434.045	-591.1852	157.1402	2.05567	0.3726497	0.1018812	0.7367976
3222	-438.7828	-594.9934	156.2106	2.376269	0.9392315	0.07691363	0.5360628
3228	-432.002	-588.0211	156.0191	2.372604	1.134875	0.07691363	0.4432649
3234	-431.8043	-588.6323	156.828	2.372604	0.4719324	0.07691363	0.4432649
3240	-431.125	-587.6809	156.556	2.466113	0.4719324	0.1152321	0.4064174
3246	-438.797	-595.4215	156.6245	2.405282	0.4719324	0.1139332	0.4120628
3252	-426.1502	-582.8645	156.7143	2.391284	0.4352085	0.1139332	0.5601385
3258	-441.4693	-598.4857	157.0164	2.525215	0.2669456	0.09125751	0.3998609
3264	-456.2901	-612.3173	156.0272	2.405696	0.8647001	0.1276411	0.3998609
3270	-449.2046	-605.0828	155.8781	2.102927	1.28383	0.1380207	0.6463526
3276	-447.1614	-602.7634	155.602	2.222114	1.487026	0.1380207	0.6421406
3282	-436.0092	-592.1744	156.1652	2.537309	0.4077227	0.2578272	0.4547208
3288	-438.0407	-593.6525	155.6118	2.345978	1.193515	0.1758096	0.5594118
3294	-433.4256	-588.8838	155.4583	2.189687	1.193515	0.2657861	0.6961676
3300	-434.7323	-592.2215	157.4893	1.93896	0.2937487	0.08839643	0.7338648
3306	-438.0107	-594.225	156.2143	2.156665	0.6049097	0.2301179	0.7338648
3312	-432.7894	-588.9626	156.1732	2.054539	0.6049097	0.2310227	0.9139456
3318	-425.2514	-581.6328	156.3814	2.301384	0.442855	0.2310227	0.6330561
3324	-424.0805	-579.8185	155.738	2.100848	0.9423659	0.2532728	0.8159924
3330	-430.7419	-586.4571	155.7152	2.13727	0.7331595	0.2532728	1.059402
3336	-438.1288	-594.2227	156.0939	1.859609	0.6163421	0.2723249	1.066013
3342	-436.1268	-592.3703	156.2434	1.61398	0.4788107	0.1828448	1.524386
3348	-433.3344	-590.4753	157.1409	1.92021	0.2410451	0.1905479	0.8946402
3354	-436.4614	-593.4969	157.0355	2.018723	0.2410451	0.1927942	0.8946402
3360	-439.9655	-595.6325	155.6671	2.348678	0.9369332	0.2418926	0.5213393
3366	-438.0513	-593.2181	155.1668	2.399786	1.43508	0.2418926	0.4398376
3372	-436.959	-591.9525	154.9935	2.569772	1.43508	0.2418926	0.4287806
3378	-436.1446	-591.1793	155.0347	2.251265	1.635443	0.2965523	0.5626388
3384	-425.1686	-580.4441	155.2755	2.069244	1.635443	0.2318529	0.7756573
3390	-435.211	-592.1654	156.9544	1.921445	0.3819545	0.1785469	0.7685745
3396	-443.1952	-599.7278	156.5326	1.860944	0.4053111	0.288249	0.9334763
3402	-442.0091	-597.9774	155.9684	2.546006	0.307201	0.4471943	0.4926158
3408	-433.1624	-589.2592	156.0968	2.382391	0.4138951	0.3377738	0.3902736
3414	-436.932	-592.7881	155.8561	2.476878	0.6252319	0.2584975	0.600181
3420	-437.87	-594.2429	156.3729	2.351172	0.5912548	0.1486982	0.5414086
3426	-428.1424	-584.0459	155.9035	2.351281	0.5912548	0.2991377	0.6664539
3432	-437.9216	-593.5539	155.6323	2.009278	0.6660444	0.5615667	0.701035
3438	-436.8626	-592.6741	155.8115	2.361638	0.7703781	0.2057761	0.8030849
3444	-447.819	-603.4776	155.6585	2.364318	0.7703781	0.2728356	0.7610948
3450	-431.6659	-588.0223	156.3564	2.236139	0.4682826	0.1776108	0.9236201
3456	-438.2547	-594.7041	156.4494	1.918083	0.3968654	0.2158943	1.155803
3462	-447.6343	-603.5479	155.9136	2.493669	0.5174198	0.3016118	0.4788555
3468	-440.8728	-596.9905	156.1176	2.278271	0.5174198	0.3016118	0.5825433
3474	-442.8038	-598.6479	155.8441	2.017787	1.108878	0.1770832	0.8561997
3480	-436.8653	-592.4115	155.5462	1.713824	1.108878	0.1770832	1.404643
3486	-429.0358	-585.4259	156.3901	1.944722	0.5271386	0.1770832	1.085029
3492	-447.443	-602.8935	155.4506	2.594167	0.7530362	0.3090342	0.4175196
3498	-443.2857	-599.7142	156.4285	2.346745	0.6146206	0.1235002	0.5783578
3504	-436.9873	-592.5315	155.5443	2.418992	0.6146206	0.4470168	0.5363499
3510	-439.9919	-595.0346	155.0427	2.624462	0.6146206	0.6225819	0.4058339
3516	-442.9782	-598.4636	155.4853	2.790382	0.639936	0.2143467	0.2599943
3522	-436.0549	-591.2096	155.1547	2.956301	0.7444111	0.2143467	0.2459091
3528	-431.9092	-587.3725	155.4634	3.030599	0.4731678	0.2143467	0.2406616
3534	-428.6563	-584.0769	155.4206	2.845951	0.6699152	0.2400079	0.334441
3540	-420.7725	-575.8786	155.1061	2.615117	1.450604	0.1662919	0.3399217
3546	-429.0901	-584.6669	155.5767	2.757154	0.880666	0.1423435	0.3579136
3552	-441.3249	-597.1673	155.8425	2.685298	0.43411	0.2846488	0.3424909
3558	-430.876	-586.1971	155.3211	2.808124	0.6556371	0.2827947	0.2941883
3564	-432.3341	-587.8756	155.5415	2.765012	0.6047171	0.2437167	0.2991254
3570	-433.5074	-589.021	155.5136	3.130242	0.5774549	0.06642255	0.1635374
3576	-438.3218	-593.6179	155.2961	3.259977	0.5774549	0.08174899	0.1598356
3582	-440.1251	-596.0292	155.9042	3.313203	0.201436	0.08658735	0.1411834
3588	-452.8961	-609.2754	156.3793	3.151264	0.1609216	0.05351319	0.1466322
3594	-447.7064	-605.1123	157.4058	2.753981	0.08120464	0.0631647	0.2701473
3600	-441.9231	-599.398	157.4749	2.753981	0.08120464	0.03107743	0.2270623
3606	-443.578	-601.2889	157.7109	2.577483	0.07201498	0.03673125	0.2459789
3612	-444.3905	-599.2141	154.8236	2.47455	0.5326831	1.040441	0.6247041
3618	-444.8186	-599.0793	154.2607	2.304367	0.9368015	1.040441	0.9353165
3624	-451.0822	-607.0009	155.9187	2.180124	0.8306232	0.2096287	0.792284
3630	-453.0294	-609.2747	156.2453	2.392778	0.4185418	0.270052	0.5995219
3636	-448.4427	-603.9858	155.5431	2.575017	0.5930581	0.37989	0.4492716
3642	-431.2279	-587.1596	155.9317	2.179163	0.5930581	0.37989	0.5843592
3648	-437.1532	-593.5464	156.3932	2.292812	0.7094755	0.1121077	0.5972249
3654	-437.9386	-592.9599	155.0213	2.492437	0.7276037	0.6377772	0.5173995
3660	-437.5162	-591.0413	153.5251	2.611016	1.267835	1.450962	0.5900506
3666	-433.7342	-587.3711	153.6369	2.611016	1.053576	1.450962	0.749963
3672	-431.9097	-585.0888	153.179	2.735892	0.7645058	2.354851	0.8638984
3678	-435.2276	-588.3585	153.131	2.907273	0.7645058	2.240027	0.7837485
3684	-434.7075	-587.9457	153.2382	3.146391	0.5879237	2.240027	0.5660714
3690	-439.3275	-593.8126	154.4852	2.614431	0.7186598	0.8461743	0.8449251
3696	-443.1933	-597.9738	154.7805	2.687062	0.318138	1.305213	0.6152464
3702	-452.4855	-606.7804	154.2949	2.597822	0.6461826	1.312879	0.6153522
3708	-449.1176	-603.5196	154.402	2.602191	0.5616997	1.312879	0.6420524
3714	-447.658	-601.8015	154.1435	2.626619	0.8343084	1.154554	0.6656199
3720	-457.3843	-610.7365	153.3522	2.694098	0.9999768	1.67558	0.8731877
3726	-451.791	-605.4502	153.6592	2.694098	0.7199905	1.67558	0.8824769
3732	-443.4767	-596.7846	153.3079	2.694098	1.132797	1.67558	0.767421
3738	-443.0184	-596.5526	153.5342	2.507706	0.8930734	1.67558	0.9977913
3744	-441.3188	-595.2639	153.9451	2.47325	0.565227	1.67558	1.038946
3750	-451.5886	-604.1166	152.528	2.182016	0.8431513	2.12511	1.86708
3756	-442.0389	-595.4215	153.3826	2.060101	0.6837904	2.12511	1.483195
3762	-443.6867	-597.0276	153.3409	2.016607	0.8726329	1.965416	1.444547
3768	-434.7202	-587.9666	153.2464	2.205346	0.6302239	1.965416	1.598713
3774	-462.2068	-616.4561	154.2493	1.897953	0.454173	1.445633	1.54602
3780	-460.162	-614.7443	154.5822	2.04561	0.3306575	1.315767	1.443248
3786	-454.6999	-608.2561	153.5562	2.33404	0.8530486	1.290644	1.412773
3792	-446.4868	-599.9779	153.4911	2.115893	0.4646631	1.73914	1.772126
3798	-446.795	-602.9035	156.1086	1.840557	0.4646631	0.2723183	1.278131
3804	-437.7652	-593.493	155.7279	2.245348	0.7526861	0.3177563	0.7068477
3810	-437.695	-593.3178	155.6228	1.89446	1.751796	0.1215084	0.908455
3816	-446.3147	-601.7903	155.4756	1.608373	1.751796	0.1799178	1.133124
3822	-434.7835	-590.2507	155.4672	1.622501	1.383788	0.1348008	1.467874
3828	-436.9494	-592.2924	155.343	1.72121	1.383788	0.2768013	1.144204
3834	-441.0075	-596.4689	155.4614	1.935717	1.383788	0.2768013	0.7968469
3840	-438.884	-594.7392	155.8551	2.08213	1.383788	0.1249326	0.672201
3846	-448.4233	-604.0098	155.5865	2.200348	1.811554	0.09669472	0.5862711
3852	-436.5833	-591.7853	155.202	2.102149	1.447697	0.314688	0.7312343
3858	-436.1799	-591.2962	155.1163	1.746852	1.447697	0.2755649	1.27632
3864	-443.0775	-599.6486	156.5711	1.736252	0.6746	0.1419695	1.020185
3870	-432.4544	-588.9996	156.5452	1.673115	0.7554216	0.1419695	1.005816
3876	-446.4381	-602.5934	156.1553	1.433765	1.072568	0.1419695	1.264012
3882	-435.1102	-591.6048	156.4945	1.773421	0.6966733	0.1082658	1.14995
3888	-430.3463	-586.8716	156.5254	1.833138	0.6966733	0.1361772	0.96038
3894	-429.3608	-585.5575	156.1967	1.632781	0.6966733	0.1934937	1.267997
3900	-443.2064	-599.7616	156.5552	1.725951	0.4652021	0.2442691	1.048585
3906	-441.5347	-597.8944	156.3597	1.921442	0.4652021	0.2442691	1.048585
3912	-428.0703	-584.5539	156.4836	1.698839	0.5292848	0.2442691	1.041201
3918	-428.2138	-583.9581	155.7443	1.802885	1.027134	0.1931278	1.193402
3924	-431.9507	-587.3145	155.3639	2.07364	1.027134	0.3515246	0.9186537
3930	-435.3138	-590.4982	155.1843	2.148127	1.701063	0.2562331	0.593042
3936	-431.3789	-586.7667	155.3879	2.275453	0.828025	0.4487966	0.623855
3942	-435.2661	-591.1466	155.8805	1.568167	0.7610842	0.1998268	1.488222
3948	-430.9229	-586.8926	155.9697	1.989059	0.7610842	0.1998268	1.066649
3954	-426.5405	-582.4309	155.8905	2.344412	0.828025	0.205602	0.5394375
3960	-439.6278	-595.7843	156.1565	2.470555	0.6371789	0.1585838	0.4867101
3966	-440.5354	-597.0596	156.5243	2.58476	0.3962546	0.1311682	0.4338469
3972	-436.687	-591.568	154.881	2.58476	2.12126	0.1311682	0.427789
3978	-436.2662	-591.2098	154.9437	2.387666	2.12126	0.1729572	0.4875823
3984	-436.9052	-592.2564	155.3511	2.347599	1.401965	0.1729572	0.7631796
3990	-439.466	-594.8028	155.3368	2.264929	1.401965	0.1729572	0.8866766
3996	-442.2309	-598.3425	156.1116	2.027075	0.8973679	0.1687495	0.8082587
4002	-438.2134	-594.1017	155.8883	2.04962	0.8973679	0.2042894	0.9157855
4008	-438.5956	-594.1011	155.5055	1.834035	0.9309738	0.3416719	1.130896
4014	-438.1444	-593.9629	155.8185	2.017898	1.080682	0.2015774	0.826887
4020	-443.6724	-600.713	157.0406	1.993778	0.3946779	0.1316676	0.7360465
4026	-432.9953	-589.0066	156.0113	2.18786	1.065113	0.1255776	0.691031
4032	-451.3454	-607.2324	155.8869	2.182932	0.6343051	0.348856	0.691031
4038	-435.3012	-591.6125	156.3112	1.979121	0.6343051	0.2083782	0.8680251
4044	-435.8261	-592.0129	156.1868	1.816416	0.6942184	0.2299862	1.02225
4050	-455.699	-611.1349	155.4359	2.185947	0.5398911	0.5404945	0.9926801
4056	-442.29	-597.5232	155.2331	2.275052	0.5398911	0.6166036	0.9926801
4062	-439.0512	-594.0863	155.035	2.317869	1.08894	0.4505068	0.699859
4068	-437.2029	-593.326	156.1231	2.102738	0.6025651	0.2987441	0.6917139
4074	-431.1161	-587.4969	156.3809	2.067408	0.6025651	0.2127878	0.6917139
4080	-448.4638	-603.92	155.4562	2.321833	1.492469	0.1593578	0.4777093
4086	-444.3962	-600.1758	155.7796	2.191774	1.775811	0.06387464	0.4647885
4092	-434.7174	-590.2156	155.4983	2.209816	2.055859	0.08409331	0.4856143
4098	-431.2608	-586.9491	155.6883	2.190888	1.11148	0.2291032	0.4856143
4104	-436.3724	-592.593	156.2206	2.129424	1.11148	0.08524783	0.6368659
4110	-450.945	-606.2164	155.2714	2.225638	2.457538	0.04640569	0.861852
4116	-447.8608	-603.2763	155.4155	2.061669	2.70782	0.04640569	0.7261533
4122	-451.9369	-608.4568	156.5199	2.041332	0.8251154	0.04910736	0.9823258
4128	-444.1756	-599.7184	155.5428	2.160932	2.35227	0.04983233	0.5689965
4134	-444.3991	-599.8348	155.4357	2.19268	2.336053	0.04983233	0.7469286
4140	-445.8249	-601.6973	155.8724	2.01772	2.009138	0.04140751	0.6803268
4146	-448.9087	-605.1913	156.2826	1.948909	0.7725277	0.1943453	0.7660546
4152	-437.69	-593.6434	155.9534	2.242211	0.7725277	0.2136477	0.7343696
4158	-436.9438	-592.7121	155.7683	2.156494	0.5935809	0.4459637	0.7166502
4164	-425.2389	-580.9688	155.7298	2.217402	0.8139279	0.3257787	0.5338206
4170	-434.0831	-590.1629	156.0798	2.216038	0.5426333	0.3257787	0.5997578
4176	-434.5598	-590.3022	155.7424	2.149564	1.406014	0.1298541	0.6897563
4182	-428.229	-584.9084	156.6794	2.119036	0.4602866	0.1850335	0.6013026
4188	-424.7085	-580.4599	155.7515	2.351168	0.4602866	0.5026951	0.5786142
4194	-440.0487	-596.1233	156.0747	2.404922	0.8853036	0.101747	0.6889942
4200	-445.0751	-600.13	155.0549	2.325657	1.651258	0.2562083	0.4787292
4206	-439.5843	-595.3165	155.7323	1.814689	1.651258	0.0803945	1.117811
4212	-433.2097	-588.3788	155.1691	1.869142	2.841944	0.1361101	0.6983873
4218	-431.7115	-587.8405	156.129	1.950041	0.8901667	0.1807654	0.8445785
4224	-431.9085	-587.9713	156.0628	1.819429	0.5264492	0.3078715	1.176299
4230	-428.5394	-584.6962	156.1568	1.81434	0.5264492	0.3078715	1.096862
4236	-434.2142	-590.5749	156.3608	1.751483	0.5264492	0.1865894	1.254351
4242	-429.603	-585.2638	155.6608	1.827171	1.071301	0.2481058	1.069015
4248	-432.0988	-587.9037	155.8049	1.827171	0.4839766	0.173543	1.702874
4254	-433.8281	-589.0527	155.2246	1.726254	2.091626	0.185817	1.048596
4260	-427.9533	-584.0386	156.0853	1.663435	1.273329	0.09195722	1.144982
4266	-435.1099	-590.5318	155.4218	1.351748	0.8293844	0.2355291	1.840792
4272	-446.2958	-600.0826	153.7868	1.525989	1.835256	0.3447455	2.084707
4278	-446.4137	-602.0962	155.6825	1.617444	0.6182761	0.330997	1.490939
4284	-443.5908	-599.0139	155.4231	1.60316	0.6401949	0.559708	1.358589
4290	-448.8445	-604.297	155.4524	1.803193	0.9958266	0.2795313	1.267353
4296	-437.8481	-593.8355	155.9874	1.73392	0.9958266	0.218656	0.9918241
4302	-443.2312	-598.1255	154.8943	1.570484	3.244308	0.1482165	1.110669
4308	-437.3301	-592.7048	155.3747	1.618023	2.246655	0.103144	1.202204
4314	-445.9556	-601.3279	155.3723	1.827106	2.246655	0.103144	1.013467
4320	-448.9327	-605.2389	156.3062	1.617492	1.265807	0.0857348	1.013467
4326	-451.4954	-607.1066	155.6112	1.628644	1.265807	0.2157073	1.214743
4332	-452.2938	-607.426	155.1323	1.832906	1.265807	0.3191475	1.226571
4338	-446.9722	-602.6121	155.6399	1.319589	1.069384	0.08948972	1.884943
4344	-447.9079	-603.3026	155.3947	1.224715	1.063309	0.08948972	2.115583
4350	-444.2969	-598.5397	154.2428	1.492688	3.098487	0.2863508	1.433197
4356	-435.9431	-592.196	156.2529	1.644877	1.157189	0.1134322	1.015553
4362	-440.1189	-595.8385	155.7196	1.748106	1.157189	0.2076237	1.117943
4368	-435.5563	-591.8021	156.2458	1.5093	0.6332312	0.08473205	1.693453
4374	-436.7027	-593.2659	156.5632	1.676897	0.4619997	0.1611944	1.305148
4380	-442.2131	-598.2204	156.0073	1.814909	0.875009	0.1611944	1.180879
4386	-436.4021	-592.4825	156.0804	2.010122	0.6916451	0.1949829	1.038895
4392	-442.2034	-597.9541	155.7507	1.951284	0.6916451	0.3499109	1.038895
4398	-437.5897	-593.5013	155.9116	1.976788	1.221909	0.08987459	1.065495
4404	-443.6665	-599.922	156.2555	1.697241	1.046778	0.09287169	1.140464
4410	-439.0714	-595.2469	156.1755	2.124633	1.046778	0.08855089	0.7973259
4416	-438.363	-594.3453	155.9823	1.99839	1.085867	0.1828339	0.6917374
4422	-442.1343	-597.3336	155.1994	1.945602	2.266032	0.1689389	0.7876416
4428	-440.4563	-595.4701	155.0138	1.794633	3.919397	0.07663384	0.7876416
4434	-450.4714	-606.2183	155.7469	1.851226	1.294633	0.1530151	1.048612
4440	-435.1979	-591.072	155.8741	2.044692	1.301067	0.1530151	0.6340589
4446	-442.7344	-598.8055	156.0712	2.024169	1.434493	0.05849671	0.8177287
4452	-433.4444	-589.4259	155.9815	1.820566	1.510093	0.09719576	0.8871714
4458	-431.7473	-587.1631	155.4157	2.141086	1.179659	0.2832825	0.788556
4464	-440.8928	-596.855	155.9622	1.850441	0.968672	0.1902199	1.011982
4470	-450.0598	-605.8333	155.7734	1.747656	1.361413	0.1677039	1.022946
4476	-445.3358	-600.9249	155.5891	1.827965	0.8644347	0.2358332	1.340046
4482	-462.3859	-618.3707	155.9849	1.729184	2.008947	0.04273515	0.9112611
4488	-461.1121	-616.4748	155.3627	2.148462	2.008947	0.08977263	0.8851474
4494	-452.4233	-607.5939	155.1705	1.812328	1.078986	0.3978071	1.213632
4500	-460.0496	-614.4747	154.4251	1.630441	3.099638	0.1315591	1.537528
4506	-460.4187	-615.4172	154.9984	1.495242	3.350304	0.04883448	1.406593
4512	-456.5296	-612.3014	155.7718	1.711106	2.353777	0.04883448	0.9239108
4518	-462.4409	-618.1198	155.6789	1.959263	1.968966	0.1008051	0.6711587
4524	-453.157	-608.135	154.978	2.310286	2.642932	0.1100166	0.5491066
4530	-448.9619	-603.3531	154.3912	2.0599	4.016183	0.1662645	0.7480385
4536	-461.3942	-615.3673	153.9731	2.199335	3.921268	0.2655745	0.7842596
4542	-437.9233	-592.741	154.8178	2.268303	1.673954	0.3740075	0.5839238
4548	-435.0732	-590.6146	155.5415	1.806145	1.673954	0.1229501	1.121686
4554	-443.9964	-598.9714	154.9749	1.706747	1.334736	0.148245	1.756893
4560	-438.8675	-594.8351	155.9676	1.558046	1.334736	0.09289138	1.288346
4566	-439.4698	-594.7559	155.2861	2.053412	1.272373	0.2584555	1.014133
4572	-442.6862	-599.1545	156.4683	2.039604	0.7080561	0.1291218	0.8002738
4578	-441.5022	-597.797	156.2948	1.876903	0.7110707	0.2021752	0.9069452
4584	-441.2751	-596.3051	155.03	1.962534	3.611746	0.04485092	0.8877561
4590	-430.9304	-585.9636	155.0332	1.736446	3.611746	0.04485092	1.111604
4596	-445.762	-600.6415	154.8795	1.693896	5.004262	0.05046649	0.8238767
4602	-445.5114	-601.0377	155.5263	2.018683	0.9620031	0.2602819	1.087224
4608	-448.564	-604.1289	155.5649	1.932382	0.9620031	0.2793879	1.087224
4614	-452.8574	-608.5602	155.7028	1.767777	1.042254	0.322531	0.9347613
4620	-438.0062	-594.7305	156.7243	2.032911	0.535919	0.09963057	0.9347613
4626	-432.8186	-589.67	156.8514	1.700208	0.535919	0.09963057	1.134344
4632	-437.3126	-593.4375	156.1249	1.973113	1.042612	0.0550014	1.173131
4638	-453.4382	-608.4895	155.0513	2.090373	1.787354	0.07824029	1.389154
4644	-438.1421	-594.6992	156.5572	2.030245	0.8190973	0.06935391	0.8508908
4650	-441.529	-598.8034	157.2744	1.923879	0.3564783	0.09298966	0.8320069
4656	-435.7997	-592.6092	156.8095	1.789613	0.6174348	0.1079635	0.9361854
4662	-441.2736	-598.0748	156.8011	1.892439	0.5624569	0.1079635	0.9215019
4668	-443.987	-600.8803	156.8933	1.853751	0.3076333	0.1987153	1.024965
4674	-452.5921	-609.8797	157.2876	1.654337	0.3076333	0.1169504	1.105961
4680	-449.7295	-607.0939	157.3643	1.784779	0.3076333	0.1169504	0.8985133
4686	-452.4882	-609.5682	157.0801	2.069035	0.3076333	0.1169504	0.8985133
4692	-449.8682	-605.9915	156.1233	2.254894	0.5500197	0.2302449	0.8366161
4698	-433.933	-590.9872	157.0542	1.975211	0.4157096	0.07276761	0.9917892
4704	-439.5396	-596.2012	156.6615	2.236297	0.5013126	0.1362368	0.589398
4710	-436.5056	-593.4793	156.9737	2.082336	0.358205	0.1626882	0.6256842
4716	-434.9353	-590.3253	155.39	2.421144	1.01299	0.2382456	0.8101733
4722	-425.2605	-581.4017	156.1412	2.334367	1.01299	0.08137735	0.6009054
4728	-434.5426	-591.2066	156.6639	2.195077	0.669063	0.08137735	0.6308113
4734	-438.9748	-595.9284	156.9536	2.418301	0.3700269	0.08137735	0.5531223
4740	-431.3673	-587.2653	155.898	2.575513	0.5385776	0.2592838	0.4565332
4746	-438.6935	-595.1499	156.4564	2.459703	0.460897	0.1543529	0.4936869
4752	-434.05	-590.59	156.54	2.476682	0.3857047	0.1543529	0.3727765
4758	-439.9128	-595.5714	155.6586	2.393784	0.855212	0.2607502	0.4574181
4764	-444.0278	-599.2514	155.2237	2.42956	0.4998183	0.7591658	0.6343739
4770	-438.118	-593.4888	155.3708	2.332583	0.9950912	0.2632061	0.8840478
4776	-438.255	-594.4444	156.1894	2.053372	0.8911159	0.1239862	0.8840478
4782	-431.8043	-587.9496	156.1453	1.984171	1.037893	0.1239862	0.8391825
4788	-436.2295	-592.551	156.3215	2.0714	1.037893	0.08327534	0.7070331
4794	-431.5695	-588.3287	156.7592	1.763686	0.6595288	0.1025888	0.9780459
4800	-424.3346	-581.2526	156.9179	1.751274	0.5422637	0.1025888	1.002589
4806	-437.7615	-593.9306	156.1691	1.729817	0.5422637	0.1468541	1.505768
4812	-430.4372	-585.8661	155.429	1.887134	1.563438	0.1468541	1.139179
4818	-445.8392	-601.5685	155.7293	1.647028	1.563438	0.1765752	0.9876245
4824	-428.1627	-584.5218	156.3591	1.995826	0.5936181	0.1934798	0.9114708
4830	-435.9941	-591.4839	155.4898	2.15349	1.911814	0.1017852	0.7160878
4836	-437.7413	-593.2979	155.5566	1.883556	1.911814	0.1419521	0.7860191
4842	-428.7002	-584.0821	155.3819	2.158027	1.911814	0.1419521	0.6064351
4848	-443.3381	-597.3898	154.0516	2.520102	1.498491	0.7873034	0.6064351
4854	-445.4571	-600.241	154.7839	2.569425	1.498491	0.3023911	0.3992612
4860	-440.4288	-595.3269	154.8981	2.622746	0.7443839	0.608243	0.4203054
4866	-433.332	-589.439	156.1071	2.309367	0.7443839	0.1695494	0.6405319
4872	-439.0616	-594.5169	155.4553	2.209584	0.7443839	0.3775847	0.9512745
4878	-434.7079	-589.6755	154.9676	2.350986	0.7697446	0.6847066	0.7274156
4884	-437.0332	-592.4346	155.4014	2.471386	0.4648012	0.6113984	0.7047649
4890	-442.9577	-599.9099	156.9523	2.208454	0.4648012	0.07540172	0.7047649
4896	-436.7464	-594.2061	157.4596	2.076304	0.3126893	0.05879434	0.7147772
4902	-437.0755	-594.0381	156.9626	2.183734	0.3126893	0.1732671	0.4827892
4908	-440.7184	-597.8601	157.1417	2.168953	0.3126893	0.118568	0.6359668
4914	-444.942	-601.6241	156.682	2.224766	0.668196	0.07296082	0.6117429
4920	-443.7284	-600.2402	156.5117	2.267267	0.668196	0.1024013	0.6012856
4926	-434.399	-590.8102	156.4112	2.125741	0.8681434	0.1024013	0.5954898
4932	-428.3011	-583.7839	155.4828	2.169351	1.136155	0.3109742	0.4897326
4938	-435.6645	-591.728	156.0636	2.29348	0.7795168	0.1775548	0.6172817
4944	-431.8697	-587.3426	155.4729	2.040666	1.755233	0.1775548	0.6172817
4950	-435.7932	-590.9665	155.1733	2.411956	1.68216	0.1775548	0.4862357
4956	-444.76	-601.1172	156.3572	2.10753	0.9567217	0.09146458	0.6560575
4962	-446.6967	-602.3392	155.6425	1.89838	1.556113	0.1131899	1.054088
4968	-441.3859	-597.8845	156.4986	1.676149	0.7397226	0.1131899	1.165997
4974	-440.4	-595.7826	155.3826	1.934386	3.092506	0.04911018	0.6895194
4980	-431.7334	-586.8159	155.0825	1.871957	3.092506	0.0889185	0.9194469
4986	-430.732	-585.6045	154.8726	1.949783	3.364538	0.04672875	1.139462
4992	-428.9673	-583.9564	154.9891	1.897117	2.98036	0.07532693	1.096057
4998	-445.3718	-599.6247	154.253	1.34783	3.389619	0.07532693	1.941763
5004	-441.4429	-596.9661	155.5232	1.848533	1.425277	0.07532693	1.417351
5010	-442.198	-598.3535	156.1555	1.749968	1.086066	0.08420975	1.182907
5016	-439.0849	-594.8749	155.79	1.734147	1.086066	0.1282024	1.34758
5022	-441.3648	-597.0688	155.704	1.821846	1.086066	0.1277513	1.34758
5028	-427.179	-582.9887	155.8097	1.923278	1.086066	0.1277513	1.175862
5034	-436.799	-590.8981	154.099	1.927898	1.226176	0.506523	1.696187
5040	-446.2543	-601.7151	155.4608	2.074788	0.9685711	0.3033132	0.9889678
5046	-439.4728	-595.1715	155.6986	2.341484	0.8081905	0.279879	0.613428
5052	-438.6571	-594.1783	155.5213	2.491423	0.8081905	0.279879	0.358306
5058	-441.2544	-596.6577	155.4033	2.193042	0.855846	0.3887024	0.8557939
5064	-429.6592	-585.9263	156.2671	2.154377	0.5284516	0.1936394	0.9465471
5070	-431.7339	-588.1688	156.4349	1.870495	0.5284516	0.2126863	1.007666
5076	-436.2004	-592.2028	156.0024	1.937296	0.4764574	0.2126863	1.396526
5082	-419.2702	-575.8447	156.5745	1.609548	0.6157497	0.1411391	1.208783
5088	-429.0178	-585.1774	156.1596	1.842172	0.7506939	0.1411391	1.21152
5094	-447.243	-602.8769	155.6339	1.387106	0.7495932	0.2545901	1.699477
5100	-439.2329	-594.2257	154.9928	1.696802	1.090271	0.3315913	1.542981
5106	-441.0167	-596.749	155.7323	1.532442	1.090271	0.2259412	1.299048
5112	-437.9729	-592.868	154.8951	1.60548	1.488701	0.1215005	1.868522
5118	-451.2824	-606.4166	155.1342	1.388145	1.488701	0.1856732	1.698333
5124	-440.5348	-594.8599	154.3251	1.260494	1.488701	0.1856732	2.323418
5130	-440.3488	-595.6815	155.3327	1.839003	1.488701	0.09910015	1.452685
5136	-443.731	-599.782	156.051	1.732053	1.488701	0.05069242	1.138617
5142	-430.776	-585.7383	154.9624	1.539252	3.697757	0.05069242	1.289725
5148	-450.4719	-604.6526	154.1808	1.376659	2.789398	0.04443841	2.234312
5154	-445.9717	-600.0702	154.0985	1.484819	1.913927	0.2727889	1.982499
5160	-434.6328	-589.5731	154.9403	1.479986	1.880997	0.1043261	1.789685
5166	-445.0173	-601.3668	156.3495	1.268432	0.4098811	0.06807938	2.086001
5172	-440.2065	-595.98	155.7735	1.541384	0.7330708	0.06202815	1.978901
5178	-442.8614	-598.4492	155.5877	1.698228	1.583637	0.09506713	1.323371
5184	-454.1974	-610.4921	156.2947	1.796475	0.8113681	0.04115225	1.434478
5190	-448.9564	-602.3379	153.3815	1.734328	8.396846	0.0266455	1.541637
5196	-441.8832	-596.973	155.0898	1.797332	3.255248	0.07457804	0.9897004
5202	-435.2771	-590.8373	155.5602	1.878945	2.178081	0.07457804	0.9357581
5208	-435.6108	-591.8583	156.2475	1.878945	1.459103	0.07004823	0.649768
5214	-440.2736	-596.6758	156.4022	2.029138	0.6892	0.158445	0.7948267
5220	-432.3685	-588.6559	156.2874	1.975885	0.8452945	0.158445	0.7636687
5226	-431.3213	-586.8676	155.5462	1.798589	1.452838	0.158445	1.149757
5232	-432.4118	-587.7845	155.3727	1.887639	2.878526	0.08351869	0.6537874
5238	-433.5094	-588.599	155.0896	1.998029	2.878526	0.1232918	0.6661299
5244	-438.987	-593.0471	154.0602	2.136803	2.878526	0.49283	0.6454173
5250	-438.0468	-592.5239	154.4771	2.110542	2.878526	0.2876997	0.678544
5256	-427.1518	-583.4838	156.332	2.09742	1.006662	0.08358486	0.6944137
5262	-436.8922	-593.2298	156.3377	2.089319	0.7247008	0.1255032	0.8902397
5268	-434.5101	-591.1249	156.6148	2.261193	0.4202299	0.1861876	0.5712504
5274	-428.6315	-585.1578	156.5263	2.355218	0.4202299	0.1861876	0.5445688
5280	-426.1211	-582.8893	156.7682	2.073345	0.4202299	0.1861876	0.6628686
5286	-428.6841	-585.4566	156.7724	1.999065	0.3518422	0.2491835	0.7101196
5292	-431.9565	-587.6329	155.6764	2.080621	1.745635	0.1163317	0.5484006
5298	-431.7686	-587.7074	155.9388	2.046923	1.299283	0.1410199	0.5645769
5304	-434.4712	-591.1055	156.6343	2.129118	0.3490606	0.246123	0.7452379
5310	-430.0992	-586.0476	155.9484	1.847416	1.034338	0.246123	0.7740459
5316	-433.5149	-589.3752	155.8603	1.929254	0.9070494	0.2825659	0.8328935
5322	-445.5802	-602.0091	156.4289	1.759597	0.9070494	0.1455261	0.8328935
5328	-434.3213	-589.9193	155.5979	1.992483	1.472	0.2027201	0.7049112
5334	-445.7277	-601.6815	155.9538	2.318133	1.472	0.04142095	0.3981968
5340	-435.8567	-591.4598	155.6031	2.318133	1.499492	0.1186169	0.5269859
5346	-436.2592	-591.3628	155.1036	2.666674	1.730389	0.08564867	0.2858063
5352	-430.0556	-584.8966	154.841	2.588043	2.424192	0.08564867	0.3309507
5358	-430.7536	-586.6262	155.8725	2.72957	0.9408883	0.05814524	0.3294598
5364	-437.6712	-593.431	155.7598	2.632078	0.8559813	0.1270999	0.3294598
5370	-437.0426	-593.4453	156.4027	2.573115	0.3894966	0.1617476	0.3615136
5376	-429.9128	-585.7143	155.8015	2.602322	0.8268011	0.1405409	0.3615136
5382	-437.1594	-591.8499	154.6905	2.658	1.246192	0.3442263	0.2836555
5388	-442.2364	-597.5103	155.2739	2.569273	0.8548452	0.3442263	0.4078142
5394	-442.5	-598.3641	155.8641	2.460301	0.8548452	0.1621605	0.4079359
5400	-434.2558	-590.2051	155.9492	1.944182	1.036329	0.2115986	0.7680037
5406	-427.2705	-584.1464	156.8759	1.970884	0.3473129	0.1366326	1.042911
5412	-431.4473	-588.6072	157.1599	1.695147	0.3940802	0.05498383	1.264569
5418	-431.4073	-588.0847	156.6774	1.573104	0.4862882	0.05498383	1.60153
5424	-445.0068	-600.1705	155.1638	1.378758	0.8518226	0.1886542	2.069992
5430	-436.8201	-592.1196	155.2995	1.761139	0.8518226	0.1497164	1.807068
5436	-453.8979	-607.8221	153.9241	1.852634	1.523032	0.5652688	1.641845
5442	-437.2911	-592.3887	155.0976	1.620699	0.5860168	0.5652688	1.641845
5448	-446.8407	-600.7953	153.9547	1.808261	0.5860168	1.029424	1.917762
5454	-455.7726	-607.0463	151.2738	1.815798	0.5860168	2.140485	3.090935
5460	-439.9074	-591.9887	152.0813	1.950075	1.050413	2.064786	2.196463
5466	-440.7396	-593.1068	152.3672	2.096773	1.059855	2.064786	1.90423
5472	-442.8795	-596.9295	154.05	1.83046	1.083143	0.7883998	1.612499
5478	-440.1501	-595.1647	155.0147	1.867898	0.4886998	0.7883998	1.410998
5484	-438.7928	-594.868	156.0751	1.9347	0.784387	0.091015	1.335784
5490	-441.7785	-597.3264	155.5479	1.781312	2.12309	0.08268946	1.039954
5496	-441.8096	-598.3586	156.549	1.40265	0.543242	0.1997538	1.331004
5502	-429.7914	-585.901	156.1095	1.613716	0.6314309	0.116165	1.622644
5508	-427.1959	-583.7132	156.5174	1.889297	0.6134177	0.1068835	1.132806
5514	-437.2893	-592.0432	154.7539	2.030326	1.729274	0.3496283	1.020853
5520	-431.1609	-587.2607	156.0998	2.057533	0.55295	0.3496283	0.7409896
5526	-437.9491	-594.0995	156.1504	2.17681	0.9035028	0.1044947	0.8609384
5532	-429.2318	-585.5227	156.2909	1.903866	0.5771418	0.2035296	1.067772
5538	-433.3029	-588.9392	155.6363	1.7623	1.234492	0.2273275	1.067772
5544	-429.1322	-585.4555	156.3233	1.883129	0.4687534	0.2292169	1.148898
5550	-431.3782	-588.9797	157.6014	1.875991	0.2436744	0.1056949	0.7366692
5556	-433.6015	-589.5939	155.9923	1.835515	0.6605806	0.3457609	0.9633001
5562	-439.9128	-596.1335	156.2207	1.857918	0.3871463	0.2488575	1.337764
5568	-430.4051	-587.0689	156.6638	1.833681	0.2236206	0.07107755	1.7691
5574	-433.4747	-589.4807	156.006	2.224635	0.8733222	0.09983953	1.020543
5580	-427.1101	-582.8297	155.7196	1.745607	1.842375	0.1031904	0.9809932
5586	-433.8925	-588.3089	154.4164	2.015116	2.275147	0.1537822	1.484338
5592	-438.4491	-592.2541	153.805	1.776452	2.842945	0.3136914	1.582706
5598	-436.4201	-591.0376	154.6175	1.91272	2.842945	0.1543593	1.183223
5604	-444.4892	-599.8733	155.3842	2.081857	1.704702	0.185553	0.7264282
5610	-451.9526	-607.1016	155.149	2.184325	1.597695	0.2840261	0.5944888
5616	-438.6303	-594.1973	155.5669	2.190529	1.597695	0.1394768	0.5944888
5622	-444.1708	-600.5244	156.3536	2.060433	0.8346445	0.1394768	0.6373233
5628	-446.158	-602.5005	156.3425	2.060433	0.8346445	0.1394768	0.6615143
5634	-446.8417	-603.3304	156.4888	2.106272	0.5226698	0.1936482	0.7438993
5640	-445.5445	-602.0508	156.5063	2.116682	0.4864546	0.2134578	0.6998014
5646	-452.9295	-608.6516	155.7222	2.267734	0.4864546	0.4976035	0.7391327
5652	-453.4811	-608.6004	155.1193	2.272241	0.4864546	0.8134977	0.941137
5658	-441.8232	-596.1729	154.3497	2.263994	1.217337	0.8134977	0.851251
5664	-451.5329	-606.511	154.9782	2.299147	0.4477418	0.9579261	0.9653437
5670	-442.2683	-598.3601	156.0918	2.44141	0.5090687	0.2549147	0.5387017
5676	-451.8963	-608.3969	156.5006	2.305665	0.5090687	0.1618871	0.5387017
5682	-443.1535	-599.101	155.9475	2.113147	0.8818502	0.1920688	0.8351513
5688	-436.5315	-591.4838	154.9523	2.232321	1.475324	0.2809085	0.952284
5694	-426.8661	-583.349	156.483	2.232321	0.543835	0.1330039	0.8139867
5700	-423.8381	-579.6257	155.7875	2.352351	1.098083	0.1330039	0.6912961
5706	-430.5792	-586.3603	155.7811	2.320551	1.098083	0.1330039	0.7534952
5712	-439.9991	-596.1333	156.1342	2.021451	0.8089913	0.1330039	1.036419
5718	-450.0023	-606.2107	156.2084	1.898005	0.5885084	0.1330039	1.330096
5724	-428.6955	-585.0989	156.4035	1.580332	0.5885084	0.2099287	1.223527
5730	-433.5001	-588.954	155.454	2.322164	0.6267215	0.5055095	0.7151175
5736	-429.3004	-585.3178	156.0174	2.391562	0.6267215	0.2242224	0.6355975
5742	-439.6597	-596.5823	156.9225	1.977319	0.2702184	0.1809953	1.016258
5748	-436.1732	-593.6631	157.4899	2.10565	0.2702184	0.07122382	0.6808172
5754	-439.9285	-595.9293	156.0008	2.312468	1.172067	0.07122382	0.7255517
5760	-439.0162	-595.5412	156.525	1.969886	0.7295065	0.1325491	0.7623987
5766	-434.1017	-590.3818	156.2801	1.969886	0.7295065	0.1325491	1.040211
5772	-430.4675	-585.4746	155.0071	1.62841	2.75661	0.1147767	1.251446
5778	-424.262	-579.0633	154.8013	2.104122	2.75661	0.17749	0.7458532
5784	-432.2089	-587.9915	155.7826	1.943434	1.000963	0.2412183	0.9162066
5790	-430.1718	-585.8938	155.722	2.046647	0.9647305	0.2842869	0.7749371
5796	-429.8913	-585.6418	155.7505	2.497197	0.6251824	0.3007524	0.4982378
5802	-445.3636	-600.9949	155.6313	2.605124	0.6251824	0.3007524	0.4285858
5808	-432.0678	-587.5726	155.5048	2.651288	0.6451299	0.3007524	0.3420261
5814	-436.7094	-591.8257	155.1163	2.651288	1.422134	0.1749143	0.4243146
5820	-443.984	-600.0263	156.0423	2.218405	0.6134301	0.3018015	0.4751165
5826	-445.8709	-601.3752	155.5043	2.420386	0.6134301	0.429637	0.718291
5832	-444.1984	-599.6993	155.5009	2.245745	0.9622041	0.3233334	0.6672879
5838	-425.6677	-581.1625	155.4948	2.479982	0.9622041	0.230668	0.6672879
5844	-431.4609	-587.6845	156.2236	2.139195	0.5537342	0.230668	0.8470779
5850	-435.2824	-591.4197	156.1373	2.061926	0.4599746	0.3555075	0.8710454
5856	-438.5892	-593.4302	154.8409	2.064386	1.551054	0.3941587	0.9293749
5862	-433.6079	-588.6172	155.0093	1.936125	2.746525	0.1290149	0.91401
5868	-421.0879	-577.5586	156.4707	1.711307	0.7855912	0.06655638	1.286917
5874	-423.8278	-580.205	156.3771	2.00323	0.4119287	0.295138	0.9163859
5880	-437.5841	-592.9658	155.3817	2.323295	1.328934	0.2030517	0.6967128
5886	-443.4644	-598.8685	155.404	2.17548	1.426487	0.1859896	0.8415205
5892	-445.0652	-601.5375	156.4723	2.236214	0.3837775	0.251046	0.6979848
5898	-437.2392	-593.2127	155.9735	2.14781	0.603207	0.3436116	0.6979848
5904	-449.6242	-605.7564	156.1321	2.103118	0.603207	0.2862959	0.7243538
5910	-431.6621	-588.0533	156.3912	1.7509	0.6135224	0.1949971	1.091106
5916	-446.8461	-602.4186	155.5725	1.718932	1.103528	0.1832531	1.368679
5922	-447.6885	-603.3004	155.6119	1.751899	0.9615633	0.1635203	1.469291
5928	-431.8566	-588.4129	156.5563	1.876689	0.5982175	0.1481792	0.9789515
5934	-453.3612	-608.565	155.2039	1.659236	1.611818	0.1481792	1.475783
5940	-435.5895	-591.3655	155.776	1.898043	1.127847	0.1719799	1.053166
5946	-428.3187	-584.9534	156.6347	1.779396	0.8832486	0.1064722	0.7659988
5952	-451.3902	-607.2105	155.8204	1.843911	0.8832486	0.1064722	1.465178
5958	-437.7442	-594.2296	156.4854	2.008917	0.5203071	0.2027684	0.8478935
5964	-435.1043	-591.1678	156.0635	2.093299	0.6372085	0.237807	0.921302
5970	-437.8395	-595.1433	157.3038	2.261719	0.2187098	0.1186784	0.5876069
5976	-443.2081	-599.566	156.3579	2.400973	0.5615242	0.1520397	0.5249687
5982	-444.4396	-599.652	155.2124	2.485958	1.635499	0.1520397	0.4560202
5988	-444.4851	-600.9294	156.4443	2.485958	0.5147674	0.122608	0.4283293
5994	-439.3286	-595.3363	156.0076	2.368789	0.9312218	0.122608	0.3927905
6000	-445.4412	-601.1997	155.7585	2.548439	0.5490033	0.3183045	0.4229641
6006	-437.8061	-593.3614	155.5553	2.487505	0.7498335	0.3183045	0.4906221
6012	-436.4768	-591.4049	154.9281	2.664028	0.8478567	0.4918486	0.5189379
6018	-439.0677	-595.4937	156.426	2.593995	0.5294894	0.08700035	0.3628068
6024	-441.6804	-596.917	155.2366	2.55325	1.096342	0.2613493	0.4100826
6030	-441.1523	-596.5054	155.3531	2.451295	1.096342	0.2613493	0.4569274
6036	-426.8903	-582.1164	155.2261	2.476106	1.096342	0.296246	0.4047225
6042	-432.8099	-587.9356	155.1257	2.381829	1.096342	0.392573	0.5729779
6048	-431.9745	-587.5975	155.6229	2.198455	1.096342	0.1917917	0.8634494
6054	-455.2521	-612.0175	156.7654	1.803987	0.5181508	0.1600932	0.9208953
6060	-441.6425	-598.4156	156.7731	1.754044	0.3938379	0.1232457	1.285246
6066	-435.3631	-591.171	155.8079	1.726506	1.181182	0.1265203	1.274457
6072	-441.3122	-596.7502	155.4379	1.576633	0.8728166	0.2551501	1.599659
6078	-436.2389	-591.8343	155.5954	1.810085	0.8728166	0.2551501	1.300781
6084	-436.9839	-593.1109	156.127	1.899554	0.6343573	0.2551501	1.012972
6090	-435.5172	-591.4386	155.9214	1.727093	0.7793132	0.1510249	1.439258
6096	-437.8567	-594.2241	156.3674	1.447517	0.4506552	0.2813252	1.387548
6102	-431.7165	-587.375	155.6585	1.733517	1.230334	0.1670573	1.237711
6108	-431.6921	-587.0831	155.391	1.928517	1.230334	0.3491651	0.846154
6114	-430.7907	-586.5569	155.7662	1.891323	0.8203955	0.3491651	0.9239996
6120	-450.7813	-606.2874	155.5061	2.083969	0.8203955	0.3676247	0.9551497
6126	-449.351	-604.1344	154.7834	2.288172	0.7238858	0.7806218	0.9551497
6132	-445.1953	-599.5606	154.3653	2.043958	0.9449809	0.9116638	1.198608
6138	-441.7176	-595.948	154.2305	2.505064	0.9449809	0.9473991	0.8370824
6144	-437.4409	-593.3915	155.9506	1.829434	0.6028594	0.4465082	0.8902775
6150	-431.4612	-587.2889	155.8277	1.55534	0.5947817	0.4556556	1.260316
6156	-444.9728	-600.5895	155.6167	1.572893	0.5947817	0.4556556	1.414896
6162	-441.3453	-598.222	156.8768	1.606627	0.3150866	0.1491489	1.375899
6168	-441.8677	-598.8906	157.0229	1.698116	0.3737281	0.1491489	1.067788
6174	-443.3289	-599.3058	155.9769	1.811794	0.8283148	0.1876801	1.181354
6180	-429.3443	-584.2168	154.8725	1.866834	1.004845	0.6020255	1.192347
6186	-442.4649	-597.6622	155.1973	2.540066	1.092712	0.2912547	0.4797707
6192	-441.2048	-595.3051	154.1002	2.532738	1.566597	0.6173439	0.8009471
6198	-443.2287	-597.8678	154.6391	2.472392	1.094752	0.6384684	0.551734
6204	-445.8565	-601.0658	155.2092	2.090644	1.06591	0.4782228	0.7431108
6210	-440.9884	-597.1999	156.2115	2.356001	0.5931664	0.1968436	0.4863288
6216	-433.7909	-589.1798	155.389	2.320012	1.395002	0.2042572	0.5308115
6222	-440.4143	-596.5571	156.1428	2.13394	0.8103265	0.09052787	1.083284
6228	-437.9438	-593.6324	155.6886	2.181447	0.8103265	0.237568	0.9914366
6234	-436.3466	-590.5305	154.1839	2.408566	0.8103265	1.275862	0.820644
6240	-434.1154	-588.404	154.2886	2.353222	0.8103265	1.275862	0.7528986
6246	-434.1562	-587.9812	153.825	2.375268	0.6431081	1.925948	0.985266
6252	-429.7817	-584.3997	154.6179	2.2679	1.05709	0.8214601	0.6433665
6258	-431.1766	-586.4478	155.2711	2.315691	1.052313	0.3735097	0.5739358
6264	-431.516	-587.3649	155.8489	2.064945	1.052313	0.2190397	0.6745563
6270	-426.209	-583.5029	157.2939	1.931908	0.3377161	0.09087416	0.8583358
6276	-440.2497	-596.8226	156.573	2.222463	0.6551995	0.09087416	0.7092422
6282	-426.9322	-583.539	156.6068	1.940384	0.6551995	0.1311987	0.8300649
6288	-426.2196	-582.3976	156.1779	1.944582	0.6551995	0.2071707	1.019883
6294	-430.1237	-586.0989	155.9753	1.767525	0.9823301	0.2071707	1.016989
6300	-440.8108	-596.9017	156.0909	2.034065	0.6412777	0.2276082	0.9783724
6306	-424.4505	-580.9475	156.497	1.896605	0.4034474	0.290611	0.9312342
6312	-429.5632	-585.7142	156.151	1.951369	0.4034474	0.4308727	0.9308193
6318	-430.1341	-585.4401	155.306	2.07304	1.211446	0.2964544	0.9308193
6324	-429.1487	-584.7598	155.6112	2.009139	1.211446	0.1788255	1.011871
6330	-427.7187	-583.4004	155.6816	1.99392	0.8468635	0.1788255	1.282219
6336	-442.1329	-596.8914	154.7584	1.918788	0.5388573	0.4768093	1.821286
6342	-442.9211	-595.9877	153.0666	1.931292	1.350562	1.206545	1.77476
6348	-444.8292	-598.3785	153.5493	2.198194	1.205423	1.206545	1.307475
6354	-437.8023	-592.5461	154.7438	1.937452	0.8669385	0.7421093	1.205239
6360	-430.3024	-586.3141	156.0117	2.039972	0.6766472	0.2442833	0.9577534
6366	-439.1094	-594.6481	155.5386	1.676159	0.7212954	0.2985102	1.505965
6372	-437.4142	-592.0525	154.6383	1.736729	0.9111512	0.4721501	1.703767
6378	-428.1816	-584.6485	156.4669	1.644399	0.4817085	0.2788085	1.098808
6384	-424.6328	-581.4486	156.8158	1.71834	0.4817085	0.08979441	1.262041
6390	-429.4402	-584.9068	155.4666	1.932043	1.414798	0.08979441	1.350903
6396	-433.2283	-589.4206	156.1923	1.898077	0.9479898	0.1272057	0.9704474
6402	-444.2792	-597.2949	153.0157	2.69299	0.9224968	2.282684	0.9362695
6408	-454.6238	-607.8506	153.2268	2.571275	0.9224968	2.118437	0.9362695
6414	-437.9245	-594.1548	156.2303	2.145645	0.4447953	0.3401968	0.7104423
6420	-436.6093	-592.6991	156.0898	2.177485	0.4447953	0.3401968	0.8607049
6426	-442.5287	-597.3389	154.8102	2.177485	0.9971772	0.7532566	0.7161331
6432	-438.6737	-593.9397	155.266	2.342314	0.6265343	0.5884859	0.7746511
6438	-433.2463	-589.2179	155.9716	2.258911	0.6328479	0.3032479	0.518443
6444	-444.7423	-600.576	155.8337	2.38214	0.6328479	0.3032479	0.5925801
6450	-454.3906	-610.6939	156.3033	2.153352	0.6328479	0.2073809	0.6152366
6456	-450.5446	-606.57	156.0254	2.393904	0.6328479	0.2073809	0.6945818
6462	-435.3837	-591.6504	156.2667	2.05595	0.6328479	0.2043383	0.8458438
6468	-448.4373	-604.7995	156.3622	2.043567	0.5954037	0.1605292	0.9672554
6474	-434.6108	-590.929	156.3182	1.789969	0.8351276	0.1578016	0.9652622
6480	-446.9065	-602.7887	155.8822	2.151114	0.9046366	0.2270454	0.6901562
6486	-463.199	-619.1408	155.9418	1.932271	1.099963	0.2270454	0.6121407
6492	-450.2925	-606.6057	156.3132	2.357868	0.5360726	0.1910945	0.4785377
6498	-465.1275	-620.447	155.3196	2.540057	0.7853636	0.3751166	0.6054745
6504	-449.5491	-605.0097	155.4606	2.376306	0.7853636	0.3822715	0.6277452
6510	-453.3753	-608.8828	155.5075	2.398757	0.7853636	0.3530799	0.6014842
6516	-445.7756	-601.5243	155.7487	2.260239	0.7024296	0.3530799	0.6034432
6522	-425.8805	-582.1486	156.2682	2.094124	0.6040573	0.2129304	0.8161117
6528	-447.7027	-604.3409	156.6383	2.114894	0.3998245	0.236675	0.6190723
6534	-446.9243	-602.7409	155.8166	2.114894	1.012614	0.236675	0.6123449
6540	-451.6614	-606.8891	155.2277	1.973936	1.024233	0.2291828	1.392564
6546	-439.6693	-594.624	154.9547	1.964575	1.309621	0.3018609	1.267546
6552	-433.1214	-588.799	155.6776	1.969465	1.016493	0.2224393	1.034349
6558	-432.6438	-588.4484	155.8046	2.144299	1.016493	0.2224393	0.6548599
6564	-435.6644	-592.0186	156.3542	1.88208	0.6069078	0.2224393	0.9275272
6570	-438.125	-593.0857	154.9608	2.60005	2.077572	0.1110895	0.4076465
6576	-436.594	-592.4982	155.9042	2.646823	0.7437262	0.133041	0.3923595
6582	-437.2776	-592.9961	155.7185	2.62055	0.7437262	0.1981112	0.4024072
6588	-430.0082	-585.8686	155.8604	2.360986	0.8536054	0.1981112	0.433808
6594	-428.4277	-583.8487	155.4211	2.451613	1.207524	0.1981112	0.5746523
6600	-438.3735	-594.7163	156.3427	2.451613	0.4501601	0.1981112	0.4985123
6606	-436.3275	-591.6138	155.2862	2.416683	1.16358	0.2786607	0.5217158
6612	-448.2777	-601.7134	153.4356	1.614631	0.7142463	0.8045289	2.42323
6618	-440.9246	-596.3862	155.4616	1.514391	0.4108729	0.4556673	1.792277
6624	-441.6788	-596.9691	155.2903	1.678514	0.518202	0.3944559	1.745745
6630	-428.8531	-583.3829	154.5299	1.908514	0.518202	1.026023	1.516725
6636	-428.6133	-584.0645	155.4513	1.908514	0.5704407	0.5438411	1.186998
6642	-439.0191	-594.6605	155.6414	1.991535	0.5096336	0.4156222	1.22211
6648	-422.2499	-577.8654	155.6155	1.928428	0.9921476	0.1808915	1.257673
6654	-435.9178	-591.8001	155.8823	2.265297	0.9646186	0.1808915	0.5986091
6660	-421.481	-577.2388	155.7578	2.298015	0.9646186	0.216546	0.5316097
6666	-432.9418	-587.9072	154.9654	2.398995	1.101554	0.473447	0.5054416
6672	-428.1337	-583.4885	155.3548	2.260016	1.357559	0.2023657	0.8012686
6678	-435.3388	-591.5137	156.1749	2.349293	0.5307427	0.2023657	0.7895689
6684	-444.7875	-600.3293	155.5418	2.153836	0.5307427	0.4302543	1.113811
6690	-437.1127	-593.3724	156.2598	2.133907	0.5796153	0.1771163	0.9471854
6696	-440.8042	-597.0498	156.2456	2.301442	0.5920081	0.1771163	0.7335246
6702	-430.722	-586.8797	156.1577	1.719938	0.9060204	0.1771163	1.05262
6708	-441.7864	-597.6225	155.8361	1.912203	0.5034205	0.2758359	1.379629
6714	-446.3159	-602.9013	156.5854	1.951676	0.5034205	0.1614491	0.9756572
6720	-440.4792	-596.661	156.1818	1.695307	1.102662	0.08493346	1.191253
6726	-441.9582	-598.345	156.3868	1.745208	0.5046849	0.08493346	1.561164
6732	-423.8308	-579.4037	155.5729	1.70635	1.679955	0.07996614	1.329699
6738	-451.8991	-607.4692	155.5701	1.269625	0.9716789	0.07996614	2.05853
6744	-441.6835	-597.6234	155.9399	1.622888	1.743839	0.07078629	1.08801
6750	-440.0315	-595.2711	155.2397	1.555176	1.743839	0.1850778	1.365385
6756	-440.7245	-595.8696	155.1452	1.536102	1.743839	0.1850778	1.453405
6762	-443.235	-596.3943	153.1593	1.694759	1.743839	0.8135443	1.948453
6768	-445.2778	-599.2426	153.9648	2.006864	1.633052	0.5376051	1.472454
6774	-458.7298	-611.5995	152.8697	1.533151	1.181353	0.7732618	2.543565
6780	-450.6301	-607.1363	156.5062	1.771566	0.294656	0.2596269	1.315164
6786	-437.6641	-593.9237	156.2596	1.747735	0.9611187	0.1077404	1.111524
6792	-451.5403	-606.442	154.9017	1.719112	1.933599	0.1169398	1.588004
6798	-439.772	-595.7038	155.9319	1.823677	0.5716429	0.2258626	1.392125
6804	-434.1267	-590.4062	156.2795	1.679062	0.5716429	0.1595904	1.392125
6810	-438.636	-595.3764	156.7404	1.578467	0.6590045	0.06436217	1.315423
6816	-448.887	-605.0629	156.1759	1.836155	0.6590045	0.3008866	0.8727363
6822	-440.1591	-595.9049	155.7457	2.167743	0.9012853	0.2609297	0.7454501
6828	-449.6188	-605.768	156.1492	1.840915	0.3507697	0.3731543	1.237853
6834	-443.5977	-599.889	156.2912	1.956651	0.4757025	0.3096445	0.8987895
6840	-448.3249	-605.1139	156.789	1.956651	0.4290696	0.183651	0.8015876
6846	-452.2357	-608.322	156.0864	1.806242	0.8728032	0.1972414	1.012667
6852	-444.9676	-601.0983	156.1307	1.869794	0.8728032	0.1972414	0.8994084
6858	-453.6985	-608.5017	154.8031	2.130405	0.9036273	0.7635803	0.8994084
6864	-458.2861	-613.7153	155.4291	2.101347	0.7985201	0.4387652	0.8994084
6870	-445.4813	-601.3011	155.8197	2.101347	0.7875439	0.307046	0.7605021
6876	-451.713	-607.6322	155.9192	1.985561	0.7875439	0.3013471	0.8015412
6882	-440.6025	-596.0285	155.426	2.181728	1.101265	0.3013471	0.7564467
6888	-435.3225	-591.3627	156.0402	1.572776	0.6885344	0.1420723	1.575123
6894	-449.5598	-604.2771	154.7173	1.465957	1.370712	0.1536503	2.062547
6900	-446.0231	-601.8519	155.8288	1.369385	0.5774547	0.09426204	2.098248
6906	-441.6157	-596.9259	155.3102	1.483626	0.836802	0.212486	1.865184
6912	-439.9224	-594.2294	154.3069	2.129523	0.5489067	1.28775	1.298025
6918	-441.4466	-596.1401	154.6935	2.297363	0.8676117	0.6332721	1.055544
6924	-437.3128	-592.4288	155.116	2.208786	0.7467207	0.6332721	0.853055
6930	-440.9296	-596.3336	155.404	1.86368	0.627002	0.4589994	1.312053
6936	-438.779	-594.2738	155.4948	2.05811	1.123893	0.3166509	0.7547832
6942	-443.5048	-599.9826	156.4778	2.084584	0.6146365	0.1701439	0.6905843
6948	-441.6093	-597.8973	156.288	2.203814	0.6654871	0.1701439	0.6905843
6954	-433.0982	-589.4434	156.3452	2.161338	0.6654871	0.1701439	0.6623083
6960	-435.178	-591.7925	156.6144	2.160648	0.6654871	0.1064293	0.5695856
6966	-456.3738	-612.2262	155.8525	2.061104	0.9952017	0.1298018	1.086065
6972	-453.5539	-609.2291	155.6752	1.837376	1.652915	0.1298018	0.9503827
6978	-457.6814	-613.5499	155.8685	2.03427	1.150354	0.1449135	0.891211
6984	-442.3161	-598.0456	155.7295	1.859721	1.539235	0.1305744	0.950364
6990	-453.1637	-608.7382	155.5745	2.099559	1.11519	0.2184544	0.9217869
6996	-440.6866	-596.3925	155.7059	2.010279	1.148264	0.2184544	0.8380629
7002	-445.0106	-601.6509	156.6404	2.10723	0.861367	0.04160195	0.7569722
7008	-431.0828	-588.0035	156.9207	2.333046	0.4916963	0.05849474	0.4353223
7014	-438.5091	-594.623	156.114	2.333046	0.8445205	0.1301544	0.6130846
7020	-455.0101	-610.1018	155.0917	1.968275	2.471356	0.1518379	0.8363198
7026	-449.6076	-603.8894	154.2818	2.004362	2.471356	0.5370893	0.7018264
7032	-438.8996	-593.8393	154.9397	1.896135	2.471356	0.1949326	0.9333701
7038	-428.5597	-584.7502	156.1905	1.961288	1.251554	0.08364217	0.7778072
7044	-435.2462	-591.2055	155.9592	1.706048	0.7145244	0.08364217	1.683475
7050	-427.6079	-584.5203	156.9124	1.848576	0.5321517	0.08364217	1.009407
7056	-435.3326	-591.331	155.9984	1.86936	0.6480438	0.3012471	1.039317
7062	-425.0361	-580.9782	155.942	1.945384	0.6480438	0.2976344	1.028463
7068	-438.8606	-594.6623	155.8017	1.781757	0.8920919	0.1802442	1.312616
7074	-440.4934	-597.2255	156.7321	1.933787	0.3547006	0.1802442	1.058779
7080	-441.2974	-596.7672	155.4698	1.902305	1.610726	0.1426168	1.071459
7086	-440.6117	-595.7413	155.1295	1.958509	0.7516673	0.555518	1.193024
7092	-438.6868	-594.4517	155.7649	1.779247	0.7516673	0.283263	1.245389
7098	-451.2459	-607.4108	156.1649	2.050471	0.7516673	0.1774493	0.8858831
7104	-452.2097	-607.4911	155.2813	2.013494	0.7328958	0.5995116	0.9596171
7110	-446.5306	-602.3796	155.849	2.277985	0.8546508	0.2236207	0.6301069
7116	-439.7254	-595.4316	155.7061	2.316309	0.9369477	0.2236207	0.6634999
7122	-440.8935	-594.8402	153.9467	2.193443	7.832699	0.03314581	0.4249165
7128	-440.4504	-595.5726	155.1222	2.429735	2.763482	0.04114962	0.5519978
7134	-435.8847	-590.6157	154.731	2.207979	3.953291	0.07105129	0.5522244
7140	-434.9726	-590.8874	155.9149	1.90001	1.830937	0.07105129	0.7422038
7146	-445.5184	-600.1795	154.661	1.655366	4.023785	0.07105129	1.266745
7152	-438.4752	-593.8031	155.3279	1.757706	1.096969	0.1373954	1.644027
7158	-433.1944	-588.8369	155.6426	1.717076	1.036615	0.3129269	1.072491
7164	-435.7833	-590.5951	154.8118	1.753227	2.53176	0.2588497	0.9990744
7170	-437.9908	-593.8487	155.8579	1.981172	0.8912632	0.2131799	0.9990744
7176	-449.867	-605.8111	155.9441	1.618476	1.389652	0.05713325	1.358569
7182	-452.0393	-608.6105	156.5712	1.758106	0.5188579	0.2087247	1.010541
7188	-439.4497	-596.489	157.0393	1.615337	0.6477685	0.06966268	1.010541
7194	-438.4515	-595.6055	157.154	1.627294	0.601687	0.06966268	0.9476627
7200	-441.346	-596.5673	155.2213	1.723874	3.316824	0.06508053	0.9516593
7206	-439.1534	-595.503	156.3496	1.695525	1.140197	0.05907382	1.121016
7212	-449.6506	-605.9413	156.2907	2.688329	0.5684284	0.09265286	0.4691872
7218	-432.8514	-588.6516	155.8002	2.598382	0.7212007	0.1930468	0.4469828
7224	-427.5069	-582.9197	155.4129	2.693058	0.7212007	0.3037914	0.4469828
7230	-441.8137	-597.6335	155.8198	2.031887	0.969299	0.2680955	0.7002249
7236	-441.3978	-597.978	156.5801	1.9982	0.4241205	0.2680955	0.7140855
7242	-434.7557	-591.0689	156.3132	2.306824	0.4580495	0.2492061	0.5985425
7248	-446.7466	-603.0011	156.2545	2.632744	0.4580495	0.1546029	0.382149
7254	-438.448	-594.8018	156.3537	2.587305	0.5980697	0.08431725	0.382149
7260	-433.3249	-589.8232	156.4984	2.716506	0.2648665	0.1651997	0.3325571
7266	-439.9165	-596.7506	156.8342	2.52748	0.2648665	0.1401631	0.4232989
7272	-446.059	-601.1581	155.0991	2.472984	1.02673	0.398553	0.5084699
7278	-439.7173	-596.0317	156.3143	2.490952	0.3650944	0.250609	0.4545281
7284	-442.7771	-598.8586	156.0815	2.490952	0.3650944	0.3512871	0.4683183
7290	-439.9134	-595.5915	155.678	2.307644	0.8453799	0.2825908	0.6264126
7296	-451.8128	-607.1535	155.3406	2.423756	0.9006115	0.3628153	0.5694034
7302	-444.7882	-600.963	156.1748	2.214352	0.85118	0.1340915	0.6898394
7308	-443.7948	-599.527	155.7322	2.390536	0.5748725	0.3457927	0.7551841
7314	-439.158	-595.346	156.188	2.445335	0.9233219	0.07105042	0.5153854
7320	-436.9869	-592.7174	155.7305	2.194533	1.186843	0.1715032	0.6920577
7326	-432.6193	-588.8242	156.2049	2.266968	0.6837028	0.1834355	0.5786407
7332	-436.2486	-592.3567	156.1081	2.31464	0.5893954	0.2463238	0.5786407
7338	-446.1753	-602.4212	156.2458	2.303063	0.4180551	0.2531969	0.8265249
7344	-453.3347	-609.4238	156.0891	2.162407	0.4463318	0.2531969	1.08577
7350	-465.9665	-622.257	156.2905	2.34396	0.4781798	0.2370289	0.5135703
7356	-456.7001	-612.1495	155.4494	2.058623	1.497273	0.2370289	0.6398083
7362	-444.6637	-599.8911	155.2273	1.987452	0.6443248	0.7438353	0.9625789
7368	-459.208	-614.2121	155.0041	2.027942	0.6443248	0.7438353	1.137361
7374	-440.9678	-595.291	154.3232	2.250468	0.6443248	1.386363	0.9791186
7380	-442.2324	-596.0219	153.7896	2.081272	0.6443248	1.778408	1.354116
7386	-454.6805	-607.8484	153.1679	2.242186	0.4355629	2.722735	1.567357
7392	-447.6003	-600.0149	152.4146	2.22237	0.7695942	2.439816	1.862219
7398	-440.3382	-593.1057	152.7675	2.551632	0.7695942	2.439816	1.366316
7404	-439.1096	-592.5796	153.47	2.167853	0.7007709	1.760243	1.484682
7410	-441.1447	-594.9069	153.7622	2.248246	0.6992798	1.760243	1.187862
7416	-446.2049	-599.6588	153.4538	2.11488	1.268307	1.491048	1.223076
7422	-452.5127	-607.8562	155.3436	2.1208	1.046471	0.3951291	0.7510959
7428	-441.8164	-597.0926	155.2762	2.1208	1.554639	0.1814492	0.9567465
7434	-439.5555	-595.3816	155.8261	1.901696	1.554639	0.1133559	0.8578238
7440	-436.1257	-592.6077	156.482	2.012663	0.801669	0.1133559	0.7424018
7446	-432.8426	-589.507	156.6644	2.058048	0.801669	0.06937357	0.6852528
7452	-430.9725	-586.6884	155.7159	2.155976	1.687892	0.09863042	0.5179772
7458	-439.1821	-595.6949	156.5128	2.318665	0.6541252	0.09863042	0.5179772
7464	-439.8524	-595.8084	155.9559	2.019942	0.9978547	0.2247032	0.6207472
7470	-442.207	-597.4159	155.2089	1.949807	3.015354	0.08397953	0.7274248
7476	-434.9414	-591.2923	156.3508	2.064047	0.9448362	0.1058208	0.6580367
7482	-419.2541	-575.9628	156.7087	2.230773	0.573073	0.1000624	0.5370544
7488	-442.4615	-599.394	156.9325	2.032544	0.573073	0.0744215	0.7459078
7494	-444.8807	-599.9641	155.0835	2.263257	2.791511	0.0744215	0.6415086
7500	-438.7732	-593.7376	154.9644	2.234376	2.791511	0.1152961	0.548004
7506	-431.7767	-588.1577	156.381	2.234376	0.9694827	0.05351493	0.6871037
7512	-437.3717	-593.5441	156.1724	2.175054	0.523403	0.2640264	0.8158389
7518	-433.8847	-590.4165	156.5318	1.816232	0.523403	0.2171658	0.9593714
7524	-442.934	-599.2992	156.3652	2.078209	0.5324903	0.2171658	0.8351616
7530	-439.9691	-596.5375	156.5684	2.145383	0.6025926	0.1369323	0.6536346
7536	-437.6568	-595.0926	157.4358	2.076316	0.2452334	0.1075469	0.6536346
7542	-439.5023	-596.5362	157.0339	1.978539	0.2452334	0.1967474	0.9154389
7548	-432.3078	-589.8105	157.5027	2.228197	0.2452334	0.0663335	0.5529434
7554	-433.0759	-590.0949	157.019	2.182946	0.2452334	0.168145	0.795709
7560	-437.3769	-593.7494	156.3725	1.939799	0.547947	0.168145	1.102365
7566	-430.7374	-587.0468	156.3094	1.832281	0.547947	0.168145	1.250894
7572	-435.9848	-592.5109	156.5261	2.051231	0.5601366	0.1491953	0.8801685
7578	-438.0714	-594.496	156.4246	1.981532	0.9761786	0.06916909	0.8647945
7584	-432.3571	-589.1323	156.7753	1.861708	0.5075919	0.1702053	0.8221199
7590	-432.9446	-588.7795	155.8349	1.769967	0.5075919	0.138196	1.779676
7596	-431.7106	-587.4791	155.7685	1.615837	0.7820119	0.3575817	1.208671
7602	-433.3112	-589.1815	155.8703	1.583499	0.4946611	0.4582829	1.326153
7608	-447.2905	-601.6245	154.3341	1.602848	1.762389	0.4582829	1.532527
7614	-427.9579	-583.9765	156.0186	1.588165	0.8779702	0.124589	1.458394
7620	-436.8236	-592.2014	155.3778	1.953603	0.9156463	0.1470803	1.571498
7626	-445.251	-601.6518	156.4009	1.444862	0.4825928	0.07580652	1.82056
7632	-447.2558	-602.7099	155.4541	1.563421	1.163557	0.09901135	1.756598
7638	-445.5217	-600.6088	155.087	1.770227	1.163557	0.07774427	1.931577
7644	-450.6775	-606.5539	155.8764	1.865968	1.163557	0.07774427	1.285399
7650	-445.3278	-601.9037	156.5759	1.836815	0.5492789	0.2049949	0.882604
7656	-436.9962	-592.8746	155.8784	2.11249	0.8415694	0.2163285	0.8866074
7662	-431.1111	-586.9902	155.8791	2.111733	0.8415694	0.2163285	0.8866074
7668	-443.4624	-599.6212	156.1588	2.052015	0.8415694	0.1584404	0.8392195
7674	-433.8341	-590.0167	156.1826	1.976287	0.8415694	0.1584404	0.9003463
7680	-432.023	-588.455	156.432	1.976287	0.522769	0.2504645	0.7825598
7686	-428.7593	-584.7727	156.0134	1.91201	0.9012704	0.2150153	0.8900727
7692	-434.1759	-589.7101	155.5342	1.925489	0.9012704	0.4245501	0.8773773
7698	-427.3482	-583.2405	155.8924	2.095914	0.8444427	0.1986745	0.9428271
7704	-430.6478	-586.7042	156.0564	1.913426	0.5098247	0.1086585	1.598981
7710	-425.2589	-580.6066	155.3478	1.774961	1.377012	0.2853951	1.076792
7716	-422.355	-578.1428	155.7878	1.784499	1.665237	0.1380958	0.838062
7722	-421.1136	-577.6254	156.5117	1.890896	0.7415136	0.1380958	0.838062
7728	-436.9793	-592.9788	155.9995	2.109609	0.7415136	0.1870675	0.9813642
7734	-436.5593	-593.2227	156.6634	2.195343	0.5104393	0.1352121	0.6597081
7740	-436.5565	-592.6873	156.1308	1.763323	0.547933	0.3691676	1.012267
7746	-437.674	-593.6423	155.9683	1.966672	0.596671	0.2731046	1.107681
7752	-433.4242	-589.0119	155.5877	1.870762	1.202853	0.2170881	1.0641
7758	-430.5743	-586.5787	156.0044	1.772799	0.5041552	0.4385288	1.0641
7764	-438.0663	-595.2275	157.1612	2.211064	0.3885786	0.07268969	0.5673565
7770	-433.2675	-589.0246	155.7571	2.211064	1.083996	0.1646297	0.8028061
7776	-437.5399	-593.6014	156.0614	2.12662	0.6661612	0.1935622	0.980092
7782	-438.7395	-593.4492	154.7097	2.076801	0.6661612	0.8313087	1.233566
7788	-438.5898	-592.4202	153.8305	2.360939	0.5016715	1.393454	1.482345
7794	-442.5168	-597.2337	154.717	2.239536	1.699312	0.4153868	0.6647686
7800	-444.6186	-598.3549	153.7363	2.299351	0.4730494	2.239167	1.213299
7806	-437.8431	-593.0376	155.1944	2.285005	0.4684061	0.9265471	0.7062942
7812	-429.097	-585.1116	156.0146	1.776685	0.4684061	0.3538714	1.24999
7818	-439.9965	-592.0668	152.0703	1.997375	1.447686	1.881704	2.022589
7824	-437.9556	-590.6524	152.6967	1.912264	0.588841	1.881704	2.244877
7830	-440.614	-596.7311	156.1171	1.511155	0.4397458	0.3146751	1.485821
7836	-437.4665	-592.3856	154.9191	1.538665	1.05136	0.3227218	1.750142
7842	-450.0311	-606.6978	156.6667	1.867759	0.5647089	0.1795821	0.7990312
7848	-442.9927	-598.2307	155.238	2.151789	1.681005	0.1648323	0.9286451
7854	-439.3465	-595.7123	156.3657	1.953967	0.9177068	0.1368201	0.6639517
7860	-442.1877	-598.6852	156.4975	2.068202	0.6303404	0.1489564	0.7648754
7866	-449.9265	-606.8489	156.9224	1.865244	0.3810078	0.1439921	1.007103
7872	-439.9602	-595.9998	156.0395	1.950444	1.116337	0.1308234	0.885879
7878	-437.94	-593.5394	155.5994	1.824019	1.861819	0.1083588	0.9893384
7884	-426.7153	-582.9472	156.2319	1.847848	0.77839	0.1845915	0.9730438
7890	-424.6313	-580.4665	155.8351	1.884931	1.769028	0.07284758	0.9032294
7896	-436.8098	-592.3372	155.5274	1.874196	1.653475	0.1739566	0.9032294
7902	-451.5712	-606.4415	154.8703	2.455238	3.211891	0.04419026	0.3964932
7908	-446.3192	-601.6384	155.3192	2.189192	2.376575	0.08974691	0.5236109
7914	-458.7706	-614.2079	155.4373	1.987741	2.167292	0.1269466	0.6606814
7920	-446.647	-600.7408	154.0938	2.14513	6.484445	0.05238224	0.7600476
7926	-432.2169	-587.9495	155.7326	2.147883	1.232362	0.1664673	0.7287493
7932	-428.781	-585.5188	156.7378	2.073559	0.5834858	0.0952704	0.8076661
7938	-437.473	-594.0185	156.5455	1.925408	0.7690197	0.0682259	1.043649
7944	-435.629	-592.0289	156.4	1.648291	0.6250462	0.1007122	1.434812
7950	-434.1536	-589.7803	155.6267	1.772733	1.051153	0.1977658	1.28591
7956	-441.4601	-597.3588	155.8987	1.836925	1.051153	0.1798642	1.03877
7962	-433.9612	-589.8908	155.9296	1.625266	1.051153	0.2267083	1.078463
7968	-445.9757	-601.4551	155.4794	1.706931	1.051153	0.2267083	1.389383
7974	-452.793	-608.0734	155.2804	1.61289	1.976915	0.1992456	1.125473
7980	-444.4493	-598.7595	154.3101	1.411665	2.970002	0.1577522	1.749466
7986	-441.809	-596.8548	155.0458	1.788297	2.309216	0.09825825	1.32321
7992	-447.8448	-603.9307	156.0859	1.903744	0.6751556	0.09825825	1.434968
7998	-434.0163	-590.6579	156.6416	1.435495	0.4479226	0.1681018	1.434968
8004	-436.9974	-592.3259	155.3285	1.435495	1.36396	0.1681018	1.634003
8010	-442.1258	-597.9458	155.82	1.885141	1.432412	0.1681018	0.7424886
8016	-448.1763	-603.4199	155.2436	2.047332	1.145667	0.357511	0.943101
8022	-439.4056	-594.2725	154.8669	1.889941	1.145667	0.5595639	1.114851
8028	-433.3509	-588.9895	155.6386	1.871789	1.145667	0.1973789	1.116221
8034	-428.0589	-583.6652	155.6062	1.640679	0.8604482	0.1644433	1.633359
8040	-441.5028	-597.3655	155.8627	1.820515	1.270632	0.1200701	1.101049
8046	-447.05	-602.3495	155.2994	1.604852	1.104471	0.09356285	1.88789
8052	-446.653	-602.7848	156.1318	1.485583	0.963663	0.1213172	1.389718
8058	-451.6199	-608.6077	156.9878	1.526152	0.3685189	0.1213172	1.342618
8064	-458.0976	-613.3749	155.2772	1.597927	1.072142	0.134664	1.815582
8070	-444.2221	-598.8083	154.5862	1.625086	3.487805	0.04460193	1.594942
8076	-441.483	-596.0541	154.5711	1.574591	3.487805	0.05163158	1.616968
8082	-444.2854	-599.3936	155.1082	1.914264	1.909609	0.2309879	0.9517606
8088	-435.6599	-591.9171	156.2572	2.053709	0.6485121	0.2309879	0.7279222
8094	-451.5886	-606.0033	154.4147	2.399048	1.742318	0.5061394	0.5030276
8100	-439.7663	-593.7199	153.9535	2.379768	1.767155	0.8504077	0.4933501
8106	-438.2549	-591.5023	153.2474	2.702701	2.312376	0.8504077	0.3384884
8112	-448.7621	-603.6744	154.9123	2.702701	0.6315061	0.657567	0.4986835
8118	-427.8541	-584.0605	156.2064	2.509552	0.5394697	0.1723821	0.4331618
8124	-436.2063	-591.3692	155.1629	2.42547	1.666714	0.1723821	0.3976346
8130	-436.3862	-592.879	156.4928	2.641549	0.3156985	0.1723821	0.4368318
8136	-436.6812	-593.0095	156.3283	2.244905	0.4457004	0.2826927	0.4718128
8142	-433.6235	-590.4243	156.8008	2.141132	0.3876889	0.1394359	0.8421231
8148	-431.4072	-588.395	156.9879	1.989954	0.4167235	0.1119917	0.8585437
8154	-432.6543	-589.328	156.6737	1.87782	0.3903624	0.2660642	0.8482735
8160	-438.8153	-595.8985	157.0831	1.849443	0.2744011	0.1367594	1.117583
8166	-451.9899	-607.9253	155.9353	1.714339	1.214148	0.1367594	1.117583
8172	-453.0591	-609.318	156.2589	1.777921	1.104586	0.04991666	1.197306
8178	-439.2684	-596.5802	157.3118	1.715495	0.3841941	0.0495768	1.157447
8184	-440.8344	-598.1421	157.3077	1.699863	0.3293715	0.05055901	1.267232
8190	-445.1431	-602.6652	157.5222	1.982813	0.3092565	0.05586991	0.7939745
8196	-438.1848	-595.5706	157.3858	1.863763	0.3831001	0.06982285	0.832968
8202	-439.9685	-597.7949	157.8264	1.876055	0.1444138	0.06982285	1.018194
8208	-431.7444	-589.3484	157.6041	1.891364	0.2615064	0.09884724	0.6757013
8214	-427.3945	-584.5442	157.1498	2.238161	0.2615064	0.1387725	0.4860588
8220	-428.4272	-584.9341	156.5069	1.962562	0.5589344	0.2267824	0.6991958
8226	-427.23	-585.0028	157.7728	2.193738	0.1618994	0.05703141	0.6991958
8232	-418.9909	-576.067	157.0761	2.213863	0.2984054	0.1220384	0.7134477
8238	-421.7217	-578.7151	156.9935	2.066286	0.459191	0.105193	0.6661498
8244	-418.1198	-574.1866	156.0667	2.064896	1.192949	0.1167804	0.662576
8250	-421.824	-576.9895	155.1655	1.774383	2.667615	0.1120553	1.025841
8256	-429.8567	-584.043	154.1863	1.844348	3.227581	0.3782404	0.9568228
8262	-434.4623	-589.8932	155.4309	1.900888	1.643155	0.2310624	0.7892811
8268	-431.1971	-586.8745	155.6775	2.155646	1.108421	0.2310624	0.6631727
8274	-426.26	-582.003	155.743	2.075683	1.108421	0.2429548	0.6233959
8280	-429.0026	-585.7099	156.7073	2.152006	0.4333313	0.1712171	0.6743872
8286	-433.2255	-590.5199	157.2944	2.152006	0.2788366	0.1003907	0.6743872
8292	-428.9821	-585.0026	156.0205	2.085048	0.7891499	0.2520173	0.6743872
8298	-440.14	-596.8482	156.7082	1.983862	0.3912175	0.2520173	0.6966961
8304	-436.3401	-591.8899	155.5498	1.809092	0.8310335	0.3857915	1.130793
8310	-440.976	-596.8637	155.8877	1.859274	1.845602	0.06963213	0.8321319
8316	-440.6514	-596.7594	156.108	1.913886	0.6811298	0.2321436	1.015097
8322	-436.5979	-592.5629	155.965	1.689841	0.5447514	0.2489633	1.453421
8328	-430.6249	-585.8438	155.2189	1.588866	1.406504	0.3670775	1.176895
8334	-428.3617	-585.2415	156.8798	1.787413	0.5967404	0.08854142	0.9828972
8340	-419.8321	-576.6644	156.8323	1.931991	0.5967404	0.1204241	0.6935489
8346	-426.6729	-582.4331	155.7602	2.125396	1.573588	0.1081766	0.6218878
8352	-427.5178	-582.8737	155.3559	2.041402	2.279815	0.1020347	0.7718048
8358	-429.4596	-584.7968	155.3373	2.169484	2.279815	0.1020347	0.4959086
8364	-435.7192	-591.6297	155.9105	2.602041	0.7400822	0.1277176	0.316556
8370	-432.239	-587.7535	155.5145	2.602041	1.103768	0.1277176	0.3111733
8376	-433.523	-588.7812	155.2582	2.641252	1.103768	0.2211718	0.4345955
8382	-426.769	-583.0293	156.2603	2.388145	0.4389079	0.2541647	0.5742646
8388	-432.3413	-588.6584	156.3171	2.31377	0.4389079	0.2604062	0.5801484
8394	-434.0399	-589.2851	155.2452	2.229627	1.307181	0.2811013	0.7589342
8400	-441.4728	-597.6033	156.1305	2.123322	1.11152	0.1024207	0.6812422
8406	-436.9886	-592.3726	155.384	2.288194	1.479647	0.1951546	0.5285389
8412	-431.4189	-587.6062	156.1873	2.288194	0.5653688	0.217284	0.7176273
8418	-425.2627	-581.1309	155.8683	2.016297	1.041597	0.1568	0.9755353
8424	-436.5562	-593.282	156.7259	1.872696	0.5102741	0.1356475	0.9941666
8430	-442.2309	-597.7152	155.4843	1.73301	0.5102741	0.4759966	1.466477
8436	-435.2019	-591.5792	156.3773	1.719796	0.5102741	0.2203939	1.204762
8442	-432.4838	-588.0575	155.5737	1.790749	0.7484104	0.4185292	1.157455
8448	-434.9587	-590.6087	155.65	1.79721	1.073798	0.2732285	1.044728
8454	-447.6391	-603.373	155.7339	2.011141	1.073798	0.2732285	0.6840453
8460	-436.9328	-593.3859	156.4531	1.981599	0.485889	0.2732285	0.7484933
8466	-446.2317	-602.8187	156.587	2.056319	0.5454677	0.172244	0.7170875
8472	-432.4839	-589.4679	156.984	1.922816	0.4563517	0.1332732	0.7476318
8478	-437.9447	-594.0345	156.0898	1.966196	0.6115226	0.3104181	0.8732573
8484	-428.3922	-584.1457	155.7535	2.099951	0.8193595	0.2828287	0.8732573
8490	-433.0471	-589.0656	156.0186	1.8714	0.8193595	0.1548618	1.195401
8496	-435.743	-591.7522	156.0092	1.684314	0.4557535	0.378016	1.307837
8502	-432.8054	-589.4487	156.6433	2.061596	0.4557535	0.1320545	0.9935836
8508	-446.5195	-603.1156	156.596	1.902829	0.4557535	0.2335519	0.8677849
8514	-438.4104	-594.7926	156.3822	1.934829	0.4557535	0.2335519	1.057588
8520	-446.0467	-601.6237	155.577	2.115781	0.6373703	0.4094255	1.003252
8526	-454.4624	-609.6067	155.1443	2.003265	1.548688	0.1445634	1.298093
8532	-472.1986	-627.1205	154.9219	1.666441	2.498566	0.1445634	1.298093
8538	-456.0349	-610.3768	154.3419	1.8146	2.62243	0.2702428	1.298093
8544	-440.147	-595.5726	155.4256	1.913699	1.138026	0.3452673	0.9262353
8550	-445.908	-601.5256	155.6176	2.395698	1.037766	0.2018049	0.5891831
8556	-438.7291	-594.3702	155.6412	2.386234	1.037766	0.2018049	0.5089634
8562	-433.8405	-589.2255	155.385	2.473121	1.037766	0.2637173	0.5016373
8568	-426.9729	-583.3524	156.3795	2.128944	0.7770806	0.1242412	0.69761
8574	-435.7962	-590.9897	155.1935	2.507096	0.7770806	0.4644094	0.6112953
8580	-438.8575	-594.1688	155.3113	2.317084	0.9559484	0.390986	0.6321626
8586	-437.8113	-593.6279	155.8166	2.419498	0.5160805	0.3770257	0.580558
8592	-442.2252	-598.1891	155.964	2.540964	0.5160805	0.2625385	0.4899147
8598	-435.0492	-590.3682	155.319	2.672271	0.9096336	0.2625385	0.4829381
8604	-438.2095	-594.0978	155.8884	2.60216	0.5143849	0.2625385	0.4125463
8610	-440.5996	-596.6251	156.0254	2.706628	0.3884231	0.2625385	0.5081925
8616	-433.2126	-589.5066	156.294	2.580376	0.3142635	0.2625385	0.4209455
8622	-435.2799	-590.8014	155.5215	2.411749	0.7035684	0.3624734	0.7169403
8628	-441.4088	-596.4198	155.0111	2.46524	0.6049835	0.7524546	0.6818649
8634	-432.8822	-588.9361	156.0539	2.291996	0.3751039	0.3675482	0.8564117
8640	-435.5553	-591.8196	156.2644	2.291996	0.5433572	0.1934056	0.7539906
8646	-446.3119	-601.9974	155.6855	2.209501	0.5433572	0.5228798	0.6729711
8652	-443.0846	-599.4026	156.318	2.094413	0.5938638	0.2220749	0.7291183
8658	-448.8997	-604.9728	156.0731	2.051913	0.4606816	0.3714259	0.9167233
8664	-437.2167	-592.4223	155.2056	1.947233	0.730425	0.5640947	1.148198
8670	-446.888	-602.1959	155.3078	1.905725	0.634375	0.3161704	1.562768
8676	-441.2796	-597.4772	156.1976	1.660628	0.634375	0.270548	1.134114
8682	-455.3735	-611.0021	155.6286	1.435629	0.357208	0.2550064	2.090411
8688	-462.6781	-619.5515	156.8734	1.762766	0.357208	0.1770582	1.091146
8694	-452.5069	-608.9743	156.4675	1.738626	0.9121871	0.0600081	1.172974
8700	-447.4897	-603.0088	155.5191	1.709177	1.209114	0.2556475	1.172974
8706	-446.5762	-602.8418	156.2656	1.768093	0.7168966	0.1568656	1.172974
8712	-448.8077	-606.0547	157.247	2.1163	0.3330551	0.08345892	0.7307829
8718	-438.2989	-595.8404	157.5415	1.794705	0.3214488	0.08345892	0.8062707
8724	-448.8129	-603.1361	154.3232	1.845202	2.709187	0.3747208	1.048465
8730	-437.8487	-594.7646	156.9159	1.876309	0.3908148	0.1761451	0.8640138
8736	-432.0728	-588.4072	156.3344	2.131404	0.3908148	0.2784907	0.9109777
8742	-438.9116	-594.3749	155.4632	1.962793	1.153091	0.2784907	0.9805702
8748	-438.4973	-594.1816	155.6843	1.906141	1.308217	0.2025069	0.8799475
8754	-443.7191	-599.2278	155.5087	2.188316	1.130422	0.2455481	0.787649
8760	-438.4594	-593.7357	155.2764	1.702171	2.46525	0.08585408	1.181951
8766	-450.1379	-605.9507	155.8128	1.77468	1.458344	0.08585408	1.181951
8772	-440.8157	-596.1091	155.2934	1.930968	1.729903	0.2050729	0.9361864
8778	-439.2684	-594.7912	155.5228	2.165417	1.729903	0.1311545	0.6236088
8784	-433.0371	-588.2708	155.2337	2.727773	0.9616473	0.2328273	0.3532485
8790	-439.7089	-594.7126	155.0037	2.620099	0.80627	0.4700605	0.3532485
8796	-434.351	-590.2097	155.8587	2.715722	0.4505707	0.2345309	0.2967896
8802	-438.6973	-594.4074	155.71	2.831426	0.5687825	0.1795993	0.2961589
8808	-434.7126	-590.592	155.8793	2.690739	0.5747443	0.1795993	0.3271956
8814	-434.9901	-591.2667	156.2767	2.533641	0.4977488	0.1608595	0.404595
8820	-421.9584	-578.2285	156.2702	2.550604	0.5664351	0.1283911	0.4115531
8826	-425.9629	-582.4691	156.5061	2.455969	0.4040684	0.1556579	0.35371
8832	-432.0309	-588.0752	156.0443	2.553068	0.5546644	0.2005027	0.4127129
8838	-428.1842	-584.3139	156.1297	2.425427	0.5546644	0.2005027	0.3467489
8844	-435.8357	-591.0225	155.1868	2.738903	0.7165149	0.3573243	0.3305196
8850	-442.2871	-597.2479	154.9608	2.738903	0.9753182	0.3573243	0.4452879
8856	-437.6232	-592.7971	155.1739	2.293228	0.9753182	0.484665	0.5226884
8862	-430.8003	-586.9998	156.1995	2.064798	0.9503761	0.1349215	0.715058
8868	-442.294	-597.5587	155.2646	2.064798	2.121988	0.1349215	0.8046621
8874	-444.392	-599.6424	155.2504	2.134464	2.121988	0.1349215	0.724473
8880	-453.4055	-607.2205	153.815	2.479062	3.061724	0.3526572	0.7884515
8886	-446.7504	-599.8541	153.1037	2.340581	3.061724	0.7701357	1.010487
8892	-446.9459	-602.4267	155.4808	2.184757	1.975454	0.09402616	0.6667964
8898	-446.3515	-601.0838	154.7323	2.413422	3.95567	0.02759434	0.5582179
8904	-445.0585	-599.679	154.6206	2.43387	3.719103	0.06354666	0.441219
8910	-443.9195	-597.8066	153.8871	2.382303	7.376865	0.02637025	0.522745
8916	-447.811	-600.282	152.471	2.378075	17.98117	0.01638398	0.4774711
8922	-445.2884	-597.8805	152.5921	1.972002	17.98117	0.01205031	0.9579284
8928	-443.8346	-596.763	152.9284	2.099713	13.30613	0.01286415	1.008337
8934	-443.4798	-596.7419	153.2621	2.082964	11.1757	0.0238789	0.981612
8940	-437.7054	-592.5723	154.8669	2.285511	3.828963	0.0238789	0.6853903
8946	-447.0133	-601.0842	154.0709	2.132186	5.569962	0.03096128	1.144568
8952	-444.0672	-597.6046	153.5375	1.923856	9.679749	0.03096128	1.065654
8958	-435.2852	-588.9127	153.6274	1.86116	6.636642	0.01363109	1.532294
8964	-445.663	-598.7197	153.0567	1.982264	6.636642	0.01363109	1.851813
8970	-436.3387	-589.8162	153.4775	1.745287	5.654755	0.01363109	1.885121
8976	-440.4868	-595.1087	154.6219	1.400795	4.136378	0.03887955	1.587168
8982	-447.2279	-600.5485	153.3205	1.615399	10.6919	0.03887955	1.349798
8988	-446.5104	-600.6888	154.1785	1.816907	6.851375	0.02106803	1.088761
8994	-442.791	-597.48	154.6889	1.596273	5.037919	0.0313996	1.195404
9000	-452.6101	-607.2918	154.6817	1.388822	5.037919	0.05921249	1.261962
9006	-446.3375	-601.5771	155.2396	1.388822	2.41815	0.06299077	1.562008
9012	-456.2258	-610.4186	154.1928	1.813024	6.871221	0.06299077	0.8818982
9018	-450.3434	-607.2067	156.8633	2.051896	0.7017575	0.06457268	0.5715078
9024	-435.9853	-592.986	157.0007	2.001073	0.3623904	0.1574394	0.7438586
9030	-432.5942	-589.5802	156.986	2.001073	0.3623904	0.1574394	0.7657011
9036	-449.5818	-606.5971	157.0153	2.218828	0.3815158	0.1073455	0.5616658
9042	-444.2713	-600.0824	155.8111	2.218828	1.155991	0.1585955	0.6191467
9048	-431.1754	-587.8105	156.6352	2.12076	0.528159	0.1646238	0.5859987
9054	-437.5773	-593.628	156.0508	2.088265	0.9546321	0.1646238	0.7414669
9060	-435.8642	-591.982	156.1178	2.063945	1.14583	0.1067841	0.7207142
9066	-444.2229	-599.7276	155.5047	1.920667	2.2936	0.08699692	0.8124297
9072	-442.0137	-597.1502	155.1365	1.973249	2.783418	0.1261818	0.6837565
9078	-442.1524	-598.139	155.9866	2.084818	1.530374	0.05382372	0.7860547
9084	-442.9464	-598.9797	156.0333	1.958047	1.530374	0.07013418	0.7860547
9090	-436.1254	-592.0098	155.8843	1.51124	1.530374	0.07013418	1.356907
9096	-434.351	-590.7332	156.3822	1.411335	0.7739537	0.1106849	1.449397
9102	-434.3605	-590.9355	156.575	1.680425	0.4594988	0.1997803	1.193918
9108	-436.3688	-593.0444	156.6755	1.653643	0.4594988	0.1997803	1.129145
9114	-441.8104	-598.5686	156.7582	1.870853	0.4594988	0.1997803	0.8181112
9120	-439.7132	-596.4265	156.7134	2.014351	0.6817765	0.1085722	0.62193
9126	-440.3531	-596.6396	156.2864	2.212543	0.6817765	0.1712532	0.62193
9132	-444.9845	-601.012	156.0275	2.012595	0.8383406	0.2416242	0.7355518
9138	-439.3386	-596.2666	156.928	2.121121	0.5431921	0.07535797	0.6733946
9144	-438.1825	-595.349	157.1665	1.974401	0.2710428	0.1601136	0.8240475
9150	-448.1619	-603.6484	155.4865	1.782702	0.7859459	0.2199934	1.555864
9156	-436.0181	-591.3079	155.2898	1.616135	0.7859459	0.2199934	1.81432
9162	-448.3281	-604.7441	156.416	1.706072	0.533771	0.07797793	1.557386
9168	-444.1718	-600.9847	156.8129	1.584614	0.3456577	0.212952	1.22671
9174	-447.4615	-604.3966	156.9351	1.989027	0.5984569	0.05732266	0.8606062
9180	-445.6443	-601.0234	155.3791	2.353292	1.90469	0.09176171	0.6358488
9186	-428.8933	-585.1781	156.2848	2.307203	0.7767338	0.1168006	0.5666828
9192	-435.7338	-592.2424	156.5086	2.220972	0.6746378	0.1168006	0.5063718
9198	-424.6899	-580.9854	156.2955	2.366473	0.5595199	0.1826344	0.4970404
9204	-441.8627	-598.1295	156.2668	2.394648	0.5595199	0.1826344	0.5163359
9210	-434.9288	-590.3622	155.4333	2.416121	1.299778	0.1826344	0.4611341
9216	-422.9573	-578.2933	155.336	2.354466	1.294836	0.2305557	0.6216328
9222	-423.3708	-579.5353	156.1644	1.781889	0.6599959	0.2739035	1.010587
9228	-428.0086	-584.3683	156.3597	2.093704	0.6599959	0.1905692	0.6536576
9234	-431.6106	-588.2565	156.6459	2.4037	0.2954983	0.2094825	0.3945129
9240	-427.567	-584.2948	156.7278	2.104145	0.3986413	0.2094825	0.6183979
9246	-436.5922	-592.1889	155.5967	2.228864	0.9954314	0.2094825	0.910091
9252	-435.4237	-591.2726	155.8489	2.350431	0.5933819	0.3427818	0.4850143
9258	-437.0791	-592.6559	155.5767	2.605214	0.796578	0.2383749	0.4850143
9264	-445.2983	-600.3575	155.0592	2.27865	0.9744755	0.5182966	0.7205358
9270	-436.0083	-591.2628	155.2544	2.255617	1.084671	0.3834132	0.6467869
9276	-430.7551	-587.236	156.4808	1.830027	0.5071431	0.1710639	1.15347
9282	-428.0061	-584.3717	156.3656	1.751771	0.5071431	0.2734902	1.065954
9288	-433.4187	-589.2679	155.8492	1.790562	0.6308851	0.2734902	1.316801
9294	-434.2036	-590.5205	156.3169	1.991802	0.568529	0.2223807	0.910346
9300	-428.6271	-585.7029	157.0759	1.896988	0.5344941	0.07269975	0.8278912
9306	-429.9794	-586.2868	156.3074	1.607097	0.5407576	0.1853634	1.398126
9312	-432.0304	-587.967	155.9367	1.739242	0.6291267	0.3129137	1.211759
9318	-450.5486	-606.4449	155.8963	2.035828	0.6291267	0.3129137	0.9749355
9324	-447.4785	-603.5713	156.0928	1.849523	0.7122221	0.3538087	0.7132002
9330	-441.8266	-597.7008	155.8741	2.213923	0.5840582	0.3538087	0.7612238
9336	-425.3699	-581.9027	156.5328	2.126435	0.5840582	0.1540841	0.693656
9342	-436.2807	-592.5561	156.2754	1.780212	0.5618267	0.2822339	1.021807
9348	-446.3083	-603.4551	157.1468	1.590118	0.5104569	0.09314001	1.025734
9354	-446.8574	-602.3148	155.4574	1.449766	0.9184979	0.09973269	1.99252
9360	-439.2974	-595.5837	156.2863	1.78849	0.6521607	0.09122893	1.41687
9366	-441.7926	-597.7509	155.9584	1.79451	0.8631868	0.3233104	0.8206862
9372	-438.4251	-593.6163	155.1912	2.161336	1.219316	0.3233104	0.8844246
9378	-448.6431	-603.8283	155.1852	2.233827	1.663489	0.2339127	0.5856748
9384	-456.1927	-611.6598	155.4671	2.576468	0.8866104	0.2518545	0.5192728
9390	-448.0008	-604.7264	156.7256	2.119519	0.588414	0.1113565	0.6262525
9396	-443.5549	-600.6521	157.0972	1.947947	0.5645523	0.04066353	0.875391
9402	-438.3466	-592.7441	154.3975	2.715833	1.834979	0.2804694	0.3190396
9408	-446.321	-601.2079	154.8868	2.781837	1.853101	0.08125192	0.2599648
9414	-442.3736	-597.2334	154.8598	2.781837	1.93274	0.08125192	0.2723534
9420	-438.2463	-593.2427	154.9964	2.726728	1.93274	0.07431002	0.3060028
9426	-435.8251	-591.4437	155.6186	2.581083	0.8441495	0.17839	0.3060028
9432	-445.7731	-602.2877	156.5146	1.838552	0.7437607	0.1426975	0.8741254
9438	-438.5476	-595.1861	156.6384	1.952262	0.598355	0.152945	0.7745269
9444	-440.7325	-598.0195	157.287	1.974277	0.2170097	0.1862567	0.7383614
9450	-438.9612	-595.3572	156.396	1.759908	0.7069605	0.08170706	1.329368
9456	-438.3088	-595.2743	156.9655	1.692144	0.4789539	0.08170706	1.192468
9462	-444.1211	-600.1011	155.9799	1.940948	0.93841	0.1789819	0.9698591
9468	-441.1302	-597.487	156.3569	1.615939	0.7790293	0.1789819	1.093176
9474	-443.0032	-599.8399	156.8367	1.939178	0.6952637	0.07109155	0.7941754
9480	-439.3493	-595.0434	155.6941	1.790446	1.357056	0.1826523	1.014903
9486	-438.2009	-591.4732	153.2724	2.101554	1.405039	1.313384	1.402964
9492	-439.3002	-593.5742	154.274	2.212257	0.7311486	0.8360412	1.402964
9498	-431.7659	-586.798	155.0321	1.603074	1.566279	0.2974484	1.348011
9504	-426.6346	-583.018	156.3834	1.819481	0.5766639	0.1438162	1.233044
9510	-441.9082	-597.7584	155.8502	1.680445	0.7283304	0.2120421	1.429594
9516	-430.0069	-586.0927	156.0857	2.104103	0.5176743	0.3488768	0.7772348
9522	-440.6717	-596.0713	155.3996	2.253308	0.8430505	0.4243073	0.7010394
9528	-439.266	-594.1811	154.9152	2.073518	1.375493	0.4243073	0.9194759
9534	-448.0299	-605.2542	157.2243	1.882211	0.3494789	0.1309804	0.7688416
9540	-441.7579	-598.7196	156.9617	2.107071	0.3818311	0.1309804	0.7256581
9546	-447.0357	-603.5173	156.4815	1.964431	0.6950658	0.1487295	0.8098721
9552	-439.608	-596.8892	157.2812	1.817424	0.3099287	0.1487295	0.8098721
9558	-441.0801	-597.632	156.5519	2.118009	0.3390026	0.2976807	0.7247889
9564	-430.0181	-586.9134	156.8953	2.416518	0.3390026	0.1068364	0.6052567
9570	-432.6216	-588.7472	156.1256	2.457313	0.6842673	0.1529136	0.5056685
9576	-428.8208	-584.9583	156.1374	2.383676	0.6842673	0.1712972	0.5056685
9582	-426.7449	-583.2965	156.5516	2.440788	0.4147693	0.1541503	0.4389327
9588	-433.8423	-590.4744	156.6322	2.575919	0.5154207	0.06071482	0.5505564
9594	-429.8445	-586.3698	156.5254	2.596449	0.5154207	0.07024778	0.3650029
9600	-436.6146	-593.1977	156.5831	2.496982	0.451909	0.1016237	0.3545402
9606	-425.5262	-580.7817	155.2556	2.403085	1.773607	0.1327879	0.4037954
9612	-432.1496	-588.1137	155.9641	2.601932	0.7230867	0.1381753	0.4084109
9618	-438.7416	-594.692	155.9504	2.480716	0.5135042	0.2943735	0.5126005
9624	-436.6664	-593.554	156.8877	2.479471	0.368865	0.08403031	0.4878923
9630	-434.6285	-590.464	155.8354	2.427719	0.5273735	0.3604551	0.4878923
9636	-429.0447	-584.8856	155.841	2.273136	0.6928653	0.3169717	0.5487169
9642	-431.0617	-587.19	156.1283	2.262713	0.6928653	0.2033361	0.6049474
9648	-439.9382	-595.7983	155.8601	2.262713	0.9141336	0.2056631	0.6049474
9654	-432.8066	-588.7252	155.9186	2.059146	0.9979016	0.2056631	0.7239421
9660	-432.1724	-588.7341	156.5617	1.834722	0.5742257	0.2056631	0.8546931
9666	-434.4899	-590.4045	155.9146	1.924981	0.8469786	0.2587862	0.920727
9672	-444.7591	-601.4924	156.7333	1.761184	0.8469786	0.09348253	0.7871843
9678	-434.8961	-591.7584	156.8623	1.817612	0.7119554	0.09348253	0.754925
9684	-430.1537	-585.8894	155.7357	2.096547	1.762138	0.09348253	0.5866537
9690	-433.3576	-588.9081	155.5505	2.030488	2.113453	0.09839453	0.6371249
9696	-433.4756	-588.5546	155.079	2.119163	2.723175	0.09839453	0.766573
9702	-436.0475	-593.0684	157.0209	1.930064	0.5184045	0.1030678	0.6999521
9708	-435.468	-590.9056	155.4376	2.312575	1.994636	0.07682015	0.6263763
9714	-430.9634	-585.6247	154.6613	2.312575	4.391479	0.02936639	0.6314523
9720	-441.5826	-598.6201	157.0375	2.046984	0.6069845	0.02183631	0.8438104
9726	-434.6737	-591.5454	156.8717	2.207699	0.6069845	0.04635933	0.7032852
9732	-436.2045	-591.604	155.3995	2.663573	1.549491	0.04635933	0.27263
9738	-439.1754	-593.6931	154.5178	2.591759	3.742999	0.04635933	0.3880733
9744	-443.6637	-597.763	154.0994	2.88945	4.229567	0.01947169	0.3140224
9750	-442.3325	-596.2753	153.9429	2.922766	4.323203	0.01947169	0.253351
9756	-435.4376	-590.8123	155.3746	2.683679	1.852121	0.02414157	0.3545463
9762	-435.9053	-590.6723	154.767	2.465178	3.341055	0.05071467	0.3798323
9768	-435.525	-592.3133	156.7883	2.2289	0.5314647	0.07588651	0.7535174
9774	-447.6276	-603.4621	155.8346	2.414023	1.31138	0.07588651	0.540467
9780	-437.565	-594.4322	156.8672	2.287533	0.4953558	0.07968462	0.5127804
9786	-436.2573	-592.5444	156.2871	2.100826	0.8734286	0.1346849	0.6375631
9792	-443.4637	-599.0863	155.6226	2.085764	1.445538	0.1527201	0.7979557
9798	-443.0414	-599.4455	156.404	1.799613	0.9577406	0.1330266	0.803171
9804	-438.8481	-594.6789	155.8307	1.893119	0.8090087	0.2359496	1.135218
9810	-436.5071	-591.9824	155.4753	1.91291	1.54988	0.2031705	0.897906
9816	-443.7916	-598.967	155.1754	2.067809	2.058981	0.2031705	0.6330616
9822	-433.5825	-589.5309	155.9484	2.328805	0.7747512	0.2054512	0.6174281
9828	-431.1839	-587.1577	155.9738	2.17147	1.098271	0.1215448	0.7532566
9834	-427.7917	-584.6229	156.8312	2.084915	0.6165736	0.07553013	0.7141704
9840	-434.394	-590.5108	156.1168	2.189508	0.948756	0.1139046	0.7766855
9846	-428.0629	-585.1154	157.0525	2.187696	0.409647	0.08042257	0.7001531
9852	-416.9798	-574.0691	157.0893	2.138568	0.409647	0.08042257	0.7209199
9858	-425.6211	-582.7688	157.1478	2.028226	0.409647	0.0919673	0.7209199
9864	-429.3852	-585.7524	156.3672	2.210896	0.409647	0.2919245	0.6573281
9870	-433.9705	-590.0275	156.057	2.125563	0.6916662	0.2699584	0.6728935
9876	-422.7117	-578.164	155.4523	1.811446	1.974028	0.1398283	0.9587066
9882	-431.8021	-586.7242	154.9221	2.056769	1.974028	0.1748146	1.118235
9888	-435.4221	-591.4244	156.0023	1.813709	0.872837	0.1573592	1.199549
9894	-445.4024	-600.3425	154.9402	1.956262	0.5251425	0.309037	1.911708
9900	-440.8025	-596.6121	155.8096	1.748142	0.5172815	0.2228146	1.61051
9906	-436.2	-592.7152	156.5152	1.870763	0.5780776	0.1954656	0.8956831
9912	-444.5183	-600.5248	156.0064	1.718582	1.05404	0.1017748	1.295429
9918	-438.18	-593.6768	155.4968	2.465707	1.211494	0.1701184	0.4533339
9924	-429.6608	-584.9102	155.2494	2.25976	1.644857	0.2107831	0.4819205
9930	-434.4744	-589.5883	155.1139	2.25976	1.846332	0.2107831	0.4538013
9936	-444.9057	-600.1054	155.1997	2.003484	2.373141	0.1462926	0.7339609
9942	-433.7592	-588.8701	155.111	1.763084	2.532032	0.1462926	1.026696
9948	-428.6266	-584.0277	155.4011	1.876079	1.917648	0.1271658	1.026696
9954	-443.4825	-598.8238	155.3413	1.926563	1.926326	0.128247	1.026696
9960	-441.3618	-596.6956	155.3339	1.922347	1.926326	0.1215347	1.06259
9966	-445.4382	-601.9322	156.494	1.662709	0.774361	0.1215347	1.114727
9972	-445.2951	-601.572	156.2769	1.634381	0.774361	0.1202149	1.327293
9978	-442.3625	-597.444	155.0815	1.87633	3.001531	0.1202149	0.8054324
9984	-448.2898	-604.4458	156.1559	1.888947	1.623153	0.05200705	0.7428678
9990	-457.9527	-612.7492	154.7966	2.141303	1.442866	0.4116464	0.943821
9996	-448.3199	-603.8401	155.5203	2.044751	0.7768773	0.4116464	0.9446725
10002	-443.8581	-599.5145	155.6564	2.041536	0.6631089	0.4313728	0.9183783
10008	-444.3804	-600.1684	155.788	1.972561	0.73349	0.2734325	1.097126
10014	-435.0346	-590.3536	155.319	1.796581	1.729892	0.2734325	0.8506335
10020	-448.58	-602.0353	153.4553	1.796581	3.21065	0.4596768	1.497349
10026	-451.7391	-607.4478	155.7086	1.683127	0.8871285	0.1297246	1.596264
10032	-445.1719	-601.0403	155.8684	1.618577	0.6556105	0.1236512	1.746053
10038	-432.4493	-588.6057	156.1564	1.701773	1.034507	0.1236512	1.1226
10044	-437.4124	-594.2379	156.8255	1.772136	0.304773	0.1393887	1.331697
10050	-446.499	-601.8077	155.3087	1.485097	1.160354	0.2093926	1.643654
10056	-446.1746	-601.6747	155.5001	1.164327	0.6589391	0.1535811	2.220604
10062	-453.3287	-608.3678	155.039	1.62535	0.6589391	0.1535811	2.220604
10068	-449.9134	-605.1492	155.2359	1.370374	0.4164894	0.6045633	1.876096
10074	-449.7419	-605.2978	155.5559	1.393197	0.5474587	0.2394197	1.968519
10080	-437.2819	-592.1982	154.9163	1.409369	0.7033942	0.4211053	1.968519
10086	-449.3829	-605.0295	155.6465	1.734032	0.3944308	0.5317801	1.42893
10092	-471.1941	-625.3589	154.1648	1.31894	0.8950581	0.4253378	2.363485
10098	-458.0453	-613.3645	155.3192	1.420633	0.6350151	0.4253378	1.742538
10104	-447.3317	-602.4991	155.1674	1.550774	1.541457	0.2032147	1.488707
10110	-432.3606	-587.4314	155.0708	2.159257	1.087251	0.4904477	0.7849626
10116	-440.0693	-596.5403	156.4711	2.159257	0.4158912	0.2358957	0.7849626
10122	-432.4316	-588.7658	156.3342	2.223362	0.6755981	0.1454822	0.6992206
10128	-432.5334	-587.6139	155.0805	2.314751	2.168911	0.1454822	0.541916
10134	-436.3893	-592.477	156.0877	2.112775	0.9571404	0.1454822	0.7443359
10140	-433.1804	-588.442	155.2616	2.130547	1.499861	0.2185825	0.883901
10146	-440.0987	-595.7545	155.6559	2.410682	0.7765621	0.2662552	0.7065054
10152	-444.8889	-599.9069	155.018	2.182876	1.699149	0.3100322	0.6012039
10158	-440.3979	-595.6013	155.2034	2.316772	0.7403183	0.5858475	0.6802778
10164	-432.8986	-587.076	154.1774	2.474549	0.7403183	1.207534	0.9185436
10170	-448.8248	-604.1608	155.336	2.362637	0.2793842	1.106425	0.6853358
10176	-449.1676	-604.8118	155.6442	2.162947	0.2793842	0.7513316	1.017961
10182	-440.033	-595.5355	155.5025	2.168375	0.2746494	0.7513316	1.155092
10188	-442.8543	-596.5468	153.6924	2.234611	0.4644416	2.30074	1.28892
10194	-425.6637	-578.7948	153.1311	2.683912	0.8764425	2.30074	0.8617983
10200	-431.7862	-585.2771	153.4909	2.052484	0.7983831	1.913251	1.390801
10206	-427.1814	-582.2502	155.0688	2.109746	0.7983831	0.6404884	0.9365812
10212	-429.6124	-584.7869	155.1745	1.962615	0.7983831	0.3612536	1.387857
10218	-431.8455	-587.2471	155.4016	1.723608	0.7983831	0.3894951	1.35256
10224	-435.3214	-590.6104	155.289	1.85257	0.8452144	0.5069221	1.116191
10230	-432.5972	-587.5458	154.9485	1.531977	1.044074	0.65578	1.312833
10236	-432.5128	-586.2076	153.6948	1.63348	1.044074	0.7171191	2.078073
10242	-434.6585	-587.7244	153.0659	1.569275	1.631805	0.7171191	2.219386
10248	-440.9407	-596.5715	155.6308	1.752191	1.392811	0.23225	0.9414018
10254	-436.7056	-592.9314	156.2258	1.99492	0.6863288	0.1881752	0.935046
10260	-444.1175	-599.8946	155.777	2.246795	0.4155151	0.5921205	0.6379405
10266	-434.2813	-590.031	155.7498	2.151955	0.7386549	0.3766293	0.6363818
10272	-432.0895	-587.984	155.8945	2.00718	0.7386549	0.3766293	0.6363818
10278	-440.7746	-596.8957	156.121	1.88268	1.213573	0.1220075	0.8040566
10284	-448.4868	-604.6453	156.1585	2.184239	0.7196648	0.2066354	0.6157119
10290	-434.4576	-590.9009	156.4432	1.921384	0.5072319	0.2066354	1.000264
10296	-433.8593	-590.0356	156.1763	1.823143	0.4625321	0.3342819	1.11456
10302	-443.9456	-599.5187	155.5731	2.244049	0.5381868	0.591755	0.6308061
10308	-451.4963	-607.4289	155.9326	2.082075	0.5381868	0.3831975	0.8693903
10314	-450.091	-605.8194	155.7284	2.261821	1.011098	0.2199595	0.5774333
10320	-433.8629	-589.8523	155.9894	2.001253	1.165344	0.1208707	0.877842
10326	-434.5518	-591.68	157.1283	1.881198	0.3738815	0.1208707	0.877842
10332	-427.8999	-584.5429	156.6429	1.574409	0.8413627	0.1001732	1.066342
10338	-426.4949	-582.5703	156.0754	1.636969	0.8413627	0.08457288	1.535226
10344	-434.6224	-591.2479	156.6255	1.554583	0.4966561	0.08587723	1.532232
10350	-443.7605	-599.7528	155.9923	1.740725	1.235059	0.08884552	1.1988
10356	-430.5409	-586.4961	155.9553	1.799057	0.6618197	0.248914	1.239038
10362	-424.221	-580.5572	156.3361	2.098515	0.6618197	0.1681942	0.7956479
10368	-422.6831	-579.3871	156.704	1.807043	0.4420869	0.1681942	1.081806
10374	-422.009	-578.731	156.722	1.689572	0.2744189	0.1681942	1.455452
10380	-438.8588	-594.9703	156.1115	1.864229	0.8110778	0.1681942	1.087629
10386	-427.5064	-583.861	156.3546	1.96019	0.6229107	0.1892758	0.9233278
10392	-421.724	-577.6244	155.9004	1.571063	0.6229107	0.2115334	1.580567
10398	-440.953	-596.8674	155.9145	1.556956	0.6229107	0.2115334	1.580567
10404	-452.9599	-608.8627	155.9027	1.531259	0.729682	0.3146439	1.298351
10410	-445.2586	-600.4276	155.1689	1.715511	1.301384	0.3053302	1.295062
10416	-442.7437	-598.8521	156.1084	2.002195	1.213828	0.1045594	0.7524
10422	-453.8266	-609.8152	155.9886	1.845	1.213828	0.1045594	1.064341
10428	-440.137	-596.4929	156.3559	1.954486	0.8095517	0.1336342	0.8700147
10434	-440.85	-595.7711	154.9211	2.161688	1.793995	0.2634291	0.8700147
10440	-435.3518	-590.8873	155.5355	1.959538	2.116141	0.09448672	0.8042049
10446	-432.4086	-588.7017	156.2932	2.139835	0.4070336	0.3326417	0.7561102
10452	-440.5684	-596.8036	156.2352	2.22793	0.4070336	0.3326417	0.708654
10458	-434.195	-590.716	156.521	2.063009	0.4615008	0.2411516	0.708654
10464	-432.2496	-588.235	155.9853	2.060988	0.7833398	0.2153894	0.9038028
10470	-438.5074	-594.6886	156.1813	2.060988	0.7887855	0.164982	0.8489993
10476	-435.6474	-592.1028	156.4554	2.060988	0.7887855	0.1210135	0.6804171
10482	-431.1715	-586.7043	155.5328	2.155284	1.366522	0.2059144	0.6552431
10488	-441.4541	-598.0358	156.5817	2.209715	0.6230065	0.07302554	0.8851901
10494	-450.2651	-606.7852	156.5201	1.89562	0.8974155	0.07302554	0.9268278
10500	-459.1959	-613.9971	154.8011	1.800625	2.180964	0.2190154	1.227898
10506	-452.3324	-607.4932	155.1609	1.899022	2.180964	0.1436729	1.031195
10512	-452.0686	-607.6297	155.5611	1.915318	0.7258251	0.3580611	1.188292
10518	-435.2418	-592.0042	156.7624	1.874048	0.5433662	0.0643605	1.191095
10524	-437.7373	-594.4849	156.7476	1.878358	0.5433662	0.1339764	0.9164852
10530	-441.5427	-597.7512	156.2085	1.694812	0.5520356	0.1339764	1.526015
10536	-433.2157	-588.4015	155.1858	1.8367	0.9128917	0.2744299	1.526016
10542	-434.1432	-590.563	156.4198	2.127354	0.7227103	0.1184142	0.7774132
10548	-434.6109	-590.4272	155.8163	2.177059	0.8038662	0.2410943	0.8545502
10554	-437.9549	-593.3979	155.443	1.893112	1.069367	0.365308	0.953049
10560	-436.4082	-592.0924	155.6842	1.650298	1.069367	0.2222217	1.266584
10566	-430.7425	-585.3803	154.6378	2.416961	1.097381	0.609362	0.7586991
10572	-427.0284	-583.0666	156.0383	1.933186	0.3836528	0.4133908	1.127809
10578	-435.2489	-591.7126	156.4637	1.98123	0.3836528	0.2611451	0.993315
10584	-427.3155	-582.9315	155.616	1.927394	1.135917	0.2611451	0.9186631
10590	-427.1218	-583.5786	156.4568	1.997415	0.8100007	0.09807034	0.8669387
10596	-424.8502	-581.0775	156.2273	2.090205	0.6318431	0.2006435	0.8669387
10602	-444.513	-600.5018	155.9888	1.764438	1.045102	0.2084755	0.9387584
10608	-432.9242	-588.244	155.3198	1.764438	1.255273	0.2084755	1.366125
10614	-431.9959	-587.6497	155.6539	1.802627	0.8742457	0.1270348	1.566737
10620	-429.8226	-586.5757	156.753	1.632934	0.3327868	0.131349	1.470561
10626	-435.5639	-592.7351	157.1712	1.739528	0.3327868	0.131349	1.030263
10632	-431.3597	-587.3623	156.0025	1.817748	1.322488	0.07619272	1.108604
10638	-436.9809	-593.1538	156.1729	1.815036	1.308163	0.07619272	0.9571202
10644	-449.2644	-606.4737	157.2093	1.550908	0.6428586	0.05138929	1.001834
10650	-438.3111	-593.9156	155.6044	1.659702	1.181104	0.2443291	1.188778
10656	-437.6443	-594.1863	156.5419	1.609172	0.704141	0.1248197	1.186175
10662	-442.2863	-597.8494	155.5631	1.484169	1.120068	0.1248197	1.689837
10668	-442.0811	-596.759	154.6779	1.638879	2.299842	0.04159049	1.89942
10674	-439.9206	-594.8752	154.9546	1.632769	3.883349	0.04159049	1.201493
10680	-433.1188	-587.9473	154.8285	1.662018	1.672991	0.1080948	1.822986
10686	-433.3276	-588.7442	155.4166	1.429298	0.8653331	0.0652057	2.17454
10692	-430.9511	-586.8657	155.9146	1.712426	1.44404	0.07875704	1.185107
10698	-438.5111	-594.2914	155.7803	1.722717	0.8439319	0.2984503	1.156057
10704	-446.1302	-603.4396	157.3095	1.6799	0.3563919	0.1105214	0.9829906
10710	-444.1258	-601.9483	157.8225	1.911451	0.1977365	0.06317702	0.8277191
10716	-443.1507	-599.8271	156.6764	1.703333	0.4930458	0.112153	1.295544
10722	-439.2706	-596.0176	156.747	1.992081	0.6097418	0.05876563	1.032279
10728	-439.568	-595.8605	156.2925	1.891233	1.371382	0.05876563	0.7619837
10734	-431.9323	-587.2579	155.3256	1.848495	1.371382	0.2446981	1.127789
10740	-434.0626	-590.2053	156.1427	1.910313	1.053156	0.1242462	0.9100495
10746	-433.7941	-590.3808	156.5868	1.89247	0.7352754	0.1242462	0.8168056
10752	-436.6105	-592.8695	156.259	2.237868	0.4866145	0.2778344	0.6033622
10758	-440.8389	-597.1083	156.2694	1.955879	0.440626	0.2778344	1.061904
10764	-446.2465	-602.2718	156.0253	2.003579	0.6161458	0.257695	1.02943
10770	-446.521	-602.0869	155.5659	2.143058	0.6161458	0.5124536	0.8173431
10776	-437.3156	-592.2087	154.8931	2.424774	0.8349677	0.6698061	0.6167609
10782	-433.2831	-588.9399	155.6568	2.286117	0.8938071	0.2788009	0.6218615
10788	-448.7719	-604.402	155.6302	2.323763	0.9989141	0.2259777	0.660284
10794	-442.5699	-597.9627	155.3928	2.019023	1.633851	0.2259777	0.6980435
10800	-444.0966	-601.0231	156.9265	1.95947	0.3901518	0.09481454	1.08118
10806	-448.2541	-605.9843	157.7302	1.95947	0.1940503	0.09481454	0.6946752
10812	-441.1431	-597.4395	156.2964	2.193759	0.5124191	0.2662194	0.5799725
10818	-439.9532	-595.9348	155.9816	2.280474	1.255489	0.08348562	0.5206229
10824	-442.0313	-597.9266	155.8954	2.475696	0.7393887	0.1951681	0.5473228
10830	-432.7641	-588.4273	155.6632	2.396424	0.7778946	0.2943704	0.5471432
10836	-433.6249	-589.3893	155.7644	2.283294	0.7778946	0.2943704	0.5952085
10842	-426.7433	-582.4811	155.7378	1.99015	0.7778946	0.2943704	1.028599
10848	-434.005	-589.8983	155.8933	1.848022	0.7778946	0.230249	1.166201
10854	-453.9947	-609.7724	155.7778	1.739498	0.4051889	0.2545947	1.71877
10860	-436.9271	-592.5274	155.6003	1.832618	1.018056	0.2545947	1.150662
10866	-433.9371	-590.2891	156.352	1.787379	1.018056	0.08361913	1.031616
10872	-450.4091	-607.0755	156.6663	1.771637	0.6901636	0.08799756	1.082208
10878	-442.8402	-598.8274	155.9872	1.661656	1.011493	0.2652735	0.9209127
10884	-447.4845	-601.0887	153.6042	2.139682	1.461266	0.9208208	1.364468
10890	-443.8194	-599.1453	155.3258	2.243345	1.156089	0.3327596	0.4141912
10896	-442.4094	-597.3396	154.9301	2.435909	1.362982	0.3499131	0.4357013
10902	-450.4059	-605.849	155.4431	1.692029	0.8823939	0.3786984	1.2847
10908	-439.0941	-595.0338	155.9397	1.829945	0.9967209	0.1456025	1.162198
10914	-438.5784	-595.2381	156.6597	1.918778	0.4974038	0.18569	0.8540759
10920	-440.1014	-596.866	156.7647	1.954966	0.3437508	0.18569	1.012618
10926	-438.1781	-594.813	156.6349	2.090637	0.3837724	0.18569	0.9212647
10932	-440.551	-596.8377	156.2866	1.912647	0.6202303	0.2475102	0.871011
10938	-444.3515	-600.6076	156.2561	2.027806	0.6202303	0.2475102	0.7615481
10944	-434.3946	-591.1727	156.7781	2.141767	0.6202303	0.07852578	0.6731162
10950	-437.4535	-594.0726	156.6191	2.174627	0.4257431	0.2049473	0.6190502
10956	-434.4748	-590.7414	156.2666	2.250008	0.5507428	0.2049473	0.7445657
10962	-442.3162	-599.3724	157.0562	2.143674	0.2472285	0.2049473	0.5699372
10968	-444.0028	-600.7601	156.7573	2.084323	0.3704568	0.2049473	0.7332383
10974	-441.4746	-597.9079	156.4333	2.016147	0.5133703	0.2531031	0.7343017
10980	-445.9706	-601.9408	155.9702	1.87038	0.9397491	0.2531031	0.8178135
10986	-441.5094	-596.6319	155.1225	1.841933	0.9397491	0.4966343	1.19651
10992	-431.7528	-587.1432	155.3905	2.060402	2.023606	0.1156257	0.8160888
10998	-432.4843	-588.6908	156.2065	2.575954	0.6389577	0.1156257	0.4843309
11004	-428.2783	-584.6934	156.4151	2.502755	0.6026326	0.09455545	0.4553006
11010	-440.2478	-596.4123	156.1645	2.502755	0.7598102	0.10149	0.4156932
11016	-434.5139	-590.1136	155.5997	2.520729	1.317572	0.10149	0.4255267
11022	-430.4751	-585.6012	155.126	2.841673	0.8963514	0.2639908	0.3793114
11028	-430.9929	-586.339	155.3461	2.742617	0.6489151	0.2685236	0.244879
11034	-430.2775	-585.0236	154.7461	2.976337	0.6489151	0.470856	0.2716119
11040	-431.9314	-586.9998	155.0684	2.695381	0.7091631	0.470856	0.384031
11046	-428.217	-583.3907	155.1737	2.617347	0.7091631	0.470856	0.453337
11052	-429.1627	-584.2833	155.1206	2.684839	0.7091631	0.4563908	0.4171104
11058	-431.4027	-587.2845	155.8818	2.207887	0.8140309	0.266153	0.4997392
11064	-424.6145	-581.0845	156.47	2.059971	0.6341395	0.1773452	0.6546887
11070	-429.2829	-585.6433	156.3604	2.197812	0.6341395	0.1773452	0.5799886
11076	-444.2819	-600.2709	155.989	2.513845	0.4152764	0.3386303	0.4891767
11082	-433.4811	-589.6066	156.1255	2.218857	0.5260647	0.3060011	0.6547509
11088	-429.9053	-585.8796	155.9742	1.962312	0.7505579	0.2817891	0.8753652
11094	-420.7993	-576.6003	155.801	2.031485	0.7505579	0.2817891	0.98786
11100	-423.8108	-580.1749	156.3641	2.215983	0.6594431	0.1530116	0.6461342
11106	-439.9225	-595.957	156.0345	2.18056	0.5351189	0.315065	0.8053995
11112	-447.31	-603.3459	156.0359	1.943151	0.5351189	0.344374	0.999034
11118	-449.661	-604.5923	154.9313	1.808242	0.580174	0.681059	1.512447
11124	-452.229	-605.9224	153.6934	2.12874	0.9423604	1.298521	1.385296
11130	-447.6146	-601.7326	154.118	2.054142	0.5119644	1.42407	1.466293
11136	-452.9094	-606.4012	153.4918	2.011085	1.020181	1.42407	1.493329
11142	-448.3098	-601.0428	152.733	2.022188	0.9936663	1.903568	1.814563
11148	-445.5036	-599.1346	153.6309	2.022953	1.034467	1.470857	1.338393
11154	-451.8008	-607.7449	155.944	1.846911	1.034467	0.1391713	1.130748
11160	-432.2343	-588.1159	155.8816	1.699567	0.7541778	0.1870649	1.423358
11166	-435.8862	-591.6106	155.7244	1.782624	1.067272	0.1345473	1.356368
11172	-443.7439	-598.6656	154.9217	1.578271	2.569078	0.1414387	1.350531
11178	-465.4164	-619.4458	154.0294	1.892338	2.569078	0.5030191	1.122269
11184	-459.8536	-615.2122	155.3586	1.700184	0.5391654	0.3690484	1.69448
11190	-465.9328	-621.1954	155.2626	1.973425	1.411771	0.1939641	1.172448
11196	-448.3153	-603.779	155.4636	1.978338	1.631772	0.1223584	1.063279
11202	-440.5055	-597.3445	156.839	1.87314	0.5662562	0.1223584	0.8257751
11208	-440.0649	-595.6797	155.6148	1.643167	1.407955	0.1245662	1.352893
11214	-438.5729	-594.1784	155.6055	1.73731	0.5539415	0.4577869	1.339713
11220	-445.8002	-601.2923	155.4921	1.946818	0.8965508	0.4577869	0.8364193
11226	-435.1823	-591.7013	156.5191	2.169247	0.5111524	0.1599894	0.7917271
11232	-443.5389	-599.6522	156.1134	2.142418	0.9066232	0.1599894	0.6516014
11238	-446.5698	-603.2687	156.6989	1.939662	0.8620179	0.07402002	0.6711692
11244	-441.2988	-595.7016	154.4028	1.467168	1.5082	0.3930959	1.791843
11250	-436.7863	-592.2991	155.5129	1.638384	0.7794062	0.3306219	1.444741
11256	-447.1177	-602.4701	155.3524	2.05369	0.7794062	0.3306219	1.241552
11262	-443.0278	-598.7733	155.7455	2.131012	0.7794062	0.3306219	0.7626244
11268	-435.1373	-591.11	155.9727	2.082843	0.7794062	0.2551752	0.7626244
11274	-434.334	-590.2623	155.9283	2.09301	0.7794062	0.2551752	0.8095963
11280	-440.5119	-596.4009	155.889	2.162599	0.7794062	0.2818066	0.6559533
11286	-435.0724	-591.0024	155.93	2.245773	0.658533	0.2830405	0.7071646
11292	-436.6108	-593.1058	156.495	2.245773	0.3854028	0.2344113	0.713071
11298	-424.6087	-580.922	156.3133	2.230798	0.5188472	0.2414843	0.579146
11304	-446.9221	-603.2268	156.3047	1.981395	0.6756808	0.2414843	0.654588
11310	-439.216	-595.4498	156.2338	2.206486	0.5931024	0.2414843	0.5240554
11316	-442.7337	-599.0396	156.3059	1.652832	0.7088771	0.2148237	1.08693
11322	-437.6017	-593.9209	156.3193	1.964121	0.6572562	0.2148237	0.8145904
11328	-442.5589	-597.9111	155.3523	2.085199	0.8771523	0.5540756	0.6147257
11334	-442.9851	-598.2532	155.2681	1.883615	1.831893	0.1988893	0.963134
11340	-451.5608	-607.0112	155.4504	1.649501	0.6730269	0.1988893	1.821346
11346	-434.6535	-590.8545	156.201	1.711924	0.325108	0.4484695	1.22923
11352	-438.9709	-594.6814	155.7105	1.7735	1.441301	0.1622889	1.016342
11358	-442.1074	-598.1618	156.0544	1.925946	1.14585	0.1476163	0.7883363
11364	-441.7655	-597.2451	155.4796	1.724117	1.255609	0.1178361	1.509136
11370	-458.7859	-615.1323	156.3464	2.142578	0.4156527	0.07669714	1.438917
11376	-460.324	-616.2688	155.9448	2.092434	0.9031371	0.07873887	1.248571
11382	-454.6566	-610.7455	156.0889	1.71677	0.9031371	0.03408935	1.5959
11388	-457.4419	-612.4248	154.9829	1.672567	1.401114	0.2108802	1.5959
11394	-450.0036	-604.167	154.1633	1.311553	3.428522	0.07903952	2.004531
11400	-437.8672	-593.8803	156.0131	1.803999	1.01967	0.06087588	1.397821
11406	-440.2011	-595.8679	155.6668	1.886367	1.01967	0.2813628	0.97163
11412	-436.1816	-592.3129	156.1313	1.953581	0.5746899	0.2813628	0.9751978
11418	-435.5473	-591.52	155.9728	2.090422	0.6379004	0.2813628	0.9006165
11424	-437.0171	-593.0488	156.0316	2.099162	0.6379004	0.3270705	0.6539698
11430	-437.9563	-593.1624	155.206	1.960242	1.167423	0.3776566	1.008806
11436	-439.846	-595.1667	155.3207	2.138612	1.100234	0.3776566	0.7335092
11442	-427.9325	-583.429	155.4965	2.159654	1.100234	0.3180403	0.5857021
11448	-434.3239	-589.722	155.3981	2.229984	1.218843	0.2659263	0.691803
11454	-443.4067	-599.5104	156.1036	1.92575	1.218843	0.08756286	0.9374504
11460	-431.9359	-588.3558	156.4198	2.103539	1.101686	0.05680383	0.5398874
11466	-441.3191	-596.7582	155.4391	2.056149	1.101686	0.364503	0.716381
11472	-443.1355	-599.6276	156.4921	1.997266	0.3576224	0.364503	0.716381
11478	-451.3522	-607.4828	156.1305	2.085044	0.398955	0.345141	0.9977989
11484	-449.5695	-605.6904	156.1209	2.313831	0.6728106	0.1603308	0.8107244
11490	-446.033	-602.6391	156.6061	1.720933	0.6112775	0.1789782	0.9623377
11496	-433.3412	-589.3684	156.0273	1.947555	0.6112775	0.1789782	1.281728
11502	-437.3979	-592.7347	155.3369	2.068026	0.6112775	0.517895	1.1307
11508	-445.7069	-601.3238	155.6169	2.102366	0.6112775	0.517895	0.8013996
11514	-421.968	-577.6917	155.7236	2.212684	0.6112775	0.4252369	0.7175107
11520	-436.0594	-592.4547	156.3953	1.853996	0.8020869	0.150752	0.8795734
11526	-438.0203	-593.9048	155.8844	2.137269	1.160413	0.150752	0.6862835
11532	-443.9618	-600.6115	156.6497	2.137269	0.5159312	0.150752	0.6736614
11538	-428.8659	-585.773	156.9071	2.137269	0.5211006	0.08906587	0.6232086
11544	-425.582	-580.9816	155.3996	1.960055	2.783311	0.03910952	0.8842414
11550	-435.5381	-592.0937	156.5556	1.932717	0.7055441	0.07843881	1.056937
11556	-438.3249	-594.366	156.0411	2.260457	0.8945728	0.1615576	0.4870115
11562	-443.7436	-599.2273	155.4837	2.38692	0.8945728	0.3197161	0.4726532
11568	-446.0721	-601.744	155.6719	2.336131	0.7025981	0.3617271	0.4726532
11574	-444.7509	-600.1372	155.3863	2.320684	0.7025981	0.4971765	0.6804655
11580	-445.8501	-601.2014	155.3513	2.356908	0.7025981	0.4971765	0.677982
11586	-445.6926	-602.1916	156.499	2.196701	0.6050256	0.1430444	0.6366314
11592	-438.8112	-595.4574	156.6462	1.723318	0.6050256	0.07079716	1.310493
11598	-427.3202	-583.4719	156.1517	1.875937	0.599238	0.1338574	1.37757
11604	-447.3306	-603.2076	155.8771	1.972663	0.7498616	0.3030291	0.9175914
11610	-444.9544	-601.0958	156.1414	1.977883	0.8661515	0.1105487	1.0916
11616	-447.4739	-603.034	155.5601	1.977883	0.8661515	0.2173261	1.28228
11622	-434.1107	-589.4252	155.3144	2.30169	1.772025	0.1403465	0.6486435
11628	-428.158	-583.6444	155.4863	2.126023	1.772025	0.1344227	0.6981948
11634	-442.3567	-596.6969	154.3403	1.748139	5.147917	0.03970347	1.302107
11640	-434.6	-589.2934	154.6934	1.985653	5.147917	0.03970347	0.6872336
11646	-435.7022	-591.4456	155.7434	1.848501	2.162977	0.06067072	0.8476116
11652	-449.2176	-603.741	154.5234	1.655803	4.922048	0.02976089	1.316283
11658	-435.8281	-590.3266	154.4986	1.657113	3.279908	0.02976089	1.741578
11664	-437.2393	-590.1026	152.8633	1.641079	8.907063	0.02976089	1.900705
11670	-432.356	-585.9328	153.5768	1.492581	7.77698	0.02418826	1.666014
11676	-431.0091	-585.8685	154.8594	1.610521	2.387804	0.1706041	1.366071
11682	-436.092	-591.3491	155.257	1.489216	1.234428	0.1196753	1.84318
11688	-443.1904	-599.0549	155.8645	1.679757	1.902106	0.06715159	1.027459
11694	-440.0241	-594.7579	154.7337	1.72333	4.421917	0.08650712	0.9555098
11700	-436.8593	-593.2654	156.4061	1.911457	1.027476	0.1064576	0.6800969
11706	-434.8231	-590.4376	155.6145	2.116269	1.027476	0.3165414	0.5794661
11712	-446.4118	-603.011	156.5992	2.195387	0.7263952	0.08312157	0.5772334
11718	-441.1396	-596.8623	155.7227	2.348091	1.593605	0.06912323	0.4942935
11724	-441.469	-597.2885	155.8195	2.489628	0.8328939	0.1710217	0.3870072
11730	-439.5135	-594.5174	155.0038	2.064935	1.79214	0.2822726	0.8319312
11736	-447.5151	-602.8525	155.3375	2.023144	1.464082	0.3085182	0.6269523
11742	-442.058	-598.37	156.312	1.948961	0.7146429	0.1218052	1.086312
11748	-449.332	-602.9989	153.6669	2.595415	0.9288466	1.591046	0.7639494
11754	-447.8694	-601.633	153.7636	2.595415	0.8228815	1.591046	0.7924074
11760	-433.0934	-587.9183	154.8249	2.190721	0.8605368	0.7529042	0.8746435
11766	-445.0911	-599.8771	154.786	2.18273	0.5827081	1.040622	0.9721738
11772	-438.3029	-592.8735	154.5706	2.417402	0.6451143	1.025963	0.8688541
11778	-449.4845	-603.2783	153.7938	2.765832	0.6451143	1.71579	0.6989519
11784	-447.5399	-600.4243	152.8844	3.137378	1.194298	1.71579	0.5514701
11790	-461.7503	-614.5207	152.7704	2.910438	2.056809	1.351515	0.5514701
11796	-444.9054	-599.5259	154.6205	2.697369	0.4548817	1.174726	0.5834274
11802	-445.0663	-598.6063	153.5399	2.616705	0.9839629	1.60685	0.8152767
11808	-444.9702	-598.1469	153.1768	2.502434	1.399159	1.60685	0.9445192
11814	-443.399	-596.5682	153.1692	2.686743	1.399159	1.60685	0.7213543
11820	-439.2262	-593.2333	154.0071	2.802063	0.8567699	1.126728	0.5560782
11826	-443.7736	-596.9643	153.1906	2.798098	1.865624	1.126728	0.46554
11832	-429.0645	-584.355	155.2905	2.284118	1.017775	0.4003063	0.5396417
11838	-437.8929	-592.769	154.8761	2.39539	1.376231	0.3806951	0.6329227
11844	-441.6323	-597.5992	155.9669	2.10708	0.831602	0.23329	0.7296325
11850	-432.2036	-587.9672	155.7637	2.047722	0.831602	0.3424734	0.7296325
11856	-421.8266	-577.7071	155.8805	2.23031	0.5174565	0.3576024	0.8561733
11862	-433.1618	-588.8541	155.6923	2.320736	0.6241145	0.3576024	0.7743461
11868	-434.0854	-589.7447	155.6593	2.112895	0.9436669	0.2966476	0.7588109
11874	-437.2295	-593.1308	155.9012	2.023099	0.9436669	0.2565936	0.668797
11880	-449.9501	-606.1386	156.1885	2.155366	0.3871235	0.3051792	0.9808798
11886	-438.6603	-596.0167	157.3565	2.054585	0.2421207	0.124338	0.7304103
11892	-422.264	-578.918	156.654	2.28904	0.388748	0.176337	0.6411941
11898	-432.6905	-588.693	156.0026	1.94599	0.553186	0.2334549	1.242272
11904	-429.5373	-585.9528	156.4154	1.876472	0.553186	0.1792504	1.080547
11910	-433.6231	-590.3819	156.7588	1.883172	0.553186	0.1393239	0.858203
11916	-449.6739	-606.4815	156.8076	1.721483	0.4402991	0.210701	0.9368437
11922	-431.1416	-588.9143	157.7727	1.920475	0.1944706	0.08509896	0.7562405
11928	-432.7534	-589.39	156.6366	2.002937	0.6629873	0.1119481	0.7936004
11934	-439.0584	-595.9142	156.8558	1.790391	0.5637822	0.1100414	0.960786
11940	-439.1995	-596.7193	157.5198	1.836917	0.3071036	0.07250871	0.8832459
11946	-431.0213	-588.6707	157.6493	1.802266	0.3071036	0.07250871	0.7619399
11952	-437.0204	-593.1618	156.1415	1.724941	0.5265344	0.3671789	1.075042
11958	-442.477	-597.9277	155.4507	2.136203	0.5043602	0.7413742	0.7747131
11964	-448.9551	-602.8704	153.9153	2.850349	0.38581	2.1439	0.6140022
11970	-439.7823	-594.4854	154.7031	2.850349	0.4338652	0.9719841	0.4422762
11976	-443.8683	-598.4326	154.5643	2.547606	0.4338652	1.393329	0.7194386
11982	-440.7011	-594.3542	153.6531	2.599862	1.094135	1.393329	0.7508641
11988	-442.1789	-596.5674	154.3885	2.674807	0.5607799	1.16902	0.7560771
11994	-433.184	-587.7824	154.5984	2.727788	0.6760027	0.7979645	0.6753251
12000	-417.275	-573.086	155.811	2.217377	0.6760027	0.3556833	0.6296066
12006	-433.8853	-589.911	156.0258	2.297468	0.6029467	0.2812064	0.5377246
12012	-436.0051	-592.0408	156.0356	2.408162	0.5248441	0.2812064	0.4789966
12018	-433.2683	-590.2241	156.9557	2.029993	0.2495843	0.2812064	0.586598
12024	-439.2008	-594.9634	155.7626	2.017183	0.7655987	0.4011247	0.7146937
12030	-445.5717	-601.7725	156.2008	2.022178	0.8865767	0.1382875	0.849854
12036	-440.4422	-595.7863	155.3441	1.923101	0.8865767	0.4955328	0.9690514
12042	-435.3367	-590.5849	155.2482	2.198244	0.8324283	0.4955328	0.835758
12048	-434.5813	-590.4782	155.8968	1.924585	0.8324283	0.3204251	0.7844222
12054	-437.9141	-593.4512	155.5372	1.95537	0.8324283	0.3204251	1.132485
12060	-444.1185	-600.4472	156.3287	2.237621	0.5000869	0.2467479	0.5555849
12066	-444.7238	-601.116	156.3922	2.088675	0.5000869	0.2587706	0.6937355
12072	-441.0743	-595.366	154.2917	1.891039	2.106722	0.2495427	1.524777
12078	-441.1704	-596.1875	155.0171	1.678501	1.007424	0.2495427	1.737084
12084	-428.7725	-585.143	156.3705	2.140739	0.4733166	0.1548221	1.072486
12090	-425.1968	-580.9294	155.7326	2.159775	0.8902491	0.2495914	0.8308582
12096	-421.472	-577.3231	155.8512	2.443189	0.8902491	0.1648032	0.5269299
12102	-426.7925	-582.4087	155.6161	2.604902	0.8902491	0.1648032	0.3307764
12108	-437.8705	-592.5349	154.6644	2.564754	1.255962	0.4652016	0.4234713
12114	-453.1799	-609.2014	156.0215	1.955533	0.7099103	0.2275586	1.034454
12120	-431.1121	-587.3828	156.2707	2.062587	0.9100686	0.1256943	0.7284905
12126	-433.9865	-589.6363	155.6498	1.829219	1.447144	0.1192808	1.161385
12132	-446.9324	-603.2217	156.2893	2.291481	0.7854388	0.1108101	0.6395274
12138	-446.1002	-602.4488	156.3486	2.187204	0.5516237	0.228074	0.5481329
12144	-446.5398	-602.562	156.0222	2.141728	0.7712542	0.228074	0.7224967
12150	-453.7106	-609.0095	155.2989	2.193295	1.074182	0.3872009	0.6872764
12156	-440.4635	-596.0587	155.5951	2.136789	0.7757157	0.3872009	0.8063613
12162	-444.2165	-599.7346	155.5181	2.426222	0.7757157	0.3481006	0.5340176
12168	-436.2921	-591.6361	155.344	2.544727	0.8059498	0.3481006	0.4026792
12174	-428.4307	-584.4623	156.0316	2.462002	0.6445224	0.1967455	0.5276258
12180	-429.5782	-585.6859	156.1077	2.336818	0.6445224	0.2028379	0.6381257
12186	-430.5455	-587.4198	156.8742	1.858862	0.3680013	0.2187521	0.8351149
12192	-430.4484	-587.124	156.6756	1.914304	0.4560641	0.2051588	0.8544413
12198	-432.1813	-588.8946	156.7132	1.883837	0.4560641	0.2051588	0.84576
12204	-436.6251	-593.5695	156.9445	1.99614	0.2467348	0.2472155	0.8284185
12210	-452.3426	-608.789	156.4465	1.763538	0.6756647	0.127747	1.157685
12216	-452.6953	-608.216	155.5207	1.692654	0.8461801	0.2387976	1.506813
12222	-445.266	-599.1889	153.9229	1.844703	1.113619	0.8467127	1.624607
12228	-432.5996	-586.5043	153.9047	1.928895	1.113619	1.198429	1.30993
12234	-427.1574	-583.0895	155.9321	1.776875	0.6471973	0.3672002	1.055079
12240	-442.4208	-598.2584	155.8377	2.187215	0.6471973	0.3672002	0.6702928
12246	-445.9103	-602.1259	156.2156	1.984106	0.4121431	0.3672002	0.9406517
12252	-445.9168	-601.8435	155.9267	1.948765	0.5881685	0.2201599	1.289609
12258	-439.197	-595.7805	156.5835	1.974197	0.5881685	0.1716547	0.7529113
12264	-438.8606	-594.822	155.9614	2.034259	0.7293449	0.3079317	0.7529113
12270	-437.913	-593.6231	155.7101	1.878137	0.7293449	0.3079317	1.182268
12276	-441.847	-598.5231	156.6761	1.634824	0.3946134	0.1037154	1.513625
12282	-439.8368	-595.9211	156.0842	1.854603	0.4074122	0.144094	1.653522
12288	-442.8624	-599.2102	156.3478	1.560724	0.4074122	0.2390078	1.459914
12294	-435.3642	-591.8425	156.4784	1.814044	0.5229467	0.2390078	0.9551667
12300	-435.0673	-591.8688	156.8015	1.785415	0.4150155	0.1803355	1.019517
12306	-436.0669	-591.6914	155.6244	1.918192	0.7297238	0.4948438	0.8701311
12312	-434.6019	-590.1838	155.5819	2.090461	0.7297238	0.4467145	0.812485
12318	-425.336	-581.3187	155.9827	2.102662	0.5789493	0.3303163	0.841831
12324	-435.977	-591.8773	155.9004	2.514713	0.5789493	0.2574548	0.5537535
12330	-421.3552	-577.8117	156.4565	2.329753	0.3110546	0.3078455	0.5109706
12336	-423.3872	-579.9065	156.5194	2.251141	0.3110546	0.3078455	0.4157978
12342	-434.842	-591.5734	156.7314	2.042389	0.3448645	0.2358569	0.7828251
12348	-437.5128	-593.1968	155.6839	1.820826	1.068175	0.2186066	1.130112
12354	-435.362	-591.717	156.355	1.874942	0.820078	0.08695486	1.130112
12360	-429.978	-586.7706	156.7926	2.06305	0.5234978	0.08953116	0.8963063
12366	-428.5728	-585.6513	157.0785	2.003261	0.3998461	0.1008152	0.8270648
12372	-430.9738	-587.6076	156.6338	2.014098	0.6109056	0.08756998	0.9860911
12378	-433.6987	-590.4796	156.7809	1.811097	0.4053654	0.08756998	1.334702
12384	-439.756	-596.9877	157.2317	1.911625	0.3412323	0.08756998	0.9581012
12390	-439.1865	-594.5358	155.3493	1.797577	1.997194	0.1366939	1.071803
12396	-435.9399	-591.349	155.409	1.972053	1.760435	0.1422828	0.9650655
12402	-432.2413	-588.753	156.5118	2.18458	0.5189136	0.1422828	0.844752
12408	-428.8842	-584.1717	155.2875	2.604989	0.732561	0.3980186	0.4458498
12414	-432.1871	-588.7472	156.5601	2.086894	0.732561	0.1186369	0.4883885
12420	-429.4133	-585.1125	155.6992	2.565323	1.176126	0.08829756	0.3643079
12426	-438.5642	-594.1467	155.5825	2.30674	0.9276992	0.293411	0.4399775
12432	-431.7908	-588.7738	156.9829	2.238094	0.4837509	0.06948965	0.528006
12438	-439.2287	-595.6705	156.4419	2.315828	0.4837509	0.1908268	0.4835102
12444	-433.362	-589.4012	156.0392	2.159612	0.7162086	0.229027	0.76956
12450	-426.7563	-582.3316	155.5753	2.390092	0.7162086	0.3747995	0.498809
12456	-436.385	-592.3797	155.9947	2.39146	0.4295847	0.3747995	0.5918222
12462	-424.7706	-581.0784	156.3078	1.915073	0.628899	0.2137134	0.9349248
12468	-426.1307	-582.4091	156.2784	1.739556	0.8048188	0.1533841	1.101616
12474	-440.1227	-596.4963	156.3736	1.816069	0.6280921	0.219585	0.9536683
12480	-442.3687	-598.8499	156.4812	1.599097	0.6870028	0.1183769	1.285497
12486	-442.2231	-597.8043	155.5812	1.491314	1.593314	0.1183769	1.410379
12492	-437.1893	-593.8712	156.6819	1.960372	0.5519026	0.1582578	0.7742078
12498	-444.0486	-600.8703	156.8217	1.806471	0.5519026	0.1582578	0.7936412
12504	-441.5349	-597.481	155.9461	2.083627	0.878265	0.2155639	0.7900703
12510	-428.7467	-585.6667	156.92	1.932493	0.3987541	0.1874197	0.71067
12516	-441.8533	-599.6541	157.8007	1.809761	0.1886337	0.09292421	0.8441066
12522	-442.8607	-599.5614	156.7007	2.315593	0.5438943	0.09292421	0.5247782
12528	-443.4018	-600.1287	156.727	2.558141	0.3738961	0.09292421	0.3830313
12534	-447.612	-602.992	155.38	2.753945	0.8334899	0.2254942	0.3705045
12540	-452.3928	-606.4184	154.0255	3.005902	0.8334899	0.7474777	0.2411258
12546	-452.9306	-606.5167	153.5861	3.084374	1.183492	0.7474777	0.2361059
12552	-430.2346	-584.0455	153.811	2.923821	1.183492	0.7474777	0.2688239
12558	-429.1529	-584.1579	155.005	2.923821	0.7553842	0.2714831	0.2382462
12564	-435.3528	-590.6198	155.267	2.552089	0.9766372	0.2714831	0.3253855
12570	-440.0922	-595.5604	155.4682	2.238241	1.467034	0.1629436	0.7265127
12576	-442.8767	-597.8084	154.9317	2.288288	2.361264	0.1629436	0.5945117
12582	-434.1032	-589.3038	155.2007	2.540296	0.5880396	0.6115501	0.5206893
12588	-430.0555	-586.1967	156.1411	2.302336	0.5880396	0.2411078	0.558498
12594	-441.1796	-597.0692	155.8895	1.846014	1.864085	0.09069541	0.6898623
12600	-435.0102	-591.044	156.0338	2.29626	0.6374039	0.2429411	0.6636559
12606	-436.0704	-591.7534	155.6829	2.241716	1.001402	0.2478794	0.5744632
12612	-436.1426	-591.9181	155.7755	2.144462	1.405361	0.1104261	0.7672902
12618	-443.553	-599.6117	156.0587	1.94258	1.136316	0.1201855	0.8986155
12624	-441.4129	-597.4696	156.0567	2.006341	0.950046	0.1574739	0.8789632
12630	-438.647	-594.2781	155.631	2.434061	0.5395629	0.451011	0.5560116
12636	-438.6256	-595.3487	156.7231	2.25459	0.3901992	0.171421	0.5817106
12642	-433.5438	-589.8244	156.2805	2.103203	0.3901992	0.4018347	0.6529636
12648	-436.9903	-593.0597	156.0693	1.983055	1.132497	0.1043695	0.9167265
12654	-431.0637	-588.0274	156.9637	1.961323	0.3644899	0.04166982	1.310085
12660	-431.2469	-586.8048	155.5579	2.110093	1.413503	0.1712447	0.8012752
12666	-436.5671	-592.0785	155.5114	2.059481	0.9892795	0.1712447	1.263343
12672	-432.7748	-587.7962	155.0215	1.54603	0.9892795	0.1062095	2.150167
12678	-436.2266	-590.6415	154.4148	2.05332	0.9892795	0.4221076	1.643226
12684	-429.9756	-586.1689	156.1933	1.9963	0.5696449	0.2589233	0.9317977
12690	-431.848	-586.9731	155.1251	1.812697	1.004142	0.5940847	1.022375
12696	-438.0685	-593.7106	155.6421	1.704163	0.8739641	0.1932565	1.481446
12702	-431.3551	-587.514	156.1589	1.757008	0.4629233	0.1932565	1.476877
12708	-431.9096	-586.347	154.4374	1.506634	1.160902	0.296779	2.069657
12714	-433.5817	-588.0498	154.4681	1.502868	1.494325	0.296779	1.870759
12720	-434.5728	-590.3535	155.7807	1.319871	1.494325	0.1144107	1.455558
12726	-425.6387	-581.0339	155.3952	1.525191	0.5807025	0.2534007	1.929057
12732	-427.9117	-583.6832	155.7715	1.595203	0.8262838	0.2534007	1.377272
12738	-418.5021	-574.15	155.648	2.003769	0.8286177	0.3551294	0.9061171
12744	-430.3398	-586.1806	155.8408	2.079353	0.6389601	0.3551294	0.872865
12750	-434.1912	-590.033	155.8418	2.02306	0.861272	0.2689217	0.8433936
12756	-435.7634	-591.7983	156.0349	1.972206	0.785318	0.2668876	0.7790238
12762	-439.343	-595.3543	156.0113	2.279029	1.016445	0.1294014	0.4961171
12768	-440.0902	-595.8187	155.7284	2.231816	1.016445	0.2238192	0.6196794
12774	-443.6934	-600.7829	157.0895	2.012751	0.4400777	0.1042181	0.6570185
12780	-431.1198	-588.0339	156.9141	1.953309	0.583478	0.09210718	0.7483639
12786	-435.652	-591.6967	156.0447	2.100015	0.8255122	0.2090071	0.7370593
12792	-440.0672	-595.6146	155.5475	1.52206	0.8255122	0.3309602	1.465061
12798	-435.5544	-591.4319	155.8776	1.820685	0.7322812	0.2310979	1.248905
12804	-437.538	-593.0795	155.5416	2.135607	0.7080173	0.4788865	0.7672347
12810	-434.1577	-590.1017	155.9439	2.358739	0.7080173	0.2259038	0.615696
12816	-425.508	-581.7431	156.235	2.053202	0.7080173	0.1426995	0.9929569
12822	-425.2456	-581.7011	156.4555	1.823254	0.7080173	0.163269	0.9284379
12828	-420.5861	-576.7916	156.2055	1.87997	0.7080173	0.1339683	1.208496
12834	-428.2289	-585.1388	156.9098	1.695706	0.4413407	0.1339683	1.106253
12840	-445.2122	-602.6309	157.4187	1.508152	0.2860939	0.1339683	1.106253
12846	-443.5571	-600.0649	156.5079	2.040144	0.5373694	0.2110787	0.698047
12852	-434.5776	-590.8979	156.3203	2.448236	0.4294619	0.2110787	0.3964181
12858	-435.6033	-591.9787	156.3754	2.161953	0.3398876	0.3751759	0.6570445
12864	-437.0217	-593.359	156.3372	2.118877	1.018497	0.08599325	0.5781803
12870	-435.0153	-591.6997	156.6844	2.553703	0.546836	0.03597258	0.3612466
12876	-437.3133	-595.0561	157.7427	2.045143	0.1727171	0.09177642	0.6604944
12882	-434.4956	-591.0706	156.575	2.127183	0.4893946	0.1913831	0.6651268
12888	-443.3595	-600.0232	156.6637	2.131598	0.58463	0.1225071	0.6518997
12894	-442.0265	-598.0485	156.022	2.168857	0.9683137	0.1600028	0.6518997
12900	-438.3212	-593.6899	155.3687	1.859826	1.516517	0.2147965	1.052114
12906	-444.1975	-599.7356	155.5381	1.815384	1.516517	0.1568824	1.104398
12912	-436.6019	-592.0116	155.4098	1.815384	0.7112051	0.4558912	1.258566
12918	-432.8244	-588.2923	155.4679	1.832642	0.9256616	0.4558912	0.9612509
12924	-437.0429	-592.9637	155.9208	1.848313	1.190196	0.1411588	1.009334
12930	-448.8044	-604.7301	155.9257	2.077353	0.674396	0.2594736	0.9702586
12936	-460.2891	-615.9051	155.6161	2.119553	0.8971555	0.2594736	0.9702586
12942	-442.1093	-597.271	155.1616	2.129196	1.347178	0.2594736	0.999313
12948	-425.2285	-581.5384	156.3099	2.223115	0.6968939	0.1449212	0.6965047
12954	-426.4013	-582.4062	156.005	1.891227	0.9281642	0.1872116	0.9797428
12960	-433.0452	-589.5894	156.5442	2.016073	0.3956452	0.2673891	0.8203275
12966	-432.6769	-588.3113	155.6343	1.582958	1.03859	0.1886693	1.46068
12972	-435.6191	-590.9204	155.3013	1.70232	1.03859	0.1886693	1.618926
12978	-436.4896	-591.5704	155.0808	1.495822	0.7674712	0.1886693	2.112434
12984	-443.2126	-599.5587	156.3461	1.687401	0.6147927	0.2252187	1.108506
12990	-436.4971	-591.9553	155.4582	1.712468	0.7554541	0.3227749	1.465337
12996	-431.3321	-587.858	156.526	2.020692	0.7554541	0.1229381	0.6853436
13002	-438.7032	-594.8539	156.1506	2.104716	1.02123	0.1229381	0.6846908
13008	-433.912	-589.7924	155.8804	2.019727	0.9552297	0.2655804	0.6465796
13014	-440.5534	-595.7391	155.1857	2.488205	0.9552297	0.3823079	0.5335955
13020	-447.1688	-602.4149	155.246	2.388469	1.417781	0.2227831	0.4497627
13026	-439.7717	-595.2835	155.5118	2.53659	0.890067	0.2227831	0.3348647
13032	-440.9409	-596.7397	155.7987	2.286772	0.890067	0.2227831	0.6408646
13038	-437.8682	-593.712	155.8438	2.321497	0.890067	0.2066399	0.4970558
13044	-435.4329	-591.6176	156.1847	2.455362	0.6436395	0.1512684	0.4587496
13050	-433.1498	-589.5854	156.4355	2.33994	0.6436395	0.1124085	0.4212026
13056	-440.6679	-596.9707	156.3028	2.518963	0.5791036	0.1072489	0.3245021
13062	-452.3216	-608.039	155.7174	2.797471	0.4474085	0.2507945	0.2817859
13068	-449.4193	-605.3178	155.8986	2.66098	0.6699402	0.1411963	0.3219763
13074	-445.1391	-601.4323	156.2932	2.37172	0.6699402	0.1299963	0.40644
13080	-435.5568	-590.9675	155.4106	2.111467	1.790825	0.1703922	0.5932825
13086	-428.6186	-584.4292	155.8105	2.0475	1.364334	0.05745959	1.126187
13092	-439.0795	-594.4895	155.41	1.976785	1.636769	0.2198076	0.7621538
13098	-440.7283	-596.181	155.4527	1.990682	1.253598	0.2563182	0.9288976
13104	-443.4728	-600.6749	157.2021	1.597203	0.5454415	0.07570985	0.9867499
13110	-439.3886	-594.8526	155.464	1.671895	1.447994	0.1469858	1.359833
13116	-438.2983	-594.6125	156.3142	1.987493	0.970285	0.1003909	0.827402
13122	-437.9897	-594.2085	156.2189	1.762522	0.970285	0.1267092	1.057155
13128	-437.6475	-593.2739	155.6264	1.963138	1.269187	0.04086693	1.475586
13134	-439.539	-595.2993	155.7603	1.808822	1.346603	0.1052737	1.199918
13140	-444.2487	-600.144	155.8953	1.943236	0.8898739	0.1677783	1.132833
13146	-440.0198	-596.341	156.3212	1.842428	0.9689704	0.1164267	0.9139308
13152	-429.4853	-585.3557	155.8705	1.614148	0.6171156	0.1437225	1.732992
13158	-426.7055	-583.4363	156.7308	1.723645	0.6242148	0.1437225	0.933968
13164	-425.7781	-582.4861	156.708	1.823469	0.7359914	0.08727684	0.933968
13170	-438.1604	-593.307	155.1465	2.11681	2.782457	0.08727684	0.6977599
13176	-440.0715	-596.3226	156.2511	2.177535	0.9881756	0.09673796	0.6111389
13182	-448.4992	-604.7484	156.2492	2.154151	0.5715439	0.2308828	0.7562348
13188	-443.7788	-600.8486	157.0698	1.916091	0.2890083	0.2136264	0.7477037
13194	-449.3888	-605.7801	156.3913	1.823834	0.6838513	0.2136264	0.8592391
13200	-447.3875	-603.5961	156.2086	2.043786	0.5309436	0.1772476	1.153608
13206	-441.4577	-597.2056	155.7479	2.04722	0.8132917	0.3013667	0.8979222
13212	-437.6676	-593.8077	156.1401	2.162847	0.8110373	0.168837	0.7091466
13218	-454.3087	-610.5012	156.1926	2.048457	0.529787	0.3206667	0.7639295
13224	-434.9266	-591.5309	156.6043	2.108757	0.4890332	0.1931455	0.630682
13230	-435.8353	-592.4222	156.587	2.285851	0.4890332	0.1523078	0.5343918
13236	-455.2796	-612.2651	156.9855	2.145661	0.299846	0.1803312	0.6142326
13242	-433.0632	-589.4083	156.3451	2.201012	0.513407	0.2428257	0.5900718
13248	-436.2565	-592.3891	156.1326	2.195439	0.5345716	0.2428257	0.8846811
13254	-434.2016	-589.8242	155.6225	2.195439	0.6681204	0.4027632	0.8329553
13260	-429.8084	-586.2655	156.4572	1.75475	0.6681204	0.1819251	0.989823
13266	-440.1947	-596.5146	156.3199	1.566831	0.4493654	0.1043773	1.744328
13272	-432.3973	-586.9459	154.5486	1.320563	2.27572	0.1072858	2.002825
13278	-438.2875	-594.3607	156.0732	1.721568	0.6625573	0.09519802	1.602745
13284	-436.2548	-592.0498	155.7949	1.762933	1.335998	0.05067967	1.420621
13290	-431.744	-587.4314	155.6874	1.451997	1.08712	0.2203808	1.413061
13296	-436.1942	-591.5551	155.3609	1.232849	1.16583	0.1776592	1.848224
13302	-444.5416	-599.2446	154.703	1.500421	1.550149	0.2476692	1.766534
13308	-434.0682	-589.221	155.1528	1.489702	1.632873	0.1617658	1.593861
13314	-439.6098	-595.0674	155.4576	1.528199	1.038715	0.1617658	1.693758
13320	-448.6997	-604.1009	155.4013	1.616273	1.038715	0.2413952	1.497175
13326	-445.377	-601.1494	155.7724	1.712324	1.025895	0.1575426	1.340924
13332	-450.9269	-605.6888	154.762	1.786912	1.823479	0.3580689	1.165712
13338	-443.7106	-600.0346	156.324	2.022627	0.6021822	0.2060152	0.8636364
13344	-442.7575	-599.6104	156.8529	1.990972	0.6021822	0.08960097	0.7589873
13350	-436.2783	-593.1054	156.8271	2.039383	0.421817	0.1353235	0.8723486
13356	-439.7782	-596.7006	156.9225	2.185066	0.4933217	0.0807	0.6678976
13362	-437.0994	-594.0834	156.984	2.357511	0.3858538	0.0807	0.4430294
13368	-436.2937	-593.0399	156.7462	2.334559	0.5809848	0.06423355	0.4231754
13374	-435.3916	-591.3108	155.9191	2.371653	1.315503	0.06423355	0.4227937
13380	-428.7532	-584.3217	155.5685	2.492212	1.315503	0.1106417	0.377808
13386	-423.5805	-579.3494	155.7689	2.261724	1.368905	0.1106417	0.6157086
13392	-412.9864	-570.2789	157.2925	2.124967	0.3504677	0.07038364	0.6782665
13398	-421.0537	-577.9258	156.8721	2.124967	0.3504677	0.1877447	0.6110369
13404	-430.0383	-586.8548	156.8165	2.184237	0.5946406	0.07949581	0.5147625
13410	-430.2118	-586.9077	156.6959	2.243929	0.5946406	0.09308237	0.487085
13416	-432.2371	-589.0191	156.782	1.947828	0.5946406	0.05168414	1.0951
13422	-435.8193	-593.5193	157.7	1.863278	0.2165076	0.09616276	0.7795177
13428	-422.9619	-580.8177	157.8558	1.641906	0.2165076	0.04856133	1.09438
13434	-432.5339	-589.2169	156.683	1.824569	0.7539401	0.04856133	1.117343
13440	-433.4255	-590.2579	156.8324	1.718814	0.4927353	0.09906839	1.198046
13446	-426.3753	-582.5487	156.1734	1.351845	0.4927353	0.1412381	1.843988
13452	-426.0658	-581.6709	155.605	1.472569	0.4927353	0.1201074	2.194562
13458	-430.5636	-586.3423	155.7787	1.787463	0.4927353	0.1036829	1.915518
13464	-419.496	-575.5179	156.0219	1.624511	0.4927353	0.3542833	1.333733
13470	-433.1635	-588.7518	155.5883	1.45537	0.4927353	0.3644874	1.76451
13476	-438.5791	-594.5612	155.9822	1.462419	0.7181361	0.07722224	1.854687
13482	-449.6444	-605.6797	156.0353	1.744045	1.320818	0.05726948	1.225715
13488	-444.9106	-600.9236	156.013	1.90243	1.320818	0.1297026	0.7612774
13494	-441.6916	-598.4903	156.7987	1.864725	0.5810828	0.1112268	0.9092134
13500	-443.4045	-598.7855	155.381	1.640576	0.5810828	0.6467355	1.32949
13506	-451.9077	-608.0148	156.1071	1.773641	0.8797075	0.1957682	1.021177
13512	-447.2576	-603.1409	155.8833	1.741707	1.43526	0.123072	1.021177
13518	-443.4807	-599.1819	155.7012	1.542159	1.43526	0.1208083	1.359455
13524	-437.1149	-593.4647	156.3498	1.590792	0.5740066	0.2072812	1.283863
13530	-441.4506	-597.8186	156.368	1.669695	0.5740066	0.2072812	1.202626
13536	-437.5562	-593.8153	156.2591	1.940324	0.5740066	0.3180022	0.7327637
13542	-442.1514	-598.198	156.0465	2.090351	0.5740066	0.3180022	0.820696
13548	-439.7509	-596.6497	156.8989	1.924666	0.423648	0.1463374	0.8719846
13554	-443.8101	-600.4162	156.6061	1.854328	0.5108464	0.1085892	1.216096
13560	-449.8352	-607.5713	157.7361	1.919892	0.166671	0.07405021	0.9676355
13566	-442.3109	-599.2846	156.9737	1.819501	0.3455674	0.1837327	0.9394576
13572	-443.4538	-598.9778	155.524	1.92696	0.4236046	0.1928418	1.860886
13578	-433.9394	-589.3664	155.427	1.891794	1.198484	0.2841866	1.033409
13584	-437.0014	-593.1148	156.1133	2.143274	0.6384892	0.2155622	0.8764017
13590	-428.3662	-583.2278	154.8616	2.440465	1.189884	0.4618839	0.5376031
13596	-444.9633	-600.8805	155.9172	2.428569	0.5923544	0.2793914	0.5044667
13602	-441.9219	-597.8012	155.8793	2.36929	0.6255692	0.2793914	0.6741455
13608	-443.1768	-599.1277	155.9509	2.342029	0.6255692	0.2793914	0.5519208
13614	-441.1414	-597.1359	155.9945	2.019752	0.9668506	0.2141551	0.6713739
13620	-445.9773	-602.5906	156.6133	2.041324	0.521749	0.1958598	0.6220116
13626	-445.6813	-601.8313	156.1501	2.210434	0.7457222	0.1958598	0.5504529
13632	-456.3265	-612.2539	155.9274	2.030194	0.6357708	0.3197755	0.9217976
13638	-450.9587	-606.9205	155.9618	1.827516	0.676729	0.3197755	1.036786
13644	-444.2851	-600.5781	156.293	2.00442	0.676729	0.1125276	1.131693
13650	-445.661	-602.0484	156.3874	1.784622	1.039763	0.07126676	1.035101
13656	-453.5951	-609.4236	155.8285	1.878358	1.633325	0.06941732	1.027877
13662	-443.2348	-598.6081	155.3733	2.164992	1.633325	0.198543	0.5933833
13668	-446.5546	-602.1981	155.6435	2.055044	1.534722	0.1603068	0.6683584
13674	-442.8456	-598.4073	155.5617	2.058594	1.366283	0.1901475	0.8329256
13680	-440.9763	-597.121	156.1447	1.798429	0.7302223	0.2720993	0.9233194
13686	-431.0065	-586.8142	155.8077	1.923749	0.7302223	0.1895663	1.322583
13692	-432.6931	-589.4189	156.7258	2.22962	0.4478662	0.1240477	0.749693
13698	-439.5068	-595.2704	155.7636	2.164749	0.6958841	0.3211846	0.858929
13704	-453.7581	-609.0045	155.2463	2.349498	0.59697	0.575751	0.8690424
13710	-450.2697	-605.4456	155.1759	2.605245	0.59697	0.575751	0.4999774
13716	-431.8316	-588.0166	156.1851	2.461504	0.4905105	0.2233056	0.4510897
13722	-443.7798	-600.1302	156.3504	2.466238	0.582339	0.1265279	0.4510897
13728	-444.1566	-600.0727	155.9161	2.145091	1.30933	0.1109533	0.6532191
13734	-439.2466	-595.3914	156.1448	1.941934	0.8521713	0.1812999	0.8834477
13740	-436.4945	-592.5323	156.0378	2.039897	0.9273084	0.11789	1.040565
13746	-433.5295	-589.5702	156.0408	1.836454	1.204608	0.1432107	0.8723993
13752	-437.0597	-591.3506	154.291	1.756085	2.083647	0.420454	1.351461
13758	-444.3091	-599.5321	155.2231	2.159832	2.90477	0.0451285	0.7454071
13764	-442.1695	-597.7514	155.582	2.158987	1.591986	0.1115004	0.8179881
13770	-436.7426	-592.5886	155.8459	2.108807	1.591986	0.08663777	0.6462591
13776	-447.3466	-602.5317	155.1851	2.471228	1.086205	0.3289175	0.5324018
13782	-442.2804	-597.8556	155.5752	2.53532	1.086205	0.1606428	0.477172
13788	-437.0382	-592.6608	155.6227	2.489497	1.161776	0.1399027	0.4630571
13794	-448.9513	-603.7076	154.7563	2.414411	1.922379	0.2623936	0.6095737
13800	-447.8128	-604.3648	156.5521	2.414411	0.6545774	0.0674762	0.4438425
13806	-448.0724	-603.1406	155.0682	2.412307	1.376356	0.2973191	0.5213336
13812	-437.5472	-593.2149	155.6677	2.503522	0.683158	0.2973191	0.5527586
13818	-433.7636	-590.2426	156.479	2.371104	0.683158	0.08538201	0.4774261
13824	-439.2254	-595.4572	156.2318	2.112256	1.020395	0.07451045	0.8557098
13830	-439.4634	-594.5858	155.1223	2.252562	1.568908	0.2454698	0.7459723
13836	-459.3981	-615.4329	156.0348	2.313305	0.5240971	0.3179399	0.581852
13842	-457.5552	-614.1379	156.5827	2.349292	0.5558304	0.1085123	0.4774839
13848	-449.1421	-604.9592	155.8171	2.313762	0.632479	0.3203199	0.6973584
13854	-461.2047	-618.9609	157.7562	1.959579	0.1788231	0.102475	0.6735039
13860	-461.0766	-618.3792	157.3026	1.42935	0.14674	0.1203898	1.62266
13866	-451.6677	-609.1259	157.4582	1.620376	0.14674	0.0640646	1.550081
13872	-453.4582	-610.9207	157.4625	1.569438	0.1878186	0.06969333	1.462796
13878	-442.4434	-598.7122	156.2688	1.493429	0.1878186	0.05603455	2.373029
13884	-432.0316	-587.6379	155.6063	1.386947	0.274868	0.03768218	2.758554
13890	-431.6901	-588.0808	156.3907	1.931413	0.6779028	0.1000608	1.154214
13896	-439.1113	-595.5884	156.4771	1.400716	0.4608007	0.2231796	1.442209
13902	-438.613	-594.8234	156.2104	1.460949	0.6371809	0.2443901	1.344123
13908	-438.7702	-593.049	154.2788	1.561006	0.8067283	0.2443901	2.452401
13914	-436.6204	-590.3718	153.7514	1.681344	0.9815209	0.85988	1.936205
13920	-433.1171	-587.455	154.3379	1.901148	0.7162488	0.85988	1.582932
13926	-429.001	-584.4312	155.4302	2.159017	0.7162488	0.5035076	0.8162861
13932	-441.9479	-598.0658	156.1179	2.649518	0.5224432	0.1566737	0.3748799
13938	-430.9839	-587.0258	156.0419	2.539679	0.6545881	0.1566737	0.3900684
13944	-435.2196	-591.0131	155.7935	2.539679	0.6545881	0.2444812	0.4229725
13950	-432.9041	-588.9566	156.0525	2.306154	0.6581806	0.2345111	0.5726281
13956	-440.7284	-596.3958	155.6675	2.522135	0.6581806	0.3053411	0.5301313
13962	-435.4395	-590.9533	155.5138	2.230982	0.8130563	0.4233672	0.4374511
13968	-437.6641	-593.043	155.3788	2.476674	0.9563638	0.2952503	0.4420676
13974	-431.0424	-586.5835	155.5411	2.46739	0.6424691	0.3901415	0.3973161
13980	-444.1227	-600.0255	155.9028	2.402485	1.009377	0.1257195	0.4470057
13986	-448.8748	-604.1362	155.2614	2.667822	1.009377	0.2166614	0.3229319
13992	-447.323	-602.9388	155.6158	2.528603	1.009377	0.1624651	0.3786656
13998	-440.4114	-596.0083	155.5969	2.514819	0.8833547	0.2230746	0.4214228
14004	-433.9317	-589.0908	155.1591	2.310285	1.653504	0.2111095	0.6409848
14010	-434.8876	-589.8827	154.9951	2.269176	1.653504	0.3034963	0.5144611
14016	-443.2443	-597.8671	154.6228	2.446616	1.088501	0.6744151	0.5454469
14022	-447.0636	-600.8772	153.8136	2.39169	2.982248	0.4715122	0.6025122
14028	-442.9399	-596.5933	153.6534	2.566743	2.982248	0.4715122	0.5437435
14034	-435.8513	-591.1035	155.2521	2.39392	1.966	0.1108909	0.5022226
14040	-436.4395	-591.1885	154.749	2.36574	3.951262	0.03494641	0.564069
14046	-434.3876	-588.776	154.3884	2.386087	5.243847	0.02397119	0.5192276
14052	-441.3615	-595.5637	154.2022	2.552882	4.942403	0.03356335	0.3389815
14058	-435.2236	-588.1052	152.8815	2.465335	11.42859	0.04879613	0.2800926
14064	-443.7303	-598.5714	154.8411	2.465335	3.257368	0.04877556	0.4625758
14070	-444.9217	-598.3884	153.4668	2.17348	10.58871	0.03300354	0.6655456
14076	-425.4989	-580.3829	154.884	2.035308	4.571634	0.03300354	0.5857303
14082	-438.4012	-592.3629	153.9617	1.929895	9.07461	0.03558118	0.6184122
14088	-445.6252	-599.5417	153.9164	2.070474	6.858579	0.1045288	0.6314301
14094	-449.5402	-604.4049	154.8647	2.246133	3.809476	0.04063727	0.6401477
14100	-439.7228	-594.6207	154.8979	2.246133	3.809476	0.04063727	0.5040843
14106	-441.6012	-596.0148	154.4136	2.428365	4.599957	0.04012872	0.3600001
14112	-448.2549	-603.7618	155.507	2.047773	2.218654	0.08148205	0.7194544
14118	-454.4403	-609.5202	155.0799	2.047773	3.396248	0.06385556	0.6797407
14124	-442.5205	-597.5719	155.0514	2.743873	0.7200687	0.453857	0.5953729
14130	-423.0875	-579.8257	156.7382	2.382329	0.3536528	0.1516036	0.432529
14136	-423.1	-580.0062	156.9062	2.366626	0.3536528	0.1036228	0.3705808
14142	-431.9412	-589.3386	157.3974	2.034053	0.3536528	0.07492453	0.5717171
14148	-434.5431	-590.931	156.3879	2.072758	0.3532598	0.3266977	0.8761105
14154	-430.0605	-586.3288	156.2684	1.963181	0.9800653	0.1150232	0.8273319
14160	-434.323	-590.4101	156.0871	2.059826	1.154627	0.1150232	0.7098551
14166	-437.6944	-594.5701	156.8757	2.049321	0.4091535	0.1590742	0.7098551
14172	-436.6393	-593.1114	156.4722	1.910885	0.7741166	0.1590742	0.7030138
14178	-435.4218	-592.0767	156.6549	1.910885	0.6038253	0.1590742	0.7686785
14184	-440.1827	-596.3544	156.1717	2.050628	0.8910581	0.1309187	0.8773092
14190	-432.2565	-589.4231	157.1665	2.111789	0.2933943	0.1309187	0.6954274
14196	-438.3748	-595.3763	157.0015	2.188286	0.3485071	0.1309187	0.6239518
14202	-438.4197	-595.2129	156.7932	1.991932	0.3485071	0.1684745	0.9922338
14208	-440.1325	-596.3408	156.2083	1.585234	0.6005201	0.2188019	1.344179
14214	-443.9147	-599.5115	155.5968	1.846706	0.5850156	0.3272069	1.424781
14220	-438.7454	-595.0573	156.312	1.802109	0.4156569	0.3272069	1.101495
14226	-445.7511	-602.6822	156.9311	1.667108	0.4130663	0.1015593	1.268483
14232	-439.011	-595.72	156.7089	1.759905	0.6582156	0.1015593	1.037743
14238	-448.9934	-604.9443	155.951	1.696586	1.226244	0.1374349	1.107812
14244	-443.8576	-600.3358	156.4782	1.872489	0.5588666	0.148084	1.114442
14250	-440.2543	-596.7698	156.5155	1.657141	0.8906496	0.08592024	1.114442
14256	-440.1103	-596.6133	156.503	1.849049	0.8906496	0.0777426	0.9783036
14262	-446.6033	-600.9349	154.3316	1.712968	4.220788	0.1787449	1.081924
14268	-443.6621	-598.0024	154.3402	1.735274	4.220788	0.07715873	1.38509
14274	-444.3371	-599.0089	154.6718	1.482943	3.264655	0.06197172	1.635501
14280	-445.7378	-602.2874	156.5496	1.503958	0.933541	0.05621604	1.297967
14286	-435.812	-590.8641	155.052	1.414618	0.8055433	0.236558	2.063904
14292	-432.7862	-587.9634	155.1772	1.607309	0.9970596	0.236558	1.706042
14298	-434.2459	-589.5379	155.292	1.506717	0.9188915	0.1698056	1.889556
14304	-431.304	-586.6765	155.3725	1.447875	1.123909	0.1698056	1.734969
14310	-437.0502	-591.9073	154.8571	1.903827	3.155413	0.0554419	1.226801
14316	-434.8567	-591.351	156.4943	2.203562	0.7485224	0.03853379	0.9898001
14322	-443.6697	-599.2565	155.5868	2.13384	1.954487	0.03853379	0.9608284
14328	-434.8614	-590.4745	155.6131	2.104752	1.62212	0.08858925	0.9339871
14334	-435.5256	-590.9166	155.391	2.016092	1.829557	0.1284538	0.9451305
14340	-450.2774	-605.3645	155.0871	1.734985	1.058802	0.2490369	1.612051
14346	-445.3249	-601.8494	156.5245	2.279613	0.4245659	0.07718861	1.167291
14352	-444.9129	-601.1709	156.258	1.76245	0.6935793	0.1285077	1.295345
14358	-441.7453	-597.9886	156.2433	1.542176	0.6935793	0.1285077	1.479195
14364	-454.2769	-609.4729	155.196	1.966865	0.9279643	0.04318489	1.99336
14370	-446.5696	-603.9382	157.3686	1.475252	0.4070618	0.04708335	1.28578
14376	-453.9169	-610.8031	156.8862	1.683888	0.2863823	0.1272933	1.422588
14382	-440.927	-595.8254	154.8984	1.783934	1.288219	0.4028315	1.301885
14388	-442.1137	-597.3506	155.2369	1.842825	1.288219	0.2994983	1.150351
14394	-439.1007	-595.0995	155.9987	1.496868	0.449197	0.2994983	1.597277
14400	-444.1367	-599.6762	155.5395	1.681694	0.7513704	0.3497375	1.385367
14406	-446.4691	-602.0822	155.6131	1.763705	0.7513704	0.2808999	1.385367
14412	-435.9841	-592.2664	156.2823	1.763705	0.2858169	0.3749953	1.308894
14418	-447.6142	-602.689	155.0748	1.749948	0.6654062	0.670523	1.365334
14424	-446.5696	-601.9418	155.3722	2.169407	0.6047669	0.670523	0.7491152
14430	-440.1267	-596.3345	156.2078	2.106006	0.5141729	0.2845868	0.8130247
14436	-427.0774	-583.2193	156.1419	2.121758	0.5333129	0.2845868	0.8377943
14442	-421.0597	-577.0953	156.0356	1.97739	0.9137943	0.2336231	0.6760693
14448	-429.3282	-585.394	156.0658	2.191457	0.6318182	0.2628013	0.7164453
14454	-428.1512	-584.4029	156.2517	2.190417	0.3860461	0.3506021	0.7457738
14460	-439.0891	-593.2329	154.1438	2.26755	1.266139	0.9638256	0.8470185
14466	-427.2148	-582.9234	155.7086	2.186383	0.9698598	0.2711951	0.5818862
14472	-430.8356	-587.4755	156.6399	2.225349	0.6151383	0.1033441	0.5276448
14478	-430.1553	-586.0589	155.9036	2.432174	0.6548641	0.2438925	0.5808726
14484	-434.4747	-589.3144	154.8397	2.283433	1.074438	0.6408941	0.5705913
14490	-434.2944	-591.6141	157.3197	2.271446	0.2792123	0.07690171	0.5675727
14496	-428.6459	-584.0684	155.4225	2.416004	0.9150669	0.3248955	0.495647
14502	-440.5973	-596.1447	155.5475	2.291004	0.9150669	0.3248955	0.5073585
14508	-430.1947	-585.6065	155.4118	2.23645	0.9150669	0.4177204	0.5305063
14514	-426.6497	-582.8385	156.1889	2.223849	0.6374538	0.2280598	0.5305063
14520	-429.8482	-586.0829	156.2347	2.43689	0.471026	0.2280598	0.4977427
14526	-428.9305	-584.4359	155.5055	2.532739	0.3695396	0.6610361	0.5759371
14532	-443.7592	-599.7783	156.0192	2.057968	0.3777541	0.5251363	0.8318674
14538	-436.9395	-592.8727	155.9332	2.099437	0.6725032	0.283117	0.8766662
14544	-426.4137	-582.1886	155.7748	2.322805	0.6725032	0.3205288	0.6548859
14550	-436.7431	-592.8354	156.0923	2.018278	0.6053287	0.3205288	0.7870357
14556	-451.8975	-607.9726	156.0751	2.083468	0.5854052	0.3587705	0.6047924
14562	-440.8282	-596.7345	155.9064	2.362763	0.5922424	0.3036224	0.6047924
14568	-447.3586	-602.1121	154.7535	2.852134	0.5922424	0.6978138	0.426188
14574	-434.6683	-590.2397	155.5715	2.418039	0.5962032	0.4486199	0.4961036
14580	-437.0538	-593.025	155.9712	2.245609	0.9616316	0.1247408	0.8215893
14586	-424.7255	-581.6291	156.9036	1.9677	0.5280187	0.09863657	0.8215893
14592	-443.792	-600.6176	156.8256	2.046682	0.5280187	0.09863657	0.8203273
14598	-432.6664	-589.4418	156.7754	2.001249	0.5485563	0.09863657	0.8963119
14604	-444.0963	-600.9257	156.8295	1.818613	0.5485563	0.1044008	1.006321
14610	-450.0544	-605.5151	155.4607	2.14913	1.090553	0.3403054	0.6059996
14616	-427.8873	-583.6705	155.7831	2.104986	1.090553	0.2109468	0.6977222
14622	-428.748	-585.4925	156.7445	2.331931	0.3973004	0.1182605	0.7428941
14628	-432.4089	-588.6642	156.2552	2.246804	0.6527826	0.1819097	0.6264718
14634	-434.2242	-589.7475	155.5233	2.227363	1.314237	0.1958939	0.6738029
14640	-442.0156	-598.1	156.0844	2.053544	0.7965057	0.1958939	0.8453924
14646	-446.1266	-601.5737	155.447	1.965812	0.9952199	0.3606815	0.9585149
14652	-448.8554	-603.7821	154.9266	2.101458	0.4039687	0.7480831	1.453502
14658	-437.0343	-592.1078	155.0734	2.048023	0.6476899	0.5359524	1.303587
14664	-444.443	-599.9806	155.5376	1.793458	1.02769	0.2568913	1.22528
14670	-434.9814	-590.6375	155.656	2.1608	1.056807	0.2568913	0.6556458
14676	-432.3405	-588.7899	156.4494	1.825019	0.4690391	0.3023331	0.9007771
14682	-423.1431	-580.3405	157.1974	1.740101	0.4690391	0.1049543	0.8278843
14688	-440.7508	-595.9387	155.1879	1.643078	2.077154	0.1815987	1.176998
14694	-437.9841	-593.5277	155.5436	1.808484	1.502752	0.1619325	1.099184
14700	-432.9132	-588.4622	155.549	2.199721	1.502752	0.1619325	0.5885361
14706	-436.2869	-591.9225	155.6356	2.214389	1.502752	0.1291688	0.6315186
14712	-431.941	-588.9399	156.9989	2.140576	0.3809934	0.1291688	0.5968577
14718	-435.9791	-592.9801	157.001	2.034027	0.3584824	0.1534337	0.7260857
14724	-432.1202	-588.6834	156.5632	2.202107	0.5370328	0.1534968	0.6268973
14730	-428.7477	-585.0999	156.3522	2.438251	0.5384275	0.1534968	0.5135109
14736	-435.7292	-592.13	156.4009	2.278109	0.5384275	0.1766387	0.6435246
14742	-440.2263	-596.4952	156.2688	2.356693	0.5384275	0.2012337	0.5820653
14748	-452.1519	-607.4169	155.265	2.500368	1.460487	0.1637367	0.4009232
14754	-440.0877	-595.0707	154.983	2.697465	1.460487	0.1541246	0.2797383
14760	-440.2337	-595.7255	155.4918	2.60404	1.342779	0.07062286	0.2704313
14766	-429.2555	-584.9596	155.7041	2.480885	1.423661	0.07062286	0.461901
14772	-440.944	-596.4854	155.5414	2.565977	1.423661	0.0761712	0.3527181
14778	-438.3583	-594.7063	156.348	2.483637	0.4541068	0.1668249	0.3527181
14784	-445.3615	-602.1089	156.7474	2.510245	0.394871	0.08693487	0.3646335
14790	-426.9755	-583.8138	156.8383	2.510245	0.3547291	0.08693487	0.3792465
14796	-428.6521	-584.498	155.8459	2.510245	0.7849249	0.1802385	0.4336006
14802	-432.846	-587.7312	154.8853	2.584093	0.7849249	0.6143878	0.5636128
14808	-430.9762	-586.339	155.3628	2.584093	0.7149415	0.3800458	0.4338312
14814	-441.3251	-596.1442	154.8191	2.651633	0.7149415	0.6771542	0.4465287
14820	-437.5034	-591.1805	153.6771	2.070561	10.32151	0.02248674	0.5959268
14826	-438.2249	-592.9552	154.7303	1.776787	4.644782	0.02248674	1.127278
14832	-445.0719	-598.8926	153.8207	1.777027	9.018933	0.03434855	1.026203
14838	-436.301	-589.6681	153.3671	1.797675	12.68453	0.0129885	0.9497884
14844	-441.8685	-596.3502	154.4817	2.07604	5.486287	0.01835039	0.8413921
14850	-439.1911	-593.7701	154.579	2.097143	5.40585	0.01835039	0.7024688
14856	-446.5451	-601.0549	154.5098	2.108652	4.969015	0.05873993	0.7141934
14862	-440.3483	-594.3367	153.9883	2.113006	7.951257	0.01700587	0.7141934
14868	-433.4455	-589.318	155.8726	2.155076	1.715048	0.04347831	0.7395547
14874	-430.6814	-586.7468	156.0654	2.149657	1.419081	0.04347831	0.7735757
14880	-437.5368	-592.9658	155.429	2.394246	0.52129	0.6264889	0.4981641
14886	-430.6954	-586.6093	155.9139	2.511421	0.52129	0.2824292	0.402053
14892	-439.3263	-595.2141	155.8878	2.511421	0.6934268	0.1856418	0.341663
14898	-443.891	-599.7497	155.8587	2.511421	0.6934268	0.15957	0.2578316
14904	-443.2905	-598.8951	155.6046	2.64419	0.8237888	0.15957	0.2804149
14910	-437.0674	-592.5214	155.454	2.755488	0.9109451	0.15957	0.324334
14916	-437.9977	-593.7311	155.7334	2.476087	0.9109451	0.15957	0.324334
14922	-432.1245	-587.5488	155.4243	2.419685	0.9109451	0.3243829	0.4922508
14928	-440.6985	-596.0995	155.4009	2.942438	0.4504647	0.3041217	0.2608499
14934	-438.95	-594.1839	155.2338	2.753318	1.033247	0.1808597	0.3013489
14940	-447.8702	-603.3228	155.4526	2.753318	1.126565	0.1169936	0.3911401
14946	-453.3332	-608.0079	154.6747	2.753318	1.537302	0.2092242	0.2667298
14952	-447.7537	-603.5377	155.784	2.470896	0.8429828	0.1928348	0.546439
14958	-437.3105	-593.4311	156.1206	2.288025	0.7145439	0.1928348	0.4507169
14964	-446.9185	-602.3693	155.4508	2.520872	0.7145439	0.3626812	0.4054553
14970	-445.4073	-600.6867	155.2794	2.68997	0.8916997	0.2301916	0.288206
14976	-441.4553	-596.3165	154.8611	2.734239	0.8916997	0.4095805	0.312362
14982	-441.8148	-596.5895	154.7746	2.555155	1.178297	0.4398813	0.3978354
14988	-436.6006	-592.0638	155.4632	2.486373	0.6346381	0.4398813	0.5191361
14994	-435.2159	-591.7121	156.4962	2.367579	0.6782555	0.08393766	0.5160871
15000	-429.2618	-585.3096	156.0478	2.368312	0.6782555	0.206879	0.5402987
15006	-444.0727	-599.3225	155.2498	2.633037	1.1649	0.2073632	0.4324509
15012	-436.7009	-592.0202	155.3193	2.264837	1.54086	0.2073632	0.4374078
15018	-444.2373	-600.5344	156.2971	2.3305	0.3553677	0.3197136	0.6454469
15024	-441.0573	-597.4228	156.3654	2.446218	0.4191667	0.2108316	0.471839
15030	-438.1207	-594.113	155.9924	2.090087	0.6508184	0.2108316	1.05405
15036	-448.4418	-604.5428	156.1011	2.293167	0.6305516	0.2108316	0.7253823
15042	-442.1199	-597.6155	155.4956	2.154612	1.140501	0.2658626	0.7670051
15048	-446.5302	-602.907	156.3769	2.073744	0.5345575	0.2658626	0.5967417
15054	-453.3	-609.5081	156.2081	1.972367	0.6766048	0.2134516	0.9107759
15060	-449.0787	-604.5005	155.4219	1.926497	1.274342	0.1966553	1.16322
15066	-447.9801	-603.4879	155.5078	1.756631	1.121859	0.235282	1.254186
15072	-448.8963	-604.5021	155.6058	1.654612	0.7941772	0.235282	1.523788
15078	-435.4184	-591.4647	156.0463	1.725429	0.9732665	0.1159353	1.275264
15084	-442.9868	-598.9096	155.9228	1.41356	0.7824784	0.1159353	1.759126
15090	-447.0285	-602.928	155.8995	1.490009	0.6585406	0.1746579	1.685142
15096	-429.9122	-586.0771	156.1649	1.999013	0.7846441	0.1612432	0.9565469
15102	-433.2216	-588.6864	155.4648	2.236713	1.04479	0.2935687	0.7223634
15108	-437.2143	-592.9173	155.703	2.072341	1.04479	0.2439139	0.7962708
15114	-433.2403	-590.2797	157.0394	1.945195	0.4375679	0.09747386	0.8765537
15120	-440.1339	-596.4563	156.3224	2.325075	0.4375679	0.2509149	0.6118901
15126	-445.1545	-601.0891	155.9346	2.342852	0.9625978	0.1449711	0.5742024
15132	-445.0898	-600.4096	155.3198	2.311001	0.6723742	0.4990369	0.8454601
15138	-438.1694	-594.7107	156.5412	2.190551	0.5359471	0.1616544	0.6442656
15144	-432.5182	-588.9392	156.4211	2.02398	0.5510401	0.1616544	0.9913494
15150	-432.7754	-589.8423	157.0669	2.262349	0.3030973	0.0838083	0.8648736
15156	-426.0341	-582.0323	155.9981	1.910612	1.006053	0.1318189	1.073401
15162	-442.1251	-598.5705	156.4455	2.374644	0.5347855	0.146387	0.5263115
15168	-443.0912	-598.766	155.6749	2.32283	0.5347855	0.4979915	0.4903537
15174	-436.9682	-593.1953	156.2271	1.658673	0.8696194	0.1318189	1.220966
15180	-434.3195	-589.674	155.3545	2.023134	0.8696194	0.34463	1.150461
15186	-437.8614	-593.9081	156.0467	2.06969	0.6075334	0.2265783	1.037047
15192	-441.5917	-596.6246	155.0329	2.203215	1.286897	0.3902843	0.7844043
15198	-443.6518	-600.1738	156.522	1.966028	0.5222567	0.2319272	0.7396732
15204	-430.7793	-587.8822	157.1029	1.966028	0.3409268	0.1576859	0.7070518
15210	-442.1834	-598.73	156.5466	2.064	0.3848073	0.3004553	0.6478063
15216	-438.203	-593.6594	155.4564	2.428089	0.8606337	0.3310378	0.5034498
15222	-443.1134	-598.8225	155.7091	2.294805	0.8606337	0.2788244	0.5243086
15228	-448.0359	-603.7359	155.7	2.565122	0.4454208	0.4268124	0.4424104
15234	-439.5092	-595.2834	155.7742	2.725264	0.4454208	0.2726473	0.3080098
15240	-440.9078	-596.2921	155.3843	2.671007	0.8952681	0.2079438	0.3080098
15246	-433.8179	-590.6611	156.8433	2.631414	0.3231387	0.06899081	0.3460112
15252	-446.7456	-603.6528	156.9072	2.631414	0.3231387	0.0681893	0.5072185
15258	-456.4954	-613.1151	156.6197	2.698782	0.4173523	0.0681893	0.3900145
15264	-444.1897	-600.233	156.0433	2.221199	1.235412	0.07467814	0.6868398
15270	-437.8886	-593.2183	155.3297	2.39047	0.928076	0.3613267	0.6246774
15276	-436.6972	-592.5231	155.8259	2.085301	0.928076	0.2403433	0.7849672
15282	-433.4794	-588.9712	155.4919	2.406721	1.016706	0.2482859	0.4067393
15288	-435.4434	-590.9936	155.5502	2.291568	1.016706	0.2779496	0.4724133
15294	-439.3055	-595.0543	155.7489	2.70268	0.5034023	0.2779496	0.3777419
15300	-436.5911	-592.3629	155.7718	2.613274	0.5034023	0.2779496	0.3065405
15306	-435.1153	-590.8624	155.7472	2.766858	0.5034023	0.2252856	0.3000727
15312	-443.9925	-599.7052	155.7127	2.528555	0.5933702	0.3181669	0.4252515
15318	-438.3154	-594.0989	155.7835	1.99374	0.8407496	0.3181669	0.8362705
15324	-434.3396	-590.0647	155.7251	1.796423	0.8407496	0.3314482	1.075005
15330	-433.0963	-589.3886	156.2923	1.882262	0.6563948	0.2560577	0.812066
15336	-430.5119	-586.837	156.325	1.701038	0.4650624	0.2560577	1.247845
15342	-420.1321	-576.4409	156.3089	1.96808	0.4650624	0.3235447	0.8497565
15348	-432.1848	-589.2464	157.0616	1.750965	0.4650624	0.1272443	0.8799052
15354	-424.0123	-579.6207	155.6083	2.666237	0.4392357	0.3731502	0.2988249
15360	-441.7154	-597.6784	155.9631	2.65509	0.7544437	0.1166195	0.4329831
15366	-436.1658	-591.8838	155.718	2.631564	0.9204037	0.1166195	0.3179056
15372	-436.9381	-592.267	155.3289	2.812894	0.9101583	0.1745042	0.3079103
15378	-436.1281	-592.4121	156.2841	2.58784	0.4275098	0.1853934	0.4661655
15384	-432.6958	-587.8753	155.1794	2.63042	0.7844466	0.3912192	0.3738308
15390	-431.9987	-587.7359	155.7372	2.473433	0.7844466	0.2205004	0.3784429
15396	-453.4671	-610.4763	157.0092	2.412757	0.2923649	0.1101219	0.4771332
15402	-437.4034	-594.4236	157.0201	2.406599	0.4256542	0.0487354	0.4777643
15408	-426.2369	-583.4219	157.185	2.178795	0.3494153	0.09369996	0.5221966
15414	-435.2923	-592.0453	156.753	2.596791	0.3542798	0.09478311	0.501299
15420	-439.1557	-594.3977	155.242	2.500091	0.9192463	0.3630858	0.5763179
15426	-435.1049	-591.1238	156.0189	2.360426	0.5660618	0.265217	0.6567823
15432	-433.4451	-590.1171	156.672	2.364622	0.4374144	0.1324696	0.4989956
15438	-441.4569	-596.985	155.528	2.431864	0.6967495	0.3838226	0.5836974
15444	-435.3603	-591.1165	155.7562	1.82207	0.7834729	0.4588777	0.8208404
15450	-442.352	-597.9243	155.5723	2.382829	1.001544	0.1823899	0.847809
15456	-431.3081	-587.8391	156.531	2.267769	0.5669531	0.1299543	0.639891
15462	-437.4773	-594.1105	156.6332	2.16805	0.5669531	0.1288356	0.6437723
15468	-429.3887	-586.3825	156.9938	2.247256	0.2536674	0.1845733	0.5843053
15474	-426.1013	-581.7721	155.6708	2.106328	0.6509202	0.345417	1.028212
15480	-429.9766	-586.0843	156.1077	1.887615	0.6509202	0.2523661	1.028212
15486	-439.6147	-594.8062	155.1915	2.306504	0.2790551	0.9593974	1.089835
15492	-441.3798	-596.1657	154.7859	2.162256	0.5375104	1.142653	0.9660086
15498	-441.009	-595.0256	154.0166	2.44467	1.528268	0.8223244	0.7068783
15504	-430.9432	-586.2682	155.325	2.620289	0.7304113	0.3355119	0.321993
15510	-440.6146	-596.1709	155.5564	2.557134	0.7304113	0.2635597	0.321993
15516	-437.4049	-592.8904	155.4855	2.661707	0.9233133	0.1832437	0.3540389
15522	-448.056	-603.8327	155.7768	2.17398	1.472945	0.08975486	0.7753958
15528	-448.5796	-604.5706	155.991	1.887515	1.472945	0.0813369	0.9111271
15534	-429.0263	-584.4078	155.3814	1.897966	2.274104	0.04168729	1.191493
15540	-433.0974	-587.7945	154.6971	1.814185	4.86567	0.04064501	0.9917681
15546	-425.8711	-580.6544	154.7833	1.880598	4.86567	0.04064501	0.8210097
15552	-443.9348	-598.7401	154.8053	1.796184	4.86567	0.06208486	0.7604967
15558	-457.0767	-612.0097	154.933	1.925538	4.172512	0.05720861	0.7279212
15564	-444.57	-599.4758	154.9058	2.271934	3.384867	0.06171317	0.4129665
15570	-450.1299	-605.0321	154.9022	2.281739	3.376028	0.06431835	0.4720315
15576	-450.409	-605.1735	154.7645	2.222232	3.804606	0.07271616	0.4803231
15582	-452.6048	-605.931	153.3262	2.216373	6.87198	0.2470635	0.5454388
15588	-435.9001	-592.1057	156.2056	2.157471	1.356051	0.04308997	0.5878423
15594	-432.6538	-588.6777	156.0239	2.371306	0.3935576	0.4126951	0.5130301
15600	-435.548	-592.3818	156.8338	2.225835	0.3935576	0.1292924	0.713264
15606	-437.7141	-593.6227	155.9087	2.169677	0.741457	0.3037954	0.5664031
15612	-435.0153	-590.3094	155.2941	2.182034	1.292053	0.3276632	0.4558252
15618	-431.6103	-586.886	155.2758	2.1241	1.244018	0.3276632	0.7871822
15624	-426.2211	-582.0306	155.8095	1.935495	1.244018	0.1796028	0.8430584
15630	-436.7976	-592.6838	155.8861	1.966626	1.244018	0.1474439	0.8430584
15636	-444.3644	-601.0253	156.6609	2.078395	0.4825811	0.1474439	0.8430584
15642	-441.9003	-597.6867	155.7864	1.700558	1.065263	0.140619	1.356161
15648	-430.6628	-589.1182	158.4555	1.749598	0.0770305	0.03887514	0.9421437
15654	-426.2141	-583.6869	157.4729	1.803184	0.3285111	0.06055328	0.9809936
15660	-433.4089	-590.3496	156.9406	1.879822	0.5228179	0.07249351	1.016457
15666	-434.3638	-591.4966	157.1327	1.736213	0.3354599	0.07249351	1.281747
15672	-433.926	-590.6409	156.7148	2.004491	0.7551159	0.06681815	0.7958048
15678	-430.8255	-587.5798	156.7543	2.004491	0.7551159	0.05876206	0.7958048
15684	-427.4633	-583.7903	156.3269	2.228278	0.8537054	0.1030481	0.5792327
15690	-426.3057	-582.9536	156.6479	2.394217	0.4670462	0.1030481	0.6906148
15696	-435.5267	-592.1019	156.5752	2.325982	0.4670462	0.1458674	0.6420763
15702	-437.6114	-593.9413	156.3299	2.684267	0.5528775	0.07884379	0.3546477
15708	-422.9364	-578.49	155.5536	2.651107	0.737107	0.1829825	0.2413875
15714	-431.1407	-587.1589	156.0181	2.651107	0.5085664	0.1829825	0.3333686
15720	-429.8292	-585.5425	155.7133	2.55384	0.5085664	0.3710613	0.4519306
15726	-429.0323	-584.3074	155.2752	2.534055	0.7057533	0.4480281	0.3857198
15732	-429.9749	-585.1668	155.1919	2.651436	0.5437514	0.5778586	0.4187189
15738	-424.2727	-579.8526	155.5799	2.636363	0.5242945	0.3819885	0.4378298
15744	-442.1451	-597.8584	155.7133	2.836697	0.5992173	0.1833017	0.3572567
15750	-442.4741	-598.9924	156.5182	2.517661	0.2252419	0.2524084	0.3073943
15756	-437.7	-594.6078	156.9079	2.213582	0.2252419	0.2524084	0.5939427
15762	-446.5869	-601.728	155.1411	2.777777	0.6881376	0.4121776	0.4324931
15768	-458.3239	-613.9174	155.5935	2.353289	0.9295475	0.272052	0.4938277
15774	-460.0834	-615.89	155.8066	1.923568	0.9295475	0.2664285	0.9205394
15780	-447.5122	-603.2067	155.6945	1.896435	1.176754	0.1911351	1.032664
15786	-440.0737	-595.2193	155.1455	1.720316	1.176754	0.2659134	1.467189
15792	-444.2684	-600.1429	155.8745	1.74587	0.7341835	0.3535108	1.057491
15798	-427.3274	-583.9417	156.6144	1.792857	0.4076137	0.1601882	1.2521
15804	-440.5775	-596.4177	155.8402	1.647245	0.7594168	0.257754	1.335707
15810	-437.8353	-593.1618	155.3265	1.711785	0.7594168	0.4679431	1.344066
15816	-439.3549	-595.2833	155.9284	1.793721	0.7594168	0.2938337	1.05701
15822	-446.7189	-602.4342	155.7153	1.857849	0.7594168	0.3099907	1.15865
15828	-445.0491	-600.1244	155.0753	1.881882	1.425362	0.3099907	1.141047
15834	-440.7132	-595.878	155.1649	2.170364	1.425362	0.3018431	0.7546913
15840	-445.4066	-601.1212	155.7146	2.366902	0.5845954	0.4063786	0.539766
15846	-451.688	-607.0622	155.3741	2.21137	0.9357665	0.3968942	0.7310235
15852	-454.9136	-611.3311	156.4175	2.084363	0.4389093	0.1854455	1.043667
15858	-450.1467	-605.6057	155.459	1.793384	0.9750244	0.1854455	1.489531
15864	-456.7138	-611.7355	155.0217	1.525858	0.9750244	0.1385793	2.090392
15870	-437.4621	-592.4371	154.975	1.855204	1.658264	0.1385793	1.502454
15876	-443.116	-598.7154	155.5994	1.999266	1.658264	0.1045576	0.9611397
15882	-449.2219	-604.4168	155.1948	2.10322	1.658264	0.1045576	1.238042
15888	-438.9241	-593.8449	154.9208	1.965004	1.658264	0.1491049	1.431657
15894	-435.6581	-592.6729	157.0147	1.585275	0.3690296	0.07957133	1.413254
15900	-440.3078	-596.2851	155.9773	1.594893	1.064855	0.06998907	1.517186
15906	-440.7937	-597.4872	156.6935	1.442783	0.2489609	0.1185511	1.828972
15912	-439.9712	-596.4193	156.4481	1.872206	0.4705387	0.1185511	1.353441
15918	-439.8107	-597.0339	157.2232	1.816861	0.3366457	0.1314777	0.8854109
15924	-444.0085	-600.1135	156.105	2.147739	0.9644404	0.1395877	0.6794746
15930	-439.7834	-595.4505	155.667	2.154941	1.277647	0.1395877	0.8797078
15936	-430.2823	-586.0804	155.7981	1.889888	1.508345	0.1124619	0.9442311
15942	-432.8259	-588.5058	155.6799	2.055091	1.933931	0.06468112	0.8087818
15948	-432.8098	-588.5667	155.7569	1.879188	1.826989	0.06468112	0.994539
15954	-424.6966	-580.2319	155.5353	1.797805	1.388618	0.1661774	1.180317
15960	-434.7124	-590.1864	155.474	1.560355	1.036843	0.1661774	1.64989
15966	-441.3885	-596.5046	155.1161	1.590105	1.224494	0.2906659	1.510487
15972	-443.7469	-599.549	155.8021	1.877586	1.142721	0.09901966	1.274449
15978	-434.922	-590.7322	155.8103	1.840913	0.781675	0.2791133	1.130015
15984	-433.8926	-588.9984	155.1057	1.809539	1.203278	0.4413843	1.102411
15990	-427.9046	-584.101	156.1965	1.760819	0.8697076	0.1788568	1.008383
15996	-426.4965	-582.1297	155.6332	2.079863	1.368537	0.1788568	0.7526709
16002	-435.7752	-591.5184	155.7432	2.079863	1.368537	0.1505767	0.7286059
16008	-444.6785	-600.5073	155.8287	2.248194	0.9887423	0.2005532	0.5393182
16014	-438.0198	-593.7787	155.7589	2.198792	0.9404926	0.2005532	0.8528795
16020	-437.3678	-593.896	156.5282	2.031068	0.3488082	0.3442854	0.7008507
16026	-438.5362	-594.5649	156.0287	2.229309	0.9414866	0.1403928	0.7073892
16032	-452.6047	-608.1147	155.51	2.715118	1.100812	0.1097213	0.3444298
16038	-450.5748	-605.9019	155.327	2.222907	1.100812	0.3720943	0.5450343
16044	-458.4501	-613.773	155.323	1.839093	1.885591	0.118405	1.181025
16050	-456.8972	-613.2543	156.3572	2.087712	0.6523637	0.06914634	1.199028
16056	-459.7177	-616.6433	156.9256	1.724724	0.6523637	0.0259327	1.199028
16062	-444.3736	-599.7484	155.3748	1.843094	1.665202	0.04142629	1.529481
16068	-439.8863	-595.3106	155.4243	1.610135	1.801831	0.02242209	1.65483
16074	-442.2634	-598.1984	155.935	1.630617	1.081849	0.02906915	1.65483
16080	-437.9773	-592.3399	154.3627	1.99563	1.245183	0.7073487	1.206543
16086	-441.0302	-594.4917	153.4614	2.134365	1.245183	1.237032	1.380248
16092	-430.2686	-586.4214	156.1528	1.99179	0.9921671	0.1328626	0.8347124
16098	-435.8532	-592.2921	156.4388	1.961564	0.4514028	0.306436	0.7701646
16104	-422.283	-579.2715	156.9885	2.076347	0.3873335	0.1149649	0.8052492
16110	-437.3544	-593.7171	156.3627	2.231603	0.8738053	0.09119438	0.5198815
16116	-438.5124	-594.8659	156.3535	2.221966	0.8738053	0.093042	0.5795188
16122	-437.9538	-594.1607	156.2069	2.353273	0.8913753	0.093042	0.4411601
16128	-449.8424	-605.6059	155.7635	2.047227	1.103427	0.1735389	0.9329351
16134	-431.9429	-588.2408	156.2979	1.921216	0.7676035	0.1662062	0.9010522
16140	-446.7038	-602.7414	156.0376	2.027354	0.9037581	0.1407883	0.9926305
16146	-441.9014	-598.6675	156.7661	2.002681	0.4434466	0.152983	0.866419
16152	-434.6054	-591.0648	156.4594	2.091437	1.004472	0.0685152	0.5802805
16158	-426.8849	-583.1272	156.2423	2.369979	0.5835047	0.1369245	0.8492782
16164	-433.8836	-590.5528	156.6692	1.997909	0.4427554	0.1369245	1.035804
16170	-433.994	-590.8654	156.8714	1.691216	0.4991149	0.1369245	1.042886
16176	-434.7076	-590.8413	156.1336	2.036578	0.5639651	0.2330423	1.030129
16182	-431.5736	-587.62	156.0464	2.056825	0.7789489	0.2348177	0.7722476
16188	-432.1001	-588.0873	155.9872	2.099751	0.7789489	0.2348177	0.7948104
16194	-427.3766	-583.4259	156.0494	1.840028	0.9198752	0.1775935	1.02549
16200	-438.5006	-595.0001	156.4995	2.114892	0.4269834	0.1775935	0.9783998
16206	-438.0283	-593.6409	155.6126	1.645617	1.499262	0.1775935	1.139968
16212	-440.6733	-596.7959	156.1227	2.006759	0.870982	0.1775935	0.8205863
16218	-427.7652	-584.2021	156.437	2.022939	0.6082847	0.1775935	0.8205863
16224	-432.8075	-589.2687	156.4612	1.964966	0.6082847	0.18851	0.8198727
16230	-423.6484	-580.5992	156.9509	2.02159	0.6082847	0.0418972	0.8776998
16236	-421.0898	-577.7348	156.6449	2.167099	0.8185498	0.0418972	0.7308664
16242	-427.4239	-583.5812	156.1573	2.163869	1.082752	0.03329028	1.03112
16248	-424.1572	-580.8359	156.6786	2.039536	0.4429933	0.2187717	0.6296011
16254	-431.8529	-588.6655	156.8126	1.994388	0.544479	0.1274737	0.7090405
16260	-428.8357	-585.5315	156.6958	1.764175	0.5138256	0.2080418	0.8826106
16266	-436.4667	-593.0936	156.6269	2.05362	0.8693269	0.06512722	0.65598
16272	-439.0607	-595.2324	156.1716	2.327306	0.7446199	0.1539483	0.5404078
16278	-438.7298	-594.2203	155.4905	2.317942	1.106896	0.2562497	0.5404078
16284	-435.068	-590.3934	155.3253	1.984318	1.756834	0.1965008	0.8481496
16290	-434.6732	-590.5876	155.9144	1.960062	0.9898939	0.2277139	0.7948915
16296	-441.0903	-597.1446	156.0542	2.004035	0.9898939	0.1659609	0.7989311
16302	-435.4408	-591.659	156.2182	2.004035	0.9898939	0.1073551	0.8646184
16308	-433.2722	-589.8674	156.5953	2.13521	0.6789093	0.1073551	0.6366434
16314	-435.7512	-590.6424	154.8912	2.015348	2.019585	0.3049503	0.7928388
16320	-434.07	-590.0955	156.0255	1.95962	0.8453881	0.2160366	0.8891223
16326	-430.1046	-586.5935	156.4889	1.90976	0.7393284	0.143515	0.8218339
16332	-441.927	-597.6916	155.7646	2.284159	0.7393284	0.2630875	0.8115283
16338	-444.9434	-599.2146	154.2712	2.344629	1.166384	0.8127404	0.9017944
16344	-444.0856	-599.0065	154.9209	2.228115	1.17621	0.5170894	0.7195308
16350	-446.0122	-601.4955	155.4833	2.405142	0.9533849	0.2787016	0.5982054
16356	-443.1404	-598.9999	155.8596	2.327063	0.9533849	0.1776562	0.4947988
16362	-444.6812	-600.2949	155.6137	2.192924	1.340667	0.1776562	0.6296279
16368	-434.0648	-589.792	155.7272	2.302021	0.9702646	0.2246139	0.4972157
16374	-436.559	-593.2201	156.6611	2.060735	0.3856914	0.2621573	0.5972121
16380	-428.8691	-585.1699	156.3008	2.064804	0.8775741	0.1409626	0.6249441
16386	-431.0518	-587.1248	156.073	1.885813	0.8775741	0.2021439	0.9234765
16392	-432.991	-589.4341	156.4431	1.885813	0.5861238	0.2021439	0.9234765
16398	-434.8562	-591.0697	156.2135	2.327504	0.5861238	0.2021439	0.6104601
16404	-435.5292	-591.5774	156.0482	2.259733	0.5861238	0.2900844	0.6104601
16410	-442.3775	-598.1091	155.7316	2.371788	0.7301214	0.2900844	0.6314606
16416	-439.7495	-595.7776	156.0281	1.761244	0.5783483	0.3261558	1.151472
16422	-448.5333	-603.7378	155.2045	1.890805	0.7321093	0.388826	1.439849
16428	-436.8615	-592.5743	155.7128	1.921423	0.7321093	0.1757718	1.43116
16434	-442.5775	-598.3774	155.7999	1.757464	1.263765	0.1311113	1.180555
16440	-448.492	-604.6243	156.1323	1.96863	0.9642242	0.1311113	0.925833
16446	-444.7852	-600.1453	155.3601	1.976944	2.18754	0.09820865	0.925833
16452	-450.0289	-606.3182	156.2893	1.806157	0.8675912	0.1558805	0.947165
16458	-439.3062	-595.219	155.9128	1.939638	0.8675912	0.253637	0.8955322
16464	-446.1891	-602.1594	155.9702	1.944633	0.8675912	0.2382695	0.8703031
16470	-448.2823	-604.2488	155.9665	1.935312	0.9062628	0.260105	0.7579473
16476	-438.6127	-595.2064	156.5937	1.937864	0.6081544	0.14603	0.863523
16482	-444.4049	-600.1941	155.7892	1.933379	0.6081544	0.2680876	1.286723
16488	-437.3296	-593.716	156.3863	1.930844	0.6208482	0.1738934	0.9752631
16494	-447.096	-602.3767	155.2808	1.781712	2.22974	0.1513125	0.9752631
16500	-457.4428	-612.7275	155.2848	1.607166	1.508982	0.08838642	1.681619
16506	-463.3375	-618.1354	154.7979	2.020486	0.7180235	0.4991086	1.512635
16512	-451.6575	-606.1533	154.4958	2.206303	1.344337	0.5682659	0.9939934
16518	-447.4601	-601.4568	153.9967	2.25334	1.366795	0.9445122	0.9587465
16524	-451.4114	-605.9997	154.5883	1.928918	1.491261	0.6272544	0.9799029
16530	-448.9951	-604.2928	155.2977	2.25	1.232352	0.2934072	0.6950885
16536	-444.0734	-599.941	155.8676	2.07921	1.232352	0.1616944	0.6335417
16542	-446.8389	-602.763	155.9241	1.87402	1.232352	0.1386345	0.9518757
16548	-426.7511	-584.4229	157.6718	1.915768	0.2060599	0.07114192	0.9246374
16554	-432.0557	-589.2642	157.2084	1.58653	0.2922142	0.07114192	1.423318
16560	-436.0521	-592.9043	156.8522	1.775591	0.2460658	0.32938	0.9618858
16566	-440.5068	-596.7028	156.1961	2.300641	0.8208425	0.1285779	0.5551229
16572	-440.3933	-595.7574	155.3641	2.36403	1.710377	0.1285779	0.5701343
16578	-430.1801	-586.8288	156.6487	2.308793	0.4907841	0.1285779	0.4804862
16584	-433.7019	-590.8906	157.1887	2.12736	0.2280543	0.1817842	0.5919065
16590	-436.2989	-593.4196	157.1207	2.220176	0.2107942	0.1884142	0.6021952
16596	-433.3658	-589.3854	156.0196	2.260089	0.8320038	0.1884142	0.553964
16602	-438.492	-594.6667	156.1747	2.282338	0.6913622	0.1884142	0.5148464
16608	-435.8776	-591.6983	155.8207	2.324193	0.9557005	0.1884142	0.4489153
16614	-437.6242	-594.1121	156.4879	2.433738	0.3960906	0.1884142	0.464152
16620	-442.2875	-598.4937	156.2063	2.067353	0.7153887	0.2357249	0.5944726
16626	-441.3743	-597.567	156.1927	2.297831	0.7153887	0.1226426	0.8421624
16632	-441.8134	-597.1257	155.3123	1.984108	0.9758729	0.3972618	1.022009
16638	-436.5648	-592.6958	156.131	1.764925	0.7529989	0.2099846	1.106344
16644	-438.0611	-594.8066	156.7454	1.865717	0.3758063	0.2099846	0.9815397
16650	-442.5714	-598.0036	155.4323	1.676682	0.9119965	0.2099846	1.589823
16656	-447.231	-602.7558	155.5248	1.632814	0.4477537	0.2099846	1.994823
16662	-449.953	-604.942	154.9891	1.377978	0.9586301	0.4203593	1.739522
16668	-446.6891	-601.2434	154.5543	1.559617	1.081667	0.4203593	1.831064
16674	-438.3572	-593.7948	155.4377	1.643665	1.081667	0.2002394	1.505608
16680	-427.2943	-583.0902	155.7959	2.01156	1.081667	0.2002394	0.8660081
16686	-424.6857	-581.3977	156.712	1.954705	0.3323366	0.1786417	1.107057
16692	-431.2059	-587.5357	156.3299	1.659026	0.8989418	0.1303745	1.107057
16698	-436.8202	-592.6065	155.7863	2.063567	0.9496881	0.1491804	1.122296
16704	-424.7643	-580.9037	156.1394	2.131275	0.5883092	0.155867	1.122296
16710	-444.3186	-600.2107	155.8921	1.99957	0.3938052	0.4980778	1.044649
16716	-433.3781	-589.8792	156.501	2.143398	0.3938052	0.2012784	0.9363163
16722	-427.8106	-583.9922	156.1816	2.498788	0.6069261	0.1467625	0.3856685
16728	-435.9285	-591.5689	155.6404	2.632287	0.3605788	0.5053477	0.3943044
16734	-432.1616	-587.8896	155.728	2.418754	0.5703376	0.3821613	0.5572795
16740	-433.7696	-589.5568	155.7872	2.479588	0.6606011	0.2699234	0.5572795
16746	-434.928	-591.2207	156.2928	2.256829	0.5824276	0.1965891	0.6439036
16752	-430.6435	-587.1666	156.5231	2.256829	0.4413104	0.1965891	0.6439036
16758	-441.0416	-597.7143	156.6727	2.327489	0.347122	0.1942713	0.553814
16764	-448.2068	-605.3498	157.143	2.125485	0.347122	0.08768781	0.7967741
16770	-440.4142	-597.4935	157.0793	2.169106	0.347122	0.1222357	0.5450268
16776	-437.1586	-593.2953	156.1367	2.324006	0.8056402	0.1438805	0.4623305
16782	-435.2883	-592.2562	156.9679	2.118159	0.3426892	0.163976	0.6215448
16788	-442.0863	-599.2422	157.1559	2.328653	0.3426892	0.07005007	0.4647883
16794	-437.387	-594.5826	157.1957	2.328653	0.4086101	0.03547075	0.5154707
16800	-444.5769	-601.024	156.4471	2.362125	0.4086101	0.2191876	0.4987004
16806	-434.7853	-591.5536	156.7682	2.262676	0.4086101	0.1323789	0.6927982
16812	-437.6174	-593.3987	155.7813	2.330074	1.124097	0.1399969	0.649405
16818	-441.6642	-597.2393	155.5752	2.365218	1.323038	0.1399969	0.649405
16824	-435.8835	-592.0982	156.2147	2.012076	0.8271473	0.1399969	0.9152794
16830	-451.0113	-604.4509	153.4396	2.627555	2.234049	0.8327014	0.5803935
16836	-445.9794	-600.6743	154.6949	2.533829	0.7400095	0.8327014	0.6189199
16842	-437.92	-594.0279	156.1079	1.999466	0.773596	0.2278327	0.8017335
16848	-435.8549	-591.6926	155.8377	1.935967	0.773596	0.2278327	1.148182
16854	-432.0804	-587.6274	155.547	1.892586	0.9179206	0.2793367	1.180332
16860	-458.5204	-613.3922	154.8718	1.913056	0.8506378	0.2948022	1.711959
16866	-451.6597	-608.3433	156.6836	1.547164	0.7464943	0.0811829	1.228725
16872	-439.3647	-596.6282	157.2635	1.553896	0.173176	0.1159468	1.506896
16878	-435.6856	-593.8383	158.1527	1.690411	0.108863	0.06220852	1.049414
16884	-429.679	-587.9527	158.2737	1.748364	0.108863	0.01860527	1.056923
16890	-436.4798	-595.1446	158.6648	1.937261	0.04829634	0.01860527	0.7024639
16896	-435.7818	-594.2826	158.5008	2.116007	0.04829634	0.0109938	0.599998
16902	-432.0304	-590.4371	158.4067	1.652068	0.06885294	0.01618911	1.182917
16908	-429.3596	-587.7111	158.3515	1.664816	0.07785053	0.05106529	1.066113
16914	-436.3403	-593.7075	157.3672	1.947289	0.3297715	0.06239313	0.9282562
16920	-432.5434	-589.6746	157.1312	1.986159	0.3416603	0.1148466	0.8575428
16926	-438.0211	-594.8108	156.7897	1.799098	0.4291225	0.1148466	1.205566
16932	-431.9738	-588.8268	156.853	1.799098	0.4369701	0.2044548	0.8223222
16938	-434.6749	-590.3676	155.6927	1.721153	0.8071841	0.2636562	1.336777
16944	-445.1804	-601.0593	155.8789	1.642891	0.8071841	0.1337286	1.556305
16950	-432.944	-588.3119	155.3678	1.749052	1.158632	0.3309477	1.153143
16956	-435.2215	-591.1788	155.9572	1.767021	0.4310581	0.3309477	1.396766
16962	-444.8202	-600.5639	155.7438	1.649974	0.6242685	0.4408977	1.237976
16968	-443.0187	-599.7604	156.7417	1.657419	0.4092838	0.1474717	1.292373
16974	-448.7706	-604.6301	155.8596	1.949657	0.898839	0.1561325	1.184488
16980	-433.788	-589.688	155.9	1.854946	0.6434869	0.328346	1.093817
16986	-432.9541	-588.7852	155.8311	2.058112	0.6543709	0.2648812	1.093817
16992	-434.3876	-590.564	156.1763	1.770004	0.6543709	0.2237259	1.140949
16998	-431.9076	-588.3948	156.4872	1.507321	0.356984	0.2233056	1.503219
17004	-433.0925	-589.5692	156.4767	1.59857	0.356984	0.2233056	1.442072
17010	-444.6219	-600.5264	155.9045	1.560358	0.7675339	0.152955	1.582215
17016	-443.948	-600.1467	156.1988	1.844287	1.002475	0.1693316	0.7873999
17022	-445.5647	-601.361	155.7963	1.746075	1.708789	0.06487928	1.153049
17028	-443.6636	-600.2806	156.617	1.721132	0.8919863	0.07843865	0.9876598
17034	-449.6953	-606.7295	157.0341	1.983222	0.2728806	0.1872345	0.8622737
17040	-450.0639	-606.3147	156.2507	2.254161	0.5943701	0.2070412	0.6347856
17046	-431.4574	-588.255	156.7976	2.035626	0.5713618	0.1057454	0.7395073
17052	-422.7544	-579.6525	156.8981	2.236349	0.4235421	0.1057454	0.6389968
17058	-435.7342	-591.7873	156.0531	2.236349	0.6554512	0.1935616	0.8864198
17064	-447.084	-603.2601	156.1761	2.297999	0.6554512	0.1935616	0.5937753
17070	-431.8769	-588.3153	156.4383	2.116239	0.5690823	0.1935616	0.6920734
17076	-445.6957	-602.4364	156.7407	2.020848	0.5690823	0.110435	0.8176929
17082	-441.2824	-597.9355	156.6531	1.606771	0.5690823	0.1438011	1.194298
17088	-440.5201	-596.6298	156.1097	2.025584	0.5690823	0.3242305	0.8144049
17094	-428.794	-584.9574	156.1634	2.08627	0.5690823	0.3242305	0.6242947
17100	-445.381	-600.9308	155.5498	2.267773	0.9112533	0.3242305	0.6242947
17106	-435.9081	-591.3263	155.4182	1.933656	1.371362	0.3242305	0.7146783
17112	-436.0656	-591.5972	155.5316	1.755236	1.888644	0.1643115	0.8969904
17118	-440.8547	-596.2523	155.3976	1.93878	1.888644	0.1643115	0.8385435
17124	-426.4479	-582.3097	155.8618	1.783157	0.5378127	0.4348105	1.141809
17130	-424.2068	-580.2369	156.0301	1.738426	0.6934242	0.2141693	1.271379
17136	-434.9473	-590.5542	155.6069	2.019984	1.100985	0.2621389	0.8569218
17142	-444.5823	-599.1983	154.616	2.262593	1.100985	0.640264	0.9193139
17148	-449.5363	-604.2457	154.7094	2.232856	1.034166	0.640264	0.9193139
17154	-448.6793	-603.0502	154.3709	2.549411	0.8608837	0.7791514	0.9445635
17160	-448.3147	-603.4745	155.1598	1.801883	1.193111	0.4743471	1.011797
17166	-439.8287	-596.0729	156.2441	1.730325	0.8816694	0.1650016	1.022922
17172	-443.5183	-598.3123	154.794	1.668087	0.8816694	0.5661886	1.554573
17178	-444.2741	-600.1919	155.9178	1.9637	0.7172419	0.2057547	1.170279
17184	-443.4563	-599.6427	156.1864	1.630956	0.7172419	0.1388185	1.402014
17190	-440.3994	-595.8765	155.4771	1.743265	1.50093	0.1388185	1.283837
17196	-446.5559	-602.3855	155.8296	1.960597	1.236976	0.1388185	0.9553341
17202	-440.0072	-594.8653	154.8581	1.315998	1.545849	0.1062708	2.099856
17208	-429.5725	-586.1046	156.5322	1.551995	0.4965997	0.1062708	1.538203
17214	-434.773	-591.5756	156.8026	1.748781	0.3134249	0.1473864	1.32988
17220	-436.5905	-592.5632	155.9726	1.836959	0.9130195	0.05382714	1.51365
17226	-436.5185	-592.0233	155.5048	2.002592	1.569229	0.197394	0.7501068
17232	-432.7883	-589.3152	156.5269	1.839307	0.8926072	0.08870941	0.9078667
17238	-440.1841	-596.1825	155.9984	2.059963	0.8926072	0.1241816	1.070981
17244	-438.8529	-594.0891	155.2362	2.110063	0.8926072	0.44367	0.9731873
17250	-432.277	-587.2837	155.0066	1.730704	1.181024	0.2369905	1.615329
17256	-426.9879	-581.9949	155.0071	1.500625	1.181024	0.2029302	1.844681
17262	-430.4935	-585.5319	155.0384	1.587946	0.8928846	0.3475114	1.707734
17268	-424.6468	-580.4051	155.7583	1.823411	0.8928846	0.1183495	1.483397
17274	-422.943	-578.9771	156.0341	1.840803	0.8928846	0.07010477	1.419961
17280	-424.8012	-581.6018	156.8006	1.948251	0.5344094	0.1405817	0.7492506
17286	-429.1326	-584.9364	155.8038	2.00044	0.8509981	0.280953	0.8935484
17292	-427.4293	-584.1997	156.7704	1.835487	0.4696815	0.1698615	0.9337812
17298	-428.5541	-585.1849	156.6308	2.040234	0.4696815	0.2114141	0.6749894
17304	-431.4842	-587.5534	156.0692	2.145503	0.5746489	0.2844737	0.8196488
17310	-437.8551	-595.1514	157.2963	2.138637	0.278089	0.1138516	0.5629476
17316	-433.4322	-589.6166	156.1845	2.195029	0.40728	0.3837368	0.6665155
17322	-433.2316	-588.8893	155.6577	1.796617	0.994241	0.3837368	0.8617381
17328	-439.5336	-595.2496	155.716	2.245689	1.030561	0.1840696	0.7960711
17334	-433.8278	-588.7252	154.8974	2.062129	1.261703	0.3647411	1.15011
17340	-442.0738	-598.4779	156.4041	1.90176	1.179797	0.06634046	0.7622648
17346	-440.0438	-596.4928	156.449	2.07279	0.7066946	0.1367649	0.7424174
17352	-443.8134	-599.9125	156.0991	2.291545	0.5831812	0.2267143	0.7662034
17358	-449.0452	-604.5888	155.5436	2.084574	0.5729846	0.6330401	0.7662034
17364	-450.5734	-605.6979	155.1245	1.823181	1.331969	0.2747404	1.282643
17370	-442.9712	-599.8905	156.9193	1.925672	0.5795073	0.1002055	0.7383095
17376	-441.9293	-598.5377	156.6084	1.734096	0.5795073	0.1859389	0.9717291
17382	-434.9272	-590.3314	155.4042	2.147541	1.036589	0.2946759	0.9218751
17388	-442.6162	-598.4617	155.8455	2.15956	0.4654732	0.4954065	0.7750542
17394	-428.6763	-585.2831	156.6069	2.018639	0.7529898	0.08473529	0.8123668
17400	-436.0322	-591.5506	155.5184	2.000071	1.530154	0.2303968	0.5970328
17406	-440.3399	-597.4856	157.1457	2.024004	0.3138881	0.1496137	0.6833776
17412	-434.9225	-591.9223	156.9998	1.916845	0.4452016	0.1094709	0.8811653
17418	-438.2955	-592.6567	154.3612	2.075525	2.162537	0.392939	1.020159
17424	-431.9748	-587.7099	155.7351	1.976291	0.7595578	0.392939	0.8431253
17430	-434.8977	-590.5372	155.6395	2.061369	0.9125823	0.3127148	0.8479455
17436	-441.9804	-597.9519	155.9715	1.870961	0.8514153	0.08103634	1.44077
17442	-436.8269	-591.8894	155.0625	1.881196	1.41792	0.2556272	1.270044
17448	-448.6404	-604.6104	155.97	2.158643	0.5242505	0.1711276	1.284363
17454	-449.8804	-606.077	156.1966	1.964219	0.537667	0.3231704	0.8460605
17460	-455.9741	-612.0594	156.0853	1.727002	0.6380141	0.177498	1.385302
17466	-443.1771	-599.5779	156.4008	2.056027	0.6380141	0.1902252	0.7062807
17472	-447.3224	-603.1223	155.7999	2.056027	0.6380141	0.3657916	0.9219844
17478	-436.5557	-593.066	156.5103	2.086139	0.6380141	0.1222167	0.8408676
17484	-433.4041	-590.0084	156.6043	2.161786	0.7228594	0.08577176	0.6371234
17490	-438.4514	-594.8599	156.4084	2.319717	0.7228594	0.1012785	0.5338883
17496	-447.0019	-603.582	156.5801	2.133832	0.2387442	0.3945446	0.7083683
17502	-444.0243	-600.3677	156.3434	2.170538	0.6446264	0.1656207	0.7266911
17508	-454.6671	-610.8836	156.2165	1.681811	0.6446264	0.1428527	1.402698
17514	-441.4943	-595.5911	154.0968	2.037416	1.517361	0.6561845	1.27241
17520	-439.4663	-595.4824	156.0161	1.872951	0.7453887	0.1749515	1.214835
17526	-440.3942	-597.3407	156.9465	1.855505	0.3941211	0.1597476	0.9074926
17532	-433.3018	-588.99	155.6881	1.484604	1.276845	0.07566363	1.651657
17538	-433.9284	-589.0771	155.1487	1.640821	2.035826	0.09398982	1.488928
17544	-442.1087	-597.0865	154.9778	1.70013	2.250319	0.09398982	1.483139
17550	-450.6943	-606.0324	155.3381	1.814939	1.687511	0.09398982	1.376016
17556	-435.8972	-590.8796	154.9824	1.868706	3.404613	0.09449625	0.8676962
17562	-435.0439	-590.8207	155.7768	1.933349	1.887112	0.08223446	0.7682216
17568	-438.9222	-594.8291	155.9069	2.176549	1.400402	0.08223446	0.7080029
17574	-431.7225	-588.1267	156.4042	2.012216	0.8477597	0.1378617	0.6085125
17580	-433.8055	-590.7523	156.9468	1.834561	0.5313684	0.09027732	0.9597312
17586	-435.5048	-591.6891	156.1843	1.550077	0.7438756	0.1425985	1.429577
17592	-443.2199	-599.6134	156.3935	1.518557	0.9395735	0.09507792	1.259634
17598	-438.7859	-596.6356	157.8497	1.97381	0.167752	0.07522732	0.7557899
17604	-438.7436	-595.9585	157.2149	1.97381	0.5306233	0.04094243	0.7557899
17610	-439.1114	-596.3667	157.2553	1.844136	0.2586347	0.1126767	1.085864
17616	-445.8843	-601.9653	156.081	1.812874	1.039995	0.08794834	1.216217
17622	-454.6381	-610.3878	155.7497	1.917756	0.9890148	0.288329	0.860912
17628	-440.7953	-597.6689	156.8736	2.08625	0.4881496	0.08523498	0.8651308
17634	-428.8998	-584.6736	155.7738	2.182917	0.819485	0.2836384	0.7331143
17640	-418.5256	-574.3918	155.8662	2.289928	0.819485	0.2312175	0.6033923
17646	-422.0672	-577.6337	155.5664	2.265232	1.137912	0.2312175	0.6007118
17652	-430.3759	-586.2482	155.8724	1.951028	1.271346	0.1781557	0.7059004
17658	-433.8481	-590.1865	156.3384	2.230865	0.8078003	0.09904102	0.7059004
17664	-434.6441	-592.2555	157.6114	2.174403	0.19089	0.08769426	0.5538832
17670	-431.5219	-588.1641	156.6423	2.22099	0.5666377	0.08769426	0.816273
17676	-429.0799	-585.4838	156.404	2.087208	0.5666377	0.2164531	0.6914108
17682	-426.0772	-582.1185	156.0413	2.108178	1.111545	0.110997	0.789427
17688	-438.7799	-594.822	156.0421	1.913714	0.8222573	0.2670136	0.789427
17694	-453.1456	-609.1185	155.9729	1.787896	1.06848	0.2615881	0.7163611
17700	-432.9449	-589.5257	156.5807	1.970863	0.5076271	0.2210427	0.7244876
17706	-423.7994	-581.4968	157.6974	1.996421	0.218157	0.0743476	0.7244876
17712	-434.0798	-591.7926	157.7128	1.918445	0.1624018	0.0743476	1.005706
17718	-433.4331	-590.1552	156.7221	2.363553	0.5486614	0.0743476	0.569122
17724	-424.8689	-581.6273	156.7583	2.185868	0.5486614	0.1029811	0.6146408
17730	-431.0693	-587.413	156.3436	2.011473	0.9637497	0.1029811	0.7483836
17736	-429.8445	-586.8145	156.97	1.960023	0.5537141	0.08812394	0.7483836
17742	-430.0766	-585.7339	155.6573	1.960023	0.6402118	0.4346024	1.027614
17748	-430.3434	-586.1764	155.833	2.005576	1.484453	0.1129815	0.7831085
17754	-432.9268	-589.6942	156.7674	2.283167	0.303227	0.209974	0.5545069
17760	-423.0538	-579.149	156.0952	2.25648	0.6625682	0.2376381	0.5341389
17766	-423.845	-579.3702	155.5251	2.36323	1.077018	0.2376381	0.4913361
17772	-424.9668	-580.5728	155.606	2.479745	0.8401127	0.2531394	0.5618992
17778	-424.7151	-580.7063	155.9912	2.242524	0.8401127	0.2022611	0.4920017
17784	-421.5657	-577.9122	156.3465	2.272465	0.5646073	0.1929451	0.5420507
17790	-428.174	-583.8718	155.6977	2.193752	0.7101978	0.3893437	0.6803003
17796	-431.4141	-586.8767	155.4625	2.417245	0.7101978	0.4178196	0.5734134
17802	-434.5925	-590.0015	155.409	2.394221	1.01628	0.2942438	0.5269958
17808	-426.397	-582.5431	156.1461	2.403757	1.01628	0.06642286	0.4293131
17814	-435.6067	-593.1465	157.5398	2.237621	0.2447145	0.05815788	0.4897494
17820	-432.033	-587.6398	155.6068	2.563269	0.8567815	0.2021972	0.3643608
17826	-435.9739	-591.7532	155.7792	2.523065	0.3608354	0.4759722	0.3643608
17832	-428.1873	-584.6508	156.4636	2.523065	0.3608354	0.1910724	0.5044859
17838	-430.7437	-586.5354	155.7917	2.367875	0.6356705	0.3127626	0.3634874
17844	-423.2578	-578.8805	155.6227	2.460545	0.6356705	0.3656344	0.438373
17850	-430.4824	-586.1618	155.6793	2.196487	1.356408	0.1530847	0.3894839
17856	-440.4782	-595.2118	154.7336	2.328308	1.356408	0.5241124	0.4976607
17862	-437.0386	-594.2602	157.2216	2.254796	0.1993642	0.1621242	0.5264971
17868	-433.2737	-590.2054	156.9317	1.903297	0.3412347	0.2253805	0.7472407
17874	-427.2674	-584.1641	156.8967	1.951152	0.3308559	0.2076351	0.8296235
17880	-434.8212	-591.5858	156.7647	2.182129	0.4687638	0.1355427	0.614688
17886	-434.4181	-590.6772	156.259	2.078122	0.9318828	0.1355427	0.5964881
17892	-447.3614	-604.3165	156.9551	2.015007	0.4672907	0.1348383	0.5500307
17898	-434.7988	-591.6767	156.8779	2.173184	0.4672907	0.08999788	0.7655612
17904	-432.3651	-588.7009	156.3358	2.255969	0.580809	0.158855	0.7807943
17910	-431.3136	-586.6655	155.3518	2.317381	1.638103	0.158855	0.565892
17916	-432.0127	-587.9893	155.9766	2.249623	0.8826159	0.1866296	0.5643869
17922	-445.2288	-600.7086	155.4798	2.720962	0.7349685	0.2200598	0.3027327
17928	-447.8963	-603.463	155.5667	2.720962	0.7930544	0.1667423	0.298989
17934	-435.8427	-591.1116	155.2688	3.069987	0.6402691	0.1624968	0.2160807
17940	-432.7224	-587.9032	155.1809	2.589769	1.426037	0.1624968	0.3611612
17946	-432.6418	-588.5953	155.9535	2.677445	0.4168009	0.261598	0.3590818
17952	-438.9922	-595.7093	156.7171	2.001965	0.4932119	0.1844407	0.6614794
17958	-441.1121	-598.0285	156.9164	2.150144	0.3287368	0.1844407	0.5702706
17964	-418.5978	-574.6426	156.0449	2.314284	0.6459214	0.241639	0.5602095
17970	-429.1698	-585.2191	156.0492	2.314284	0.6461359	0.241639	0.5327628
17976	-426.8033	-583.454	156.6507	2.14525	0.3564067	0.241639	0.6852588
17982	-423.7344	-580.8613	157.1269	2.031245	0.3564067	0.1272443	0.6852588
17988	-432.682	-589.5115	156.8295	2.259216	0.3834048	0.1272443	0.7110672
17994	-429.2458	-585.042	155.7963	2.118133	0.6906124	0.3638012	0.7675622
18000	-434.7881	-591.2297	156.4416	2.118133	0.6906124	0.1497653	0.6227249
18006	-431.4042	-587.129	155.7249	2.333487	0.6906124	0.336137	0.6093131
18012	-436.1512	-592.2354	156.0842	2.331112	0.9338428	0.1182998	0.533061
18018	-441.9252	-597.3782	155.4529	2.395521	0.6761024	0.4642469	0.533061
18024	-439.5001	-595.3125	155.8124	2.553401	0.839048	0.1592158	0.4480985
18030	-432.6438	-588.485	155.8412	2.385227	0.839048	0.2050831	0.5129025
18036	-435.6977	-591.1516	155.454	2.407413	0.839048	0.3469162	0.5863072
18042	-440.6409	-596.5918	155.951	2.275936	0.4978912	0.3959458	0.5863072
18048	-431.0981	-587.3863	156.2882	2.264661	0.3325126	0.3959458	0.4862194
18054	-429.2057	-584.8394	155.6337	2.400909	0.7036116	0.3478542	0.4645895
18060	-451.0223	-606.0136	154.9913	2.795654	0.7298689	0.4311206	0.3544304
18066	-440.3819	-596.5338	156.1519	2.618008	0.439508	0.1952207	0.3553019
18072	-430.7742	-586.756	155.9817	2.216372	1.182559	0.1041279	0.6502202
18078	-443.042	-598.9963	155.9543	2.613746	0.8473557	0.1041279	0.524863
18084	-430.0155	-585.8094	155.7939	2.365123	1.271962	0.1041279	0.4898582
18090	-431.2261	-587.3064	156.0802	2.65766	0.5631668	0.1453983	0.6615146
18096	-436.0171	-592.8412	156.8241	1.985606	0.7164019	0.06100796	0.7773624
18102	-436.6647	-591.9935	155.3287	2.302651	1.663768	0.1434766	0.7307342
18108	-442.0267	-596.9045	154.8778	2.169772	1.965509	0.2996655	0.6271672
18114	-432.1597	-588.325	156.1653	2.275057	0.66043	0.2040185	0.5788591
18120	-428.8869	-585.0535	156.1667	2.093751	0.7545096	0.2040185	0.7104382
18126	-425.2036	-581.2741	156.0705	1.926913	0.8388181	0.2012932	0.931481
18132	-427.5683	-583.824	156.2557	2.101449	0.6228056	0.2012932	0.8318671
18138	-419.9169	-576.3915	156.4745	1.89639	0.6527183	0.1938239	0.7888491
18144	-437.4723	-592.8796	155.4073	1.684057	1.712682	0.1938239	1.1106
18150	-439.0009	-594.3062	155.3052	1.339816	3.302983	0.06098955	1.251332
18156	-438.4592	-593.7616	155.3024	1.652404	3.302983	0.06419334	0.9517941
18162	-434.7811	-590.9977	156.2166	1.691347	1.487272	0.08418505	0.8497303
18168	-441.4832	-596.3783	154.8951	1.690704	3.575642	0.04624526	1.275464
18174	-446.5042	-601.1094	154.6052	1.416473	5.254498	0.04827769	1.29819
18180	-449.1653	-603.6484	154.4832	1.667741	6.566737	0.04827769	0.876244
18186	-449.1815	-604.1114	154.9299	1.876702	4.035864	0.08723764	0.6437996
18192	-445.5896	-600.1542	154.5646	2.083525	3.948749	0.1298971	0.6703089
18198	-437.7118	-593.6062	155.8945	2.15328	1.778063	0.04224515	0.6386158
18204	-438.9961	-594.8997	155.9037	1.790452	1.74853	0.05760323	1.021387
18210	-448.8612	-603.9999	155.1386	1.745351	2.267793	0.09787083	1.301923
18216	-440.0582	-595.5656	155.5074	1.846756	1.465453	0.09787083	1.327798
18222	-430.7263	-587.1713	156.4449	1.852642	0.5210983	0.09787083	1.371992
18228	-441.3157	-597.2496	155.9339	1.785901	1.145543	0.1169329	1.176213
18234	-440.9177	-597.095	156.1774	1.826798	0.9794151	0.106123	1.103454
18240	-436.0324	-591.8709	155.8385	2.081092	0.9863437	0.226215	0.7412459
18246	-435.6697	-591.7624	156.0927	2.010294	0.8271741	0.226215	0.722519
18252	-440.8358	-597.0841	156.2483	1.99518	0.5442333	0.303457	0.7835708
18258	-442.5685	-598.4494	155.8809	2.009043	0.5239138	0.303457	1.181914
18264	-438.5192	-594.8771	156.358	2.079647	0.7903349	0.1226985	0.790741
18270	-445.2963	-601.3735	156.0772	2.474468	0.7903349	0.1226985	0.5702432
18276	-450.514	-607.1773	156.6633	2.581855	0.3900589	0.1002596	0.436563
18282	-455.6034	-611.3764	155.7731	2.400786	0.9162636	0.1942869	0.496327
18288	-454.8577	-610.6224	155.7647	1.905535	1.825154	0.0767689	0.8983087
18294	-456.0525	-612.2802	156.2277	1.878115	0.8681395	0.1027507	1.131115
18300	-452.1712	-607.8722	155.701	2.30281	0.8681395	0.2260336	0.8003621
18306	-447.4909	-602.9491	155.4583	2.277057	0.8681395	0.3510045	0.7552415
18312	-450.7393	-605.695	154.9557	2.277057	1.540654	0.3510045	0.5573733
18318	-441.9488	-598.3164	156.3677	2.267305	0.5873913	0.162925	0.6736106
18324	-447.7717	-604.3015	156.5298	1.629565	0.8857895	0.108933	1.039628
18330	-435.7204	-592.7492	157.0288	1.737123	0.2744262	0.106774	1.355858
18336	-438.5355	-595.7501	157.2146	1.990177	0.5251643	0.04709632	0.6946067
18342	-436.0648	-592.3585	156.2936	2.055699	1.123014	0.04709632	0.8929657
18348	-448.6481	-604.4371	155.789	2.27712	1.194729	0.1112996	0.7993327
18354	-433.3558	-590.0694	156.7136	2.114984	0.53246	0.1112996	0.7993327
18360	-438.3467	-593.5793	155.2325	2.179464	1.27247	0.2476607	0.9691691
18366	-443.6772	-599.8178	156.1406	2.27818	0.7200461	0.1726114	0.6784238
18372	-438.9231	-596.7805	157.8574	2.13082	0.1604282	0.06096765	0.6250236
18378	-441.3709	-598.6826	157.3117	2.21042	0.2595401	0.1030089	0.5778516
18384	-441.047	-598.2367	157.1897	2.268092	0.2595401	0.09108507	0.7953926
18390	-442.377	-599.5747	157.1978	2.379833	0.2595401	0.0539101	0.8659501
18396	-442.0443	-598.7662	156.7219	1.960683	0.7919968	0.0539101	0.8659501
18402	-443.8292	-599.8333	156.0041	2.062763	1.356759	0.09210219	0.7192373
18408	-440.9258	-596.8737	155.948	1.918496	1.356759	0.07543065	1.043151
18414	-454.3969	-609.6463	155.2495	2.005061	1.356759	0.06434413	1.584756
18420	-438.4654	-594.7885	156.3231	1.662025	1.037168	0.07646594	1.185301
18426	-446.5121	-603.0287	156.5167	1.676399	0.9886794	0.06805395	1.077776
18432	-444.5716	-601.6708	157.0992	2.102266	0.2943792	0.07143745	1.077776
18438	-449.7012	-606.9135	157.2123	1.923473	0.3963986	0.07143745	0.9257948
18444	-438.8741	-594.7974	155.9233	1.857851	1.046454	0.157113	1.071086
18450	-438.3637	-594.1368	155.7731	1.96247	1.046454	0.2338517	0.877396
18456	-440.2849	-596.5538	156.2689	1.951901	0.551133	0.2338517	0.9974379
18462	-441.4398	-598.5614	157.1216	2.003821	0.2088763	0.08977604	1.265825
18468	-437.4805	-594.9062	157.4257	2.271888	0.2088763	0.08318976	0.6940202
18474	-430.1884	-586.2913	156.1028	2.21775	1.187443	0.08318976	0.5338037
18480	-436.5872	-593.3866	156.7993	2.240043	0.5546455	0.08318976	0.4522166
18486	-429.7044	-586.2686	156.5642	2.240043	0.5546455	0.1358919	0.6183604
18492	-426.439	-583.1054	156.6664	2.03801	0.591183	0.1358919	0.7096413
18498	-442.7687	-599.2278	156.4592	2.330525	0.591183	0.1310518	0.5314172
18504	-442.7649	-598.901	156.1361	2.202797	0.7128205	0.2027124	0.6701899
18510	-443.7887	-599.507	155.7183	2.386633	0.7358183	0.2856459	0.6359208
18516	-441.4513	-597.1687	155.7174	1.863038	0.8475493	0.2309853	1.232738
18522	-449.3402	-605.4056	156.0654	1.89151	0.8475493	0.2309853	0.870554
18528	-460.2109	-615.9992	155.7883	1.896792	1.020872	0.2309853	0.9683891
18534	-446.1952	-601.7051	155.5099	2.480513	0.8037163	0.312522	0.5183969
18540	-435.6403	-591.475	155.8348	2.310492	0.5982336	0.3434149	0.6675284
18546	-432.0161	-588.3288	156.3127	2.388962	0.5982336	0.1530684	0.5092169
18552	-438.1754	-594.2039	156.0285	2.433231	0.5720806	0.2450777	0.5262741
18558	-445.4204	-601.6666	156.2462	2.263425	0.5720806	0.2253208	0.4430388
18564	-445.3015	-601.3207	156.0191	2.399264	1.181494	0.06260856	0.4430388
18570	-448.7511	-604.8327	156.0817	2.302834	1.181494	0.06260856	0.3702523
18576	-444.9558	-601.5723	156.6164	2.371977	0.3837444	0.173487	0.4418555
18582	-445.1379	-602.4649	157.3271	2.365519	0.2350253	0.08060289	0.4596127
18588	-441.0735	-597.3163	156.2428	2.165499	0.891869	0.1323723	0.4965051
18594	-445.0089	-601.534	156.5251	2.148876	0.3514194	0.2809544	0.7395883
18600	-442.4234	-598.8529	156.4295	1.90727	0.3514194	0.2809544	1.112205
18606	-434.3887	-591.75	157.3613	1.740235	0.3514194	0.08124473	1.007773
18612	-432.497	-589.6442	157.1472	1.549728	0.3060964	0.07103999	1.473828
18618	-448.2622	-605.6333	157.371	1.727287	0.3060964	0.1509492	0.8115736
18624	-442.1751	-598.6738	156.4986	1.901946	0.4610356	0.1889463	1.091693
18630	-444.4942	-600.7825	156.2883	1.605289	0.5591203	0.1889463	1.383567
18636	-443.2512	-599.9181	156.667	1.530246	0.3861403	0.1344938	1.520503
18642	-437.5445	-594.4287	156.8842	1.794428	0.3113847	0.1548208	1.207175
18648	-437.6103	-594.5137	156.9034	1.818926	0.3113847	0.1548208	1.169488
18654	-441.9363	-599.3599	157.4236	1.882306	0.3113847	0.0720607	0.9313283
18660	-437.291	-594.0548	156.7639	1.901713	0.6656285	0.0720607	0.9632007
18666	-435.5828	-592.131	156.5483	2.145571	0.5786958	0.1258075	0.8080673
18672	-432.4967	-588.9554	156.4587	1.675757	0.5786958	0.06509484	1.542659
18678	-434.7892	-591.3462	156.5569	1.722347	0.5155371	0.1628194	1.192844
18684	-436.3847	-592.8623	156.4776	1.622139	0.622033	0.1628194	1.208676
18690	-442.9224	-599.0667	156.1442	1.511034	0.5694557	0.3282486	1.273081
18696	-444.0982	-598.699	154.6009	1.462927	0.8418298	0.3282486	2.154357
18702	-440.2319	-595.7836	155.5517	2.016223	0.8418298	0.3282486	1.036447
18708	-433.2062	-588.7681	155.5619	2.151565	0.998521	0.3282486	0.6360407
18714	-442.2653	-599.1448	156.8795	2.093272	0.3511433	0.1903124	0.6472619
18720	-435.2796	-592.4614	157.1818	1.966926	0.3511433	0.115269	0.7898719
18726	-438.1633	-594.2954	156.1321	2.149177	0.4820672	0.3453242	0.7405312
18732	-434.1187	-589.937	155.8183	1.957938	0.754214	0.3453242	0.8888354
18738	-435.6765	-591.7474	156.0709	2.316246	0.8050568	0.1588744	0.6201833
18744	-429.4139	-585.5696	156.1557	1.970916	0.8050568	0.221341	0.747184
18750	-442.9142	-599.4044	156.4902	1.867192	0.5190168	0.3060895	0.6504219
18756	-436.1423	-592.0568	155.9145	1.584592	0.7127613	0.3060895	1.278706
18762	-449.4609	-603.5862	154.1254	1.25149	0.5088839	0.3684865	2.813812
18768	-459.9946	-615.1329	155.1383	1.337128	0.5023383	0.1345552	2.53162
18774	-447.6974	-603.9618	156.2644	1.492489	0.5618367	0.09676632	1.728279
18780	-448.045	-604.757	156.712	1.322328	0.5770742	0.07722447	1.575609
18786	-434.6562	-589.3606	154.7045	1.550672	1.297358	0.4052435	1.618146
18792	-463.1751	-618.184	155.0089	1.767527	3.295522	0.1193657	0.8844937
18798	-444.7258	-600.5178	155.792	1.676483	1.773648	0.1193657	0.9548978
18804	-445.8006	-602.0215	156.2209	1.74914	1.416013	0.06692347	0.9324155
18810	-443.164	-600.3067	157.1428	2.248896	0.2603831	0.1324891	0.6142812
18816	-434.5729	-591.6614	157.0885	2.428238	0.1975079	0.1451531	0.3957313
18822	-431.1475	-586.8275	155.68	2.357215	0.7421279	0.3200371	0.4279425
18828	-431.5333	-587.7574	156.2241	2.107867	0.4558463	0.3325733	0.7731023
18834	-439.6753	-595.1992	155.5238	1.928742	0.6644217	0.3976003	1.2097
18840	-428.2582	-584.0502	155.792	1.676591	0.6644217	0.3893981	1.2097
18846	-441.2173	-597.2971	156.0797	1.907857	0.7658675	0.1907012	1.060029
18852	-434.4712	-590.6755	156.2043	2.137992	0.6867388	0.2221091	0.6123418
18858	-434.0885	-589.5692	155.4807	2.195996	1.36749	0.2221091	0.5472338
18864	-442.3408	-599.0794	156.7386	2.372471	0.3396796	0.1639777	0.5608819
18870	-444.8484	-601.0694	156.221	2.200008	0.7167104	0.1858212	0.5801137
18876	-431.5521	-587.2613	155.7092	2.392986	0.7167104	0.3054844	0.5801137
18882	-423.9924	-579.8781	155.8858	2.227192	0.7167104	0.3054844	0.5210125
18888	-435.444	-591.0431	155.5992	2.282673	0.9107486	0.3054844	0.5525804
18894	-431.6938	-587.7345	156.0407	2.282673	0.5592984	0.3054844	0.574626
18900	-431.282	-587.2931	156.011	2.105325	0.6725599	0.3054844	0.6850857
18906	-432.4658	-588.116	155.6502	2.450584	0.7230216	0.3054844	0.4517242
18912	-440.3898	-595.9062	155.5163	2.427913	0.7230216	0.379993	0.468791
18918	-444.4889	-599.9839	155.495	2.358272	0.8844933	0.3332492	0.4998377
18924	-451.725	-607.9921	156.2671	2.284644	0.4095752	0.2986171	0.6787105
18930	-439.8823	-596.1182	156.2359	1.990992	0.3955656	0.2986171	1.092651
18936	-438.137	-593.8711	155.7341	2.044608	1.123299	0.1940445	0.8763021
18942	-439.6916	-596.2027	156.5111	2.148002	0.489155	0.1940445	0.727881
18948	-435.7137	-591.5563	155.8426	2.148002	0.9224373	0.2216979	0.7531167
18954	-427.0718	-582.3897	155.3179	2.339452	0.9224373	0.4096229	0.496371
18960	-432.087	-587.1397	155.0526	2.734249	0.3840582	0.8454722	0.4541304
18966	-435.1847	-589.8005	154.6158	2.706366	0.5613463	0.9980535	0.5063321
18972	-431.5507	-587.2287	155.678	2.340634	0.5613463	0.45903	0.5489025
18978	-424.2599	-579.7757	155.5158	2.598265	0.5613463	0.3965146	0.3977871
18984	-424.0892	-580.2463	156.1571	2.420012	0.5946067	0.1930181	0.5116175
18990	-421.0907	-576.4651	155.3744	2.556303	0.9617958	0.2572575	0.4068594
18996	-429.0986	-584.2261	155.1275	2.844666	0.7826227	0.2812264	0.2951597
19002	-440.4695	-595.7763	155.3068	2.999345	0.3617933	0.291318	0.1725511
19008	-429.3236	-585.803	156.4794	2.75071	0.3753348	0.08139005	0.28229
19014	-434.7697	-591.2068	156.437	2.047526	0.5780617	0.2323943	0.543667
19020	-421.4118	-578.926	157.5142	1.851602	0.1631413	0.1492123	0.9633689
19026	-436.5511	-593.9006	157.3495	1.497998	0.1631413	0.1772015	1.341001
19032	-440.3825	-597.1144	156.7319	1.516962	0.3185107	0.2375013	1.341001
19038	-439.0652	-594.7815	155.7163	1.818172	1.06161	0.2375013	1.060474
19044	-446.0183	-601.112	155.0937	1.922958	1.559585	0.3008086	1.012723
19050	-433.1147	-589.6015	156.4868	1.978723	0.3996114	0.3450507	0.6820536
19056	-441.1474	-598.0478	156.9004	2.378645	0.1709159	0.2607112	0.5144531
19062	-438.1563	-595.8025	157.6462	2.261254	0.1709159	0.07559918	0.5351871
19068	-452.2523	-609.2899	157.0376	2.063547	0.4989043	0.07559918	0.7060441
19074	-440.9808	-597.8247	156.8438	1.814226	0.5075712	0.07723342	1.168584
19080	-446.4207	-603.2304	156.8097	2.329441	0.2833291	0.1917353	0.4101615
19086	-438.3501	-594.0849	155.7348	2.483603	0.86574	0.1917353	0.4101615
19092	-435.9812	-591.7667	155.7855	2.483603	0.7355577	0.2154397	0.3564642
19098	-435.0881	-591.1937	156.1056	2.213072	0.7355577	0.2154397	0.5299177
19104	-433.4868	-589.3788	155.892	1.879727	1.13758	0.2154397	0.7896589
19110	-427.171	-583.1041	155.9332	1.817598	0.8009104	0.2154397	1.170231
19116	-430.9475	-586.7029	155.7554	1.623259	1.181992	0.1692669	1.277576
19122	-440.5716	-596.4301	155.8585	1.510608	0.3739471	0.1692669	2.030755
19128	-433.8209	-589.5035	155.6827	1.435403	0.5403975	0.1067713	2.153063
19134	-436.03	-591.8647	155.8347	1.628271	0.6399425	0.2152105	1.561505
19140	-424.2426	-580.1839	155.9413	1.543554	0.6399425	0.2152105	1.545346
19146	-429.3525	-586.3878	157.0353	1.693398	0.302692	0.08765384	1.396548
19152	-430.7559	-587.644	156.888	1.997159	0.5337739	0.08447492	0.8695502
19158	-435.0844	-592.5021	157.4177	1.463604	0.2531923	0.05569425	1.488758
19164	-435.6057	-591.4189	155.8132	1.426359	0.4569755	0.1558595	2.042936
19170	-445.4918	-601.1106	155.6187	1.493187	1.136635	0.1558595	1.550585
19176	-437.5729	-593.0382	155.4653	1.663825	1.114332	0.1645872	1.531106
19182	-430.5749	-586.2173	155.6424	1.882209	0.7945922	0.4517967	0.8848457
19188	-440.6006	-596.6385	156.0379	2.041052	0.561458	0.3533754	0.8209973
19194	-446.9121	-602.4132	155.5011	1.937121	0.561458	0.5653918	1.099902
19200	-438.7181	-595.1054	156.3873	1.789781	0.5019743	0.2393994	1.099902
19206	-438.1775	-594.3545	156.177	2.116773	0.5540162	0.27452	0.7886145
19212	-435.0367	-590.8709	155.8342	1.98164	1.40067	0.1176824	0.8686377
19218	-443.9947	-599.4139	155.4192	2.072929	1.40067	0.1202628	1.177615
19224	-440.3178	-595.5179	155.2001	1.855716	1.120332	0.1838534	1.535177
19230	-423.4784	-578.4285	154.9501	1.973217	1.606872	0.3067492	1.057517
19236	-429.2586	-585.0077	155.7491	1.799759	0.8282597	0.3067492	1.11397
19242	-429.6925	-586.0155	156.3231	2.194252	0.8282597	0.1061989	0.7027122
19248	-426.9734	-583.8763	156.9029	2.091502	0.4453678	0.1061989	0.8014406
19254	-435.4467	-592.1081	156.6614	1.897724	0.6577344	0.1061989	0.9266284
19260	-431.0614	-587.4664	156.4051	1.496749	0.6350753	0.1061989	1.517533
19266	-436.7772	-592.7698	155.9926	1.677399	0.7639401	0.2479092	1.201502
19272	-434.5363	-590.5879	156.0516	1.851866	0.6526062	0.2479092	1.122843
19278	-439.8638	-596.1807	156.3169	1.928182	0.4903224	0.2479092	1.032841
19284	-438.1643	-593.9906	155.8263	2.206495	0.7376746	0.295278	0.7246802
19290	-437.2552	-593.2833	156.0281	2.285305	0.4710222	0.3815189	0.517881
19296	-433.2116	-588.7138	155.5022	2.515157	0.6333506	0.3815189	0.6661155
19302	-444.1811	-599.37	155.1889	2.022405	0.6333506	0.4508779	1.361367
19308	-433.7346	-589.5843	155.8496	1.862019	0.6333506	0.2235488	1.361367
19314	-427.3886	-582.9471	155.5585	2.220388	1.153094	0.2235488	0.724705
19320	-429.8875	-586.1091	156.2215	2.353915	0.564102	0.1579767	0.8388634
19326	-427.8615	-584.1366	156.2752	1.742558	0.6911332	0.1579767	1.212219
19332	-433.0202	-588.2086	155.1884	1.651398	0.8194263	0.4642347	1.44801
19338	-429.6842	-584.1888	154.5046	1.883034	0.6716007	0.5672912	1.788073
19344	-436.636	-592.5899	155.9539	1.88733	1.083052	0.2194738	0.7457662
19350	-436.6096	-592.349	155.7393	1.834626	1.010244	0.2610445	1.011032
19356	-453.7083	-609.3359	155.6276	2.03057	0.9107789	0.2874414	0.9636108
19362	-453.328	-609.1469	155.8189	2.375707	1.081571	0.1296724	0.6371684
19368	-447.8873	-603.7686	155.8813	2.343636	1.081571	0.1296724	0.4729033
19374	-448.7163	-605.3787	156.6624	2.356408	0.5560028	0.08832787	0.5095507
19380	-443.7949	-599.335	155.5401	2.653406	0.5560028	0.3687983	0.4392437
19386	-439.6122	-594.3028	154.6906	2.42877	1.709071	0.3495525	0.558454
19392	-440.6903	-595.7973	155.1071	2.319956	1.192266	0.3875826	0.5861305
19398	-429.501	-584.3543	154.8533	2.556267	1.225192	0.3875826	0.4670813
19404	-433.5248	-589.1541	155.6293	2.500818	0.5392247	0.3875826	0.3462865
19410	-439.9577	-595.949	155.9913	2.265212	0.5278616	0.3519423	0.6172542
19416	-431.6109	-587.0053	155.3944	2.442441	0.8626514	0.3519423	0.4821703
19422	-434.7631	-590.3499	155.5868	2.442441	0.6973459	0.3519423	0.4413748
19428	-433.203	-588.8251	155.6221	2.58418	0.5197328	0.3927892	0.4543008
19434	-433.9873	-589.3263	155.339	2.508735	0.7744192	0.3927892	0.4338455
19440	-433.3523	-588.99	155.6377	2.32134	0.7744192	0.3049746	0.7341653
19446	-432.0847	-588.4058	156.321	2.084995	0.4638505	0.3049746	0.7341653
19452	-436.9907	-592.5363	155.5456	2.244206	1.157115	0.2008305	0.7990744
19458	-445.3581	-600.7485	155.3904	2.219864	0.829265	0.4938864	0.5135895
19464	-436.976	-592.2693	155.2934	2.456957	0.6123206	0.5603371	0.3841315
19470	-444.4417	-599.6042	155.1625	2.390183	0.7882099	0.5603371	0.5039789
19476	-435.8387	-592.2276	156.389	2.0634	0.7882099	0.1450476	0.6274153
19482	-439.7859	-595.8725	156.0866	2.341733	0.7167822	0.1866688	0.4722475
19488	-431.4741	-586.3156	154.8415	2.557124	1.920807	0.1866688	0.4463648
19494	-438.9023	-594.8726	155.9703	2.499083	0.6559173	0.1866688	0.3702862
19500	-439.0863	-595.3688	156.2825	2.499083	0.7673035	0.07021667	0.3817172
19506	-435.7127	-592.1353	156.4226	2.295941	0.4980102	0.1958813	0.4858715
19512	-432.7025	-588.241	155.5385	2.474408	1.284641	0.1388562	0.5135424
19518	-446.6295	-601.3482	154.7187	2.216317	2.248858	0.2883358	0.4420405
19524	-435.491	-590.6172	155.1262	1.96859	2.273571	0.1505505	0.9190649
19530	-432.4788	-588.5117	156.033	2.13036	0.8783269	0.1468657	0.8942289
19536	-439.5246	-594.4946	154.97	2.15311	0.8783269	0.4744899	1.14823
19542	-423.7389	-579.7488	156.0099	1.896209	0.8783269	0.2264927	0.9036505
19548	-430.004	-585.9466	155.9426	2.280902	0.8783269	0.182364	0.6289655
19554	-433.5671	-589.1794	155.6123	2.299266	1.144188	0.2053714	0.5554925
19560	-434.7874	-590.7646	155.9772	2.299266	0.3477951	0.5350866	0.5247942
19566	-424.844	-581.574	156.73	2.215785	0.3006651	0.2474352	0.5842825
19572	-427.2048	-583.732	156.5272	2.077639	0.5839684	0.1891735	0.4996751
19578	-432.7928	-588.3335	155.5407	1.871949	0.5839684	0.5413899	1.125982
19584	-430.0106	-586.3344	156.3238	2.000888	0.4044789	0.3381595	0.8859316
19590	-437.0659	-592.8807	155.8148	1.861792	0.9169926	0.307173	0.8859316
19596	-434.4527	-590.28	155.8273	2.017	0.8617906	0.205753	1.046899
19602	-435.6912	-591.7886	156.0974	2.098531	0.8617906	0.205753	0.4611457
19608	-428.4054	-584.1507	155.7453	2.399337	0.7965509	0.2490732	0.4347265
19614	-430.9136	-587.1569	156.2433	2.530868	0.3800393	0.2490732	0.4347265
19620	-435.9086	-591.8971	155.9884	2.460101	0.5016642	0.2888454	0.5930998
19626	-432.8761	-589.3028	156.4267	2.266528	0.5016642	0.1921418	0.6351771
19632	-431.2123	-588.229	157.0166	2.043658	0.4395766	0.1081534	0.7070058
19638	-430.9163	-588.1365	157.2202	2.021334	0.3544492	0.1081534	0.6781048
19644	-435.7043	-591.6491	155.9448	2.224234	0.5273063	0.38168	0.6781048
19650	-464.6968	-618.6994	154.0026	1.892229	1.061024	0.8645716	1.55319
19656	-446.0015	-599.991	153.9895	1.814492	1.334144	0.8645716	1.441961
19662	-444.6233	-599.9494	155.3261	2.155012	1.145534	0.38168	0.5830387
19668	-435.6629	-590.9002	155.2374	2.477783	0.8568875	0.4167188	0.5147174
19674	-433.8895	-589.5004	155.6109	2.584079	0.4953215	0.4167188	0.4326649
19680	-431.2244	-587.0055	155.7811	2.315706	0.4953215	0.4752786	0.5416001
19686	-431.86	-588.0587	156.1987	2.227386	0.4111019	0.3224022	0.7869663
19692	-439.5883	-595.1154	155.5271	2.227386	0.861795	0.3224022	0.8231841
19698	-429.5784	-584.9845	155.4061	2.140897	0.861795	0.454	0.7510239
19704	-442.4192	-598.3623	155.9431	2.387178	0.3768331	0.454	0.6146393
19710	-445.4408	-601.7781	156.3373	2.193358	0.2990783	0.2662135	1.073866
19716	-441.0915	-597.45	156.3585	2.098895	0.5323865	0.0847335	1.275549
19722	-435.2	-592.1246	156.9246	2.051475	0.5125782	0.0847335	0.7968243
19728	-429.3671	-585.8555	156.4884	2.024685	0.5125782	0.1545873	1.008323
19734	-424.8946	-581.3037	156.4091	1.760005	0.6190012	0.1545873	1.176729
19740	-428.7254	-584.4648	155.7395	2.082384	0.9267648	0.2448319	0.8834345
19746	-426.5648	-582.3508	155.7859	2.302369	1.110536	0.1606284	0.4817243
19752	-425.9358	-582.5822	156.6464	2.150028	0.4599604	0.1599495	0.7614024
19758	-417.4706	-574.1954	156.7249	2.29644	0.3934832	0.1599495	0.5093154
19764	-436.315	-592.3051	155.9901	2.221105	1.322453	0.08234195	0.5297328
19770	-435.8142	-591.8263	156.0121	2.150383	0.7973151	0.2448708	0.5297328
19776	-435.1512	-590.1996	155.0484	2.411901	1.631362	0.2266357	0.4213053
19782	-428.8261	-585.1463	156.3202	2.380428	0.7014525	0.1117773	0.4213053
19788	-440.303	-595.6303	155.3273	2.229459	0.860294	0.4460815	0.7599217
19794	-433.3202	-589.6883	156.3681	1.993906	0.7285392	0.1752247	0.7419072
19800	-430.6681	-586.6539	155.9859	2.455084	0.586684	0.2446845	0.4742868
19806	-440.4204	-596.2056	155.7852	2.536831	0.8805875	0.1480245	0.3689768
19812	-426.5671	-583.5725	157.0054	2.416856	0.2593514	0.1248625	0.3990631
19818	-436.8689	-592.5992	155.7303	2.570022	0.4810403	0.3786985	0.4674583
19824	-424.3849	-580.0364	155.6515	2.429189	0.6518505	0.3576439	0.5515482
19830	-423.0215	-579.2123	156.1907	2.292551	0.5892336	0.2278968	0.4816581
19836	-438.0317	-594.4209	156.3892	2.045106	0.5892336	0.2278968	0.6746195
19842	-438.5684	-594.8612	156.2928	1.95121	0.5930908	0.2545253	0.8423228
19848	-436.8349	-593.5731	156.7382	1.626605	0.4312228	0.1760597	1.206578
19854	-442.0108	-597.9652	155.9544	1.682717	1.116469	0.1760597	1.085291
19860	-444.8897	-600.9108	156.0212	1.952246	0.5519595	0.3810647	0.8971397
19866	-442.733	-598.249	155.5159	2.006221	0.6292766	0.2740483	1.410361
19872	-444.3048	-600.744	156.4392	1.903378	0.6292766	0.1348806	1.070769
19878	-441.6898	-598.332	156.6422	2.047015	0.533245	0.1348806	0.8584317
19884	-444.2865	-600.8628	156.5763	1.977795	0.5803409	0.1042284	1.05148
19890	-453.9508	-610.4663	156.5154	1.876718	0.8772254	0.1042284	0.8174009
19896	-440.6402	-596.5728	155.9327	1.876718	0.6846869	0.3512822	0.9363636
19902	-438.6844	-594.0655	155.3811	1.620018	1.380315	0.2793848	1.196127
19908	-432.31	-587.766	155.456	1.986464	1.380315	0.2415856	0.8568583
19914	-446.9603	-603.4097	156.4494	2.046134	0.5480695	0.1855011	0.8568583
19920	-434.9456	-591.5193	156.5737	1.672674	0.5480695	0.1784727	1.131566
19926	-447.1836	-603.9467	156.763	1.841375	0.5480695	0.08966901	1.10856
19932	-439.512	-595.293	155.781	1.914533	1.125492	0.07973353	1.343524
19938	-438.7648	-593.8066	155.0418	1.520759	3.919904	0.07973353	1.044372
19944	-445.7789	-601.7687	155.9898	1.605103	1.1255	0.1153114	1.301655
19950	-453.0068	-608.8257	155.8189	1.806796	0.5542999	0.434784	1.136207
19956	-445.6705	-601.4299	155.7594	2.110178	0.4232097	0.4220182	1.136701
19962	-441.9025	-597.3733	155.4708	1.505735	0.6711342	0.1287266	2.064931
19968	-434.3507	-589.2028	154.8521	1.436011	0.6711342	0.3048676	2.179516
19974	-445.4556	-600.754	155.2984	1.259367	1.134858	0.1761856	1.895035
19980	-440.0833	-596.083	155.9997	1.924219	0.8605877	0.2126006	0.9483809
19986	-441.27	-597.942	156.672	1.781846	0.8605877	0.0693118	0.9483809
19992	-439.5675	-595.7132	156.1457	1.892118	0.8605877	0.2164585	0.8022584
19998	-439.8928	-596.4912	156.5984	2.335103	0.3408489	0.2076418	0.6665278
20004	-435.8218	-591.7708	155.9491	2.600671	0.5330812	0.2076418	0.3281032
20010	-434.182	-589.9339	155.7519	2.491218	0.7956301	0.2076418	0.3933404
20016	-434.1267	-590.1494	156.0227	2.429101	0.6509152	0.2076418	0.4681206
20022	-443.5182	-599.4635	155.9453	2.515795	0.6457137	0.2076418	0.4990058
20028	-439.1195	-595.2666	156.147	2.103947	0.6773304	0.2142576	0.8235415
20034	-437.926	-594.189	156.263	2.134723	0.82713	0.1367568	0.7057845
20040	-435.9666	-592.4571	156.4905	1.78521	0.82713	0.1245807	0.9248649
20046	-438.6624	-594.0652	155.4029	1.704652	2.163073	0.1143755	1.100099
20052	-447.5972	-602.033	154.4358	2.487237	1.934226	0.368526	0.6097476
20058	-451.1769	-605.4608	154.2839	2.685022	1.934226	0.3558598	0.4751752
20064	-433.8073	-589.8024	155.995	2.685022	0.4674493	0.2159148	0.3842645
20070	-438.4558	-593.3893	154.9335	2.274951	1.935219	0.2416017	0.6317564
20076	-442.6588	-598.4658	155.807	2.116402	1.935219	0.05038791	0.6022875
20082	-455.8189	-611.3419	155.523	2.242202	2.100271	0.06651189	0.4830569
20088	-441.4393	-597.4319	155.9926	1.968165	1.580349	0.06651189	0.8027022
20094	-452.1487	-607.9569	155.8082	1.995411	1.293227	0.1589023	0.8027022
20100	-438.8063	-594.4277	155.6214	2.030957	1.203313	0.2030234	0.9081222
20106	-434.0873	-588.9302	154.8429	2.163072	1.364332	0.4512772	0.8536497
20112	-437.9111	-593.4316	155.5206	2.013691	0.8358377	0.4512772	0.8158819
20118	-434.1988	-589.6785	155.4797	2.013691	0.648075	0.5377953	0.9661067
20124	-438.8008	-594.3642	155.5634	2.197919	0.7373815	0.4042168	0.7857861
20130	-453.282	-609.9039	156.6219	2.265799	0.4358536	0.161618	0.6721142
20136	-443.9455	-599.6949	155.7495	1.816726	0.9598083	0.3011679	0.9719679
20142	-436.9465	-592.9992	156.0527	1.891359	0.9598083	0.1874163	0.8921121
20148	-440.6347	-597.6038	156.969	1.737634	0.365686	0.1921549	0.9589857
20154	-436.0187	-593.1381	157.1195	1.927011	0.3265671	0.1667002	0.7445874
20160	-441.8212	-597.0345	155.2133	1.540019	2.202795	0.1252805	1.345767
20166	-427.9892	-583.8588	155.8696	1.587214	1.046207	0.1711366	1.311002
20172	-424.2335	-580.1943	155.9608	1.706168	1.046207	0.1711366	1.132936
20178	-433.9348	-589.3699	155.4352	1.487054	0.9235838	0.5804885	1.132936
20184	-430.8151	-584.5434	153.7284	2.097742	0.7604184	1.418372	1.467404
20190	-442.8187	-596.9024	154.0837	1.958749	1.014659	1.266443	1.165163
20196	-439.5924	-593.208	153.6157	2.167879	1.014659	1.266443	1.378778
20202	-440.574	-593.0002	152.4261	2.383903	1.014659	1.973453	1.73255
20208	-440.4539	-595.4447	154.9909	2.574272	0.2890804	1.242021	0.6659504
20214	-432.1624	-588.9286	156.7661	2.372873	0.2949405	0.1887412	0.5022997
20220	-444.9171	-603.1962	158.2791	2.011589	0.1031559	0.04655032	0.5802251
20226	-436.159	-594.1451	157.9861	2.060094	0.1519875	0.04722149	0.7050958
20232	-432.6572	-590.6385	157.9813	1.972819	0.1506356	0.05223727	0.8106699
20238	-433.204	-590.6766	157.4726	2.1818	0.1720574	0.119758	0.6976325
20244	-427.0051	-583.7957	156.7906	1.84035	0.5579625	0.119758	0.9453196
20250	-435.1814	-592.2447	157.0633	1.79492	0.3846519	0.1934425	0.7161755
20256	-444.4355	-601.1217	156.6862	2.049466	0.3918034	0.1989914	0.8444104
20262	-432.3131	-589.5601	157.2471	2.041383	0.3058325	0.1237821	0.6732447
20268	-428.8745	-585.7092	156.8347	1.955745	0.5128021	0.1237821	0.8257162
20274	-427.1229	-583.722	156.5991	1.977296	0.7176321	0.104134	0.8242253
20280	-435.7928	-591.9575	156.1646	1.740949	0.7176321	0.2733409	0.976593
20286	-434.5851	-589.795	155.2099	1.59767	0.8373616	0.1284414	2.041575
20292	-437.647	-594.3212	156.6741	1.475225	0.3788248	0.0848473	1.712766
20298	-444.4578	-600.8931	156.4354	1.529625	0.5773349	0.05215129	1.712766
20304	-436.2359	-592.9615	156.7256	1.79975	0.5773349	0.05688315	1.271967
20310	-435.6865	-592.0432	156.3567	1.766686	0.9922984	0.1075509	0.9698395
20316	-432.5193	-587.8771	155.3578	1.95359	0.9453324	0.398316	1.036083
20322	-439.7377	-595.7259	155.9882	2.048212	0.7507879	0.2499248	0.8517206
20328	-441.2394	-598.4658	157.2264	1.942661	0.1689696	0.2499248	0.8190928
20334	-452.4746	-609.5804	157.1057	2.02144	0.1689696	0.2668657	0.8171657
20340	-452.9014	-611.1255	158.2241	1.914866	0.08273143	0.06748567	0.8244754
20346	-447.8516	-604.3685	156.5169	1.857443	0.6656408	0.1780951	0.8257198
20352	-451.8042	-608.1808	156.3766	1.671216	0.6656408	0.2194601	1.044286
20358	-446.8005	-603.323	156.5225	1.896091	0.4557296	0.2109451	1.021018
20364	-444.5744	-600.2115	155.6371	1.708112	0.8292994	0.2109451	1.480607
20370	-429.2127	-586.2555	157.0428	1.625729	0.4513013	0.09519581	1.172678
20376	-444.9114	-600.4031	155.4917	1.456737	1.36699	0.1167875	1.632851
20382	-440.2062	-595.6126	155.4064	1.641186	1.36699	0.1054678	1.594276
20388	-434.4327	-590.9495	156.5168	1.851615	0.9882496	0.07788304	0.8459529
20394	-447.6672	-603.1676	155.5004	2.105849	0.9798562	0.3243528	0.8459529
20400	-449.6909	-606.4953	156.8044	1.721997	0.340377	0.1591858	1.26869
20406	-434.3837	-590.0564	155.6727	1.607993	0.7305393	0.4112262	1.259741
20412	-429.9096	-585.506	155.5963	1.523202	1.120007	0.1283444	1.628513
20418	-425.8008	-581.893	156.0922	1.392556	1.120007	0.1169226	1.388244
20424	-421.8882	-577.9832	156.095	1.957679	0.5927376	0.3455026	0.8160257
20430	-429.4332	-585.7272	156.2939	1.931024	0.7160413	0.1803232	0.9151678
20436	-448.7731	-604.9141	156.141	1.73915	0.7160413	0.2450845	1.073953
20442	-433.8894	-590.8698	156.9805	1.64125	0.552039	0.1116065	0.9977073
20448	-434.4695	-591.3124	156.8429	1.613966	0.7730218	0.100531	0.9025054
20454	-438.9125	-595.0569	156.1444	1.640297	0.8656875	0.111368	1.371652
20460	-435.8235	-591.64	155.8165	1.493226	0.4816056	0.3924316	1.547166
20466	-443.7697	-599.3409	155.5712	2.203542	0.4816056	0.5170406	0.9716913
20472	-440.5254	-594.6145	154.0891	2.409269	0.4577202	1.995032	0.9317397
20478	-442.5935	-595.9954	153.4019	2.655429	0.548175	2.547599	0.9292389
20484	-446.8978	-599.3975	152.4997	2.422337	1.449755	2.547599	1.116255
20490	-445.0899	-597.3627	152.2727	2.376234	1.911648	2.547599	1.080712
20496	-440.4385	-595.0111	154.5726	2.435331	0.7412748	0.8785287	0.8770488
20502	-430.2388	-583.7739	153.5351	2.646425	0.9430944	1.664224	0.7856465
20508	-423.5889	-578.1035	154.5146	2.435327	0.9430944	0.8464262	0.6865037
20514	-429.7694	-585.0184	155.249	2.218986	0.5321582	0.8464262	0.6952885
20520	-434.4143	-589.6003	155.186	2.234463	0.5342384	0.8464262	0.7655015
20526	-431.2214	-586.5864	155.365	2.376996	0.5342384	0.6677359	0.5446162
20532	-434.6904	-589.8137	155.1232	2.460599	0.565457	0.7556708	0.4840227
20538	-438.0225	-594.2152	156.1928	2.359562	0.565457	0.2162139	0.5022226
20544	-430.7996	-586.6819	155.8823	2.326399	0.7110986	0.2651596	0.5717777
20550	-442.3895	-598.3871	155.9976	2.202061	0.7110986	0.2651596	0.6022106
20556	-449.6075	-605.422	155.8145	2.402731	0.7110986	0.2651596	0.4794867
20562	-436.1014	-591.2591	155.1577	2.547872	0.9061592	0.3660782	0.3519982
20568	-429.5464	-585.351	155.8045	2.630271	0.5012148	0.2381802	0.2688124
20574	-428.5938	-584.1341	155.5404	2.711836	0.6113199	0.2431825	0.2688124
20580	-439.4351	-595.7456	156.3105	2.418454	0.3471033	0.2978191	0.4719736
20586	-433.917	-590.6498	156.7329	2.390596	0.3471033	0.1548669	0.4340693
20592	-432.445	-588.2483	155.8033	2.433858	0.9552178	0.1548669	0.3998278
20598	-434.6313	-589.5059	154.8746	2.507467	1.168107	0.4293864	0.506077
20604	-434.6547	-590.3999	155.7452	2.416634	0.6897359	0.2970568	0.4449641
20610	-435.8443	-591.7984	155.9541	2.086668	0.7612175	0.2970568	0.6485552
20616	-430.8974	-587.6635	156.7661	1.855661	0.379999	0.2481201	0.843801
20622	-432.2839	-588.1904	155.9065	2.072557	0.860285	0.2474741	0.7665794
20628	-435.9333	-592.3712	156.4379	2.13736	0.3548799	0.308556	0.7783289
20634	-427.8324	-583.3612	155.5288	1.921764	1.113085	0.308556	0.9180086
20640	-433.1841	-589.5647	156.3806	2.062503	0.9532526	0.0568953	0.9180086
20646	-432.0575	-589.0691	157.0116	1.898091	0.451433	0.1357502	0.7425192
20652	-439.8413	-596.0169	156.1755	2.031013	0.731139	0.2574547	0.44875
20658	-430.4803	-586.4578	155.9775	2.119739	1.16093	0.1425702	0.569815
20664	-431.046	-586.9159	155.8699	2.181965	1.16093	0.1554605	0.569815
20670	-434.7033	-590.3044	155.601	1.982312	1.16093	0.2786253	0.7904855
20676	-434.9011	-590.1433	155.2421	2.100921	1.16093	0.3886301	0.7904855
20682	-434.7605	-590.1276	155.3672	2.12876	1.482381	0.2552525	0.5660161
20688	-438.4299	-593.9641	155.5342	2.292129	1.059434	0.2552525	0.6384968
20694	-447.6247	-603.3171	155.6924	2.418522	1.29877	0.1103446	0.48343
20700	-439.5358	-593.7796	154.2438	2.095101	6.574171	0.04852448	0.48343
20706	-433.8463	-588.678	154.8318	2.2151	4.043345	0.0432076	0.4538049
20712	-439.9383	-594.6668	154.7285	2.231679	4.522335	0.03002094	0.5075491
20718	-439.1717	-593.771	154.5993	1.963297	5.658549	0.03002094	0.731864
20724	-440.4018	-595.5743	155.1725	2.355078	2.143887	0.1144947	0.5303894
20730	-440.655	-594.8062	154.1512	2.425072	1.793975	0.6414754	0.4839696
20736	-440.2544	-596.1594	155.905	2.362304	0.7247998	0.2382531	0.4600155
20742	-446.2619	-602.1443	155.8824	2.362304	0.7247998	0.2409257	0.4092109
20748	-444.5585	-600.2259	155.6674	2.25575	1.962475	0.05067718	0.4788975
20754	-449.1362	-605.4022	156.2659	2.183006	1.178952	0.05638394	0.5722282
20760	-444.3484	-600.9561	156.6076	2.183006	0.6137305	0.1167472	0.6162236
20766	-449.9038	-605.6687	155.7649	2.183006	1.462162	0.1142638	0.4072848
20772	-438.7834	-594.5263	155.7429	2.18278	1.860741	0.0611969	0.5647712
20778	-447.6511	-603.2225	155.5715	2.143942	1.860741	0.1037899	0.6172747
20784	-452.8612	-608.3858	155.5247	2.026424	1.860741	0.1037899	0.8723749
20790	-455.9728	-607.4917	151.5189	1.798777	34.28498	0.007244707	0.9549816
20796	-463.1551	-614.4947	151.3397	2.189225	34.28498	0.007244707	0.6783199
20802	-450.6045	-601.8764	151.2719	2.403275	34.28498	0.01332805	0.488463
20808	-454.7382	-606.9854	152.2472	1.843422	27.26784	0.02129296	0.6051338
20814	-450.901	-603.5648	152.6638	2.25198	16.31523	0.01241924	0.7326821
20820	-445.5495	-598.2251	152.6756	2.297927	15.6143	0.007104105	0.5600407
20826	-454.9687	-606.2703	151.3016	2.137366	37.24976	0.00789931	0.4590404
20832	-456.6454	-608.0629	151.4175	1.787753	37.24976	0.007044883	0.899299
20838	-450.981	-602.4907	151.5097	2.002876	28.29196	0.003686827	0.899299
20844	-444.6967	-596.8817	152.185	1.861331	19.49356	0.003686827	1.036761
20850	-443.7531	-593.794	150.0409	1.80271	51.9063	0.003686827	1.360912
20856	-441.9752	-593.4147	151.4395	1.749731	35.1873	0.005538807	0.9635043
20862	-437.0136	-588.3029	151.2894	2.121651	35.1873	0.005252155	0.6396754
20868	-438.6848	-590.9108	152.226	2.121651	20.9477	0.005252155	0.661436
20874	-442.985	-596.9411	153.9561	2.207301	7.828219	0.01978729	0.6405229
20880	-442.1415	-596.4582	154.3167	2.207301	6.268972	0.01591953	0.4752498
20886	-448.8647	-603.147	154.2823	2.593742	4.903789	0.0178378	0.466134
20892	-450.7053	-605.2321	154.5267	2.332142	4.903789	0.02693759	0.4776384
20898	-448.6788	-602.7527	154.0739	2.383865	5.934715	0.05239296	0.5794572
20904	-438.2783	-590.8956	152.6173	2.288845	16.69075	0.008546073	0.5152284
20910	-452.656	-607.8974	155.2414	1.829962	2.547002	0.04945363	1.218011
20916	-456.1496	-612.2577	156.1081	1.775892	1.036456	0.1181286	1.117055
20922	-449.8678	-606.5122	156.6444	1.992248	0.5656597	0.1578323	0.7539893
20928	-447.2696	-602.8709	155.6013	2.158274	0.4710859	0.5798803	0.9027064
20934	-446.2719	-601.8445	155.5727	1.743205	0.8464165	0.4104423	1.110733
20940	-455.3627	-609.9113	154.5486	1.659132	0.6559795	0.4104423	2.101756
20946	-447.3583	-602.6155	155.2572	1.368186	0.6559795	0.2909393	1.992641
20952	-449.5672	-606.5792	157.0119	1.544872	0.4301443	0.05536863	1.445508
20958	-444.4783	-600.2097	155.7314	1.519131	0.7878274	0.1222304	1.797189
20964	-439.8003	-596.3816	156.5812	1.554392	0.5720247	0.2046316	1.12617
20970	-464.3536	-619.9324	155.5788	1.876554	0.7605824	0.3457702	1.191367
20976	-452.6296	-608.8409	156.2113	2.05407	0.5699399	0.226975	0.9412967
20982	-448.488	-602.9034	154.4154	1.841346	0.7135839	0.8082598	1.615497
20988	-457.4668	-612.752	155.2852	1.89404	0.7135839	0.4981167	1.234147
20994	-436.8867	-592.6685	155.7817	1.604904	0.6856937	0.2127904	1.577163
21000	-438.4621	-594.0824	155.6202	1.390165	0.6856937	0.1091498	2.080606
21006	-444.6084	-601.2935	156.685	1.372185	0.5938253	0.05910725	1.604438
21012	-460.7019	-614.1884	153.4865	1.319939	7.118775	0.09006555	1.728538
21018	-460.4551	-613.1957	152.7406	1.200711	7.773856	0.04527965	2.357533
21024	-453.6123	-606.9086	153.2963	1.302635	8.365224	0.03148885	1.897203
21030	-454.6969	-610.5692	155.8722	1.909703	1.534786	0.03148885	1.191427
21036	-449.5751	-603.2147	153.6396	1.673906	7.754812	0.03148885	1.46996
21042	-440.1048	-595.321	155.2162	1.514617	2.903884	0.06147632	1.314416
21048	-440.2316	-594.4813	154.2497	1.388857	2.903884	0.06406121	2.084898
21054	-434.5096	-590.1404	155.6308	1.781122	1.136066	0.1023418	1.478595
21060	-431.7805	-587.6759	155.8954	1.680539	1.136066	0.1813995	1.109362
21066	-430.1911	-585.6182	155.4271	1.878074	1.136066	0.1967339	1.300588
21072	-434.3409	-590.5383	156.1974	1.917241	0.6979413	0.1967339	1.001973
21078	-429.8694	-585.3363	155.4669	1.963737	1.429394	0.1967339	0.9688019
21084	-426.8176	-583.2214	156.4038	1.957817	0.5427738	0.2813192	0.683777
21090	-426.1464	-581.9444	155.7979	2.060989	0.595859	0.462327	0.7681563
21096	-425.711	-582.0024	156.2914	2.05978	0.6155052	0.2235102	0.7681563
21102	-442.5937	-600.0469	157.4532	1.977254	0.2579895	0.1029396	0.7681563
21108	-431.2777	-588.0789	156.8011	2.098299	0.3985114	0.1256368	0.9260829
21114	-435.4892	-592.4188	156.9296	2.321394	0.3305267	0.1256368	0.6174349
21120	-417.1495	-574.275	157.1255	2.039897	0.3305267	0.1256368	0.7717439
21126	-423.4025	-580.0488	156.6462	2.246162	0.349502	0.2309437	0.5350991
21132	-446.8711	-602.1555	155.2844	2.531098	1.660346	0.1162323	0.5402621
21138	-434.7414	-590.6405	155.8991	1.955142	1.488112	0.1162323	0.7372852
21144	-426.4262	-582.124	155.6979	2.053488	1.488112	0.1162323	0.8734954
21150	-425.622	-581.4079	155.786	1.687124	1.488112	0.07794516	1.28981
21156	-431.7833	-588.0723	156.289	1.828115	0.536755	0.20822	1.181127
21162	-437.0629	-592.6791	155.6162	1.765511	1.236855	0.2268305	1.082888
21168	-423.614	-579.8964	156.2824	2.061187	0.5856687	0.2268305	0.8242116
21174	-445.1524	-601.1498	155.9974	1.945997	1.225215	0.1154033	0.8967435
21180	-439.2417	-596.0659	156.8243	2.024827	0.4437951	0.1406589	0.8206824
21186	-439.0223	-595.8794	156.8571	2.270815	0.4437951	0.09674494	0.6556176
21192	-437.7936	-593.6481	155.8546	2.589556	0.7570932	0.1664902	0.4952777
21198	-440.7088	-597.4729	156.7641	2.410028	0.3105076	0.1664902	0.4952777
21204	-436.4628	-592.7917	156.3289	2.2018	0.8809158	0.09425024	0.6616506
21210	-431.8426	-589.042	157.1994	2.115025	0.3709186	0.08342967	0.6782026
21216	-430.8627	-586.6871	155.8244	2.256988	1.029841	0.183329	0.5755165
21222	-442.5382	-598.3559	155.8176	2.256988	1.029841	0.183329	0.5983159
21228	-432.7003	-590.0182	157.3179	2.331961	0.2727708	0.06935593	0.4755012
21234	-444.0438	-600.1676	156.1238	2.343177	0.594469	0.2307154	0.4727498
21240	-434.5771	-591.0899	156.5128	2.419367	0.3290784	0.2307154	0.5622941
21246	-430.5027	-587.0531	156.5504	2.15457	0.4774672	0.1939142	0.683816
21252	-436.3971	-592.9556	156.5585	1.800289	0.673586	0.2042499	0.7185046
21258	-439.5743	-595.466	155.8917	2.241384	0.5979341	0.3361996	0.7181027
21264	-436.7556	-592.5252	155.7696	2.521689	0.5297975	0.3407361	0.4331204
21270	-439.0156	-594.8071	155.7915	2.712908	0.5297975	0.2537458	0.4752782
21276	-440.8176	-596.0172	155.1995	2.664095	0.7656153	0.3850577	0.4074967
21282	-447.2944	-602.9796	155.6852	2.190345	1.314016	0.1663114	0.6015514
21288	-443.985	-601.2831	157.2981	1.738078	0.3364543	0.1232895	0.9250105
21294	-442.6349	-598.9948	156.3599	1.772139	0.4226147	0.2638331	1.205986
21300	-433.2145	-590.3675	157.1531	1.948331	0.3726166	0.07585728	0.9891515
21306	-429.1937	-586.8374	157.6437	2.009787	0.2503679	0.07585728	0.6169909
21312	-433.8333	-591.514	157.6807	1.986954	0.2503679	0.07585728	0.5723212
21318	-432.1925	-588.7818	156.5893	2.009131	0.5656067	0.1831562	0.6803006
21324	-435.3198	-591.6871	156.3673	1.890252	0.5656067	0.1831562	1.083347
21330	-440.7731	-596.7921	156.019	2.500301	0.6713355	0.1771376	0.5100094
21336	-444.8349	-599.4247	154.5898	2.864834	1.455477	0.2312433	0.2842775
21342	-442.685	-597.3643	154.6793	3.18932	0.5385301	0.4219179	0.2216411
21348	-435.8069	-590.2408	154.4338	2.833653	1.057047	0.3854138	0.2052129
21354	-444.0944	-599.2689	155.1745	2.915447	0.459422	0.3854138	0.2299898
21360	-439.4111	-593.9496	154.5385	3.041369	0.7674902	0.3854138	0.2054373
21366	-427.1514	-581.9013	154.7498	3.032165	0.5425465	0.3956574	0.1785036
21372	-434.4139	-589.9257	155.5118	3.032165	0.7451732	0.113927	0.3034834
21378	-448.9986	-604.8701	155.8715	2.796638	0.4832775	0.145396	0.2281167
21384	-447.5537	-602.2982	154.7445	2.718204	0.9570235	0.41002	0.269131
21390	-444.3607	-598.4179	154.0572	2.707222	0.9570235	1.063438	0.5304575
21396	-458.5427	-613.584	155.0413	2.428569	0.9570235	0.434192	0.7662884
21402	-437.7708	-592.0563	154.2855	2.385129	0.6545045	1.536523	0.6986136
21408	-430.5087	-584.9844	154.4757	2.202972	1.251464	0.7877976	0.7677474
21414	-430.2397	-586.371	156.1313	2.11614	0.685744	0.2221253	0.7839519
21420	-429.2	-585.2904	156.0904	2.128734	0.8508569	0.1375476	0.9037056
21426	-444.4082	-600.179	155.7708	1.988254	0.8508569	0.3076996	0.8730039
21432	-436.5007	-592.0664	155.5657	2.063675	1.09441	0.2582191	0.8730039
21438	-441.9013	-597.5891	155.6878	2.157428	0.9853014	0.2582191	0.7256855
21444	-450.5817	-606.0446	155.4629	2.300452	1.258757	0.2229353	0.458211
21450	-431.4974	-587.9511	156.4536	1.934711	0.4988537	0.1920913	1.033351
21456	-434.5174	-590.8791	156.3618	1.902617	1.029774	0.07610771	0.9274893
21462	-452.0503	-607.5455	155.4952	1.932647	1.624105	0.1230081	1.079147
21468	-440.0559	-595.6068	155.5509	1.938444	1.305053	0.2012148	0.9952257
21474	-436.1429	-592.5578	156.4149	2.509366	0.594785	0.09587696	0.4587954
21480	-438.4586	-595.2667	156.8081	2.271513	0.4888692	0.09587696	0.5886104
21486	-437.999	-594.7274	156.7284	2.164161	0.609432	0.09587696	0.5886104
21492	-448.8063	-603.0287	154.2224	1.849831	6.414984	0.0125235	1.092847
21498	-450.4146	-604.8849	154.4703	1.608298	5.372605	0.06787714	1.140853
21504	-448.935	-604.5856	155.6506	2.337308	1.066289	0.2039798	0.4482522
21510	-430.4646	-586.5848	156.1202	2.298854	0.9858992	0.100903	0.416732
21516	-439.8105	-594.8539	155.0433	1.822827	1.07499	0.3633151	1.368198
21522	-440.8253	-596.5897	155.7643	1.679294	1.07499	0.145874	1.368198
21528	-437.4899	-594.5088	157.0189	1.583116	0.4462601	0.145874	1.061154
21534	-438.7995	-595.159	156.3594	1.9998	0.9849137	0.0968405	0.7489311
21540	-432.2526	-589.1399	156.8873	1.9998	0.4995513	0.122079	0.7299392
21546	-443.1607	-598.2316	155.0708	1.860508	1.196631	0.4767437	1.034389
21552	-433.6378	-589.1046	155.4668	1.806963	0.7580389	0.4767437	1.135168
21558	-441.9067	-597.6999	155.7932	2.124758	0.7580389	0.1898848	1.135083
21564	-433.9104	-589.3525	155.442	2.037268	1.091934	0.3388602	0.8286296
21570	-431.3944	-587.1582	155.7638	2.037268	1.078391	0.2022065	0.8702994
21576	-437.5433	-593.2756	155.7323	2.090087	1.355267	0.1682402	0.6370452
21582	-428.6464	-584.3044	155.658	2.070568	1.355267	0.1987172	0.6323903
21588	-439.6315	-595.0162	155.3847	1.888297	1.257987	0.2962083	1.000222
21594	-435.0182	-591.191	156.1729	1.788041	0.6890409	0.2962083	0.8979522
21600	-438.8776	-594.3383	155.4608	1.949025	0.6882334	0.5486247	0.9791397
21606	-437.9731	-592.7092	154.7361	1.964546	2.168712	0.3517433	0.8172881
21612	-435.2929	-590.1013	154.8084	1.964546	1.173623	0.6617424	0.9304612
21618	-442.7705	-597.4046	154.6342	2.062071	1.20902	0.6617424	0.9784454
21624	-450.051	-603.4122	153.3612	2.162495	3.587834	0.6617424	0.8517959
21630	-439.4621	-594.1198	154.6577	2.085638	1.318715	0.6617424	0.8215574
21636	-450.1595	-606.1518	155.9923	2.069316	1.318715	0.1118745	0.6261268
21642	-445.073	-601.7977	156.7248	2.065895	0.7222791	0.07665131	0.674828
21648	-443.6595	-598.9994	155.3399	1.828834	2.841842	0.06910135	0.9026531
21654	-443.1522	-599.2629	156.1107	1.828834	0.9508164	0.2112977	0.8228997
21660	-436.7756	-593.4229	156.6473	1.745544	0.7682964	0.1107256	0.9327028
21666	-451.3188	-607.131	155.8122	1.935137	0.7682964	0.3892894	0.7922442
21672	-441.4462	-596.7854	155.3392	2.221257	0.9963405	0.3892894	0.6935497
21678	-440.7752	-596.3073	155.5321	2.10978	0.8295401	0.3892894	0.8351998
21684	-440.4444	-595.8064	155.3621	2.39007	0.6833498	0.4917725	0.6588496
21690	-452.6321	-608.0507	155.4186	1.977597	0.8189869	0.4650615	0.9679841
21696	-457.5798	-612.6702	155.0903	1.963449	3.516513	0.07228539	0.6551863
21702	-448.7172	-605.1776	156.4605	1.955041	0.47957	0.2979527	0.7007261
21708	-452.0016	-608.6577	156.656	2.043734	0.47957	0.1949978	0.6806207
21714	-441.2851	-597.6429	156.3578	2.001146	0.5201449	0.2538624	0.8407454
21720	-437.2373	-593.757	156.5197	2.14688	0.5201449	0.1457487	0.8633536
21726	-455.0523	-611.9449	156.8926	1.659675	0.6061813	0.1012682	1.028764
21732	-441.1691	-597.4955	156.3264	2.012975	0.6061813	0.2411304	0.7336863
21738	-437.45	-592.0788	154.6289	2.241857	1.283781	0.5333637	0.9256136
21744	-427.6367	-583.8369	156.2002	2.050815	0.4717462	0.3390686	0.8255405
21750	-426.8285	-583.1965	156.368	1.801827	0.8612294	0.1629122	0.8437809
21756	-433.6181	-589.3839	155.7658	1.888804	1.106772	0.2578876	0.8295596
21762	-437.3346	-593.2356	155.9009	1.988384	1.106772	0.1789291	0.8171839
21768	-438.916	-594.6566	155.7405	1.739114	1.6409	0.1789291	0.7995145
21774	-440.3652	-595.9712	155.6061	2.029472	1.391797	0.1789291	0.8327425
21780	-433.7447	-589.3981	155.6534	1.897584	1.509132	0.1789291	0.8277953
21786	-451.6147	-608.222	156.6072	2.023073	0.7694201	0.06187389	0.911521
21792	-460.2712	-617.0491	156.7779	1.787958	0.7694201	0.06187389	0.9799065
21798	-459.2007	-615.4324	156.2318	1.71025	0.7694201	0.168303	1.162345
21804	-449.508	-606.0259	156.5179	1.610087	0.6419528	0.145166	1.212831
21810	-436.9248	-592.728	155.8033	1.637845	1.350265	0.1332586	1.212831
21816	-440.5686	-596.2038	155.6351	1.886751	0.6691622	0.3579846	1.212831
21822	-429.1881	-585.3078	156.1197	1.927224	0.4353787	0.3579846	1.068978
21828	-437.4988	-593.8028	156.304	1.74226	0.9483301	0.1351384	0.984751
21834	-438.4822	-594.632	156.1498	1.899685	1.086783	0.09978242	0.984751
21840	-454.0667	-610.1572	156.0906	1.674959	0.7226037	0.1512412	1.402508
21846	-445.125	-601.6184	156.4934	1.844037	0.455271	0.09421869	1.439229
21852	-442.1361	-599.8514	157.7153	1.667398	0.3109113	0.06844311	0.865504
21858	-445.1391	-599.3901	154.251	1.799672	6.081389	0.06844311	0.9972135
21864	-445.0574	-600.5536	155.4962	2.053676	2.481293	0.04570808	0.783851
21870	-461.243	-616.8531	155.6101	2.206272	2.189709	0.04570808	0.5400372
21876	-447.7874	-602.7757	154.9883	2.42693	2.189709	0.1376846	0.5067127
21882	-447.098	-602.1454	155.0474	2.506163	1.097195	0.3715265	0.5502181
21888	-439.0493	-592.8811	153.8317	2.312094	1.908442	0.902626	0.662024
21894	-438.4812	-593.027	154.5458	2.286276	0.8742963	0.8842128	0.8925972
21900	-443.6078	-598.7948	155.187	2.218778	0.9847774	0.3998641	0.8925972
21906	-432.2737	-588.3358	156.0621	2.26766	0.9847774	0.1154625	0.6680517
21912	-421.2437	-577.2955	156.0518	2.189458	0.8298853	0.1981262	0.5967859
21918	-427.0644	-582.9257	155.8613	2.229788	0.9347345	0.1981262	0.6783328
21924	-437.0025	-592.5599	155.5573	1.900053	0.9347345	0.28977	1.126705
21930	-439.463	-595.5844	156.1214	2.01151	0.9347345	0.1156636	0.9870589
21936	-428.913	-584.6937	155.7807	2.293458	0.6284787	0.3653322	0.6280673
21942	-429.3029	-584.6475	155.3446	2.328962	1.584629	0.1709727	0.4862808
21948	-441.9869	-597.0924	155.1054	2.360129	1.584629	0.2416207	0.512691
21954	-424.933	-581.225	156.292	2.05716	0.466834	0.2852603	0.8654646
21960	-424.4569	-581.0425	156.5857	1.968889	0.466834	0.1801715	0.9581399
21966	-438.4376	-595.4197	156.9821	1.968889	0.5325154	0.06110285	0.9225563
21972	-446.428	-603.4716	157.0436	1.903517	0.393132	0.1305352	0.8627406
21978	-440.5232	-597.3649	156.8418	2.000404	0.5201975	0.1305352	0.6944833
21984	-441.0954	-596.5035	155.4081	2.009595	1.497923	0.1786069	0.9870369
21990	-449.4183	-604.9162	155.498	1.668244	1.497923	0.1921095	1.181728
21996	-441.2877	-596.8847	155.597	1.952847	1.125915	0.3126756	0.7696307
22002	-435.4282	-591.473	156.0449	2.179572	0.583135	0.3126756	0.6877803
22008	-441.7301	-598.2566	156.5265	1.79501	0.728988	0.1335939	0.9656688
22014	-428.1189	-584.3794	156.2605	1.857974	0.728988	0.2169094	0.892933
22020	-433.4441	-589.2511	155.807	2.126494	1.220019	0.1644168	0.6656803
22026	-436.3597	-591.6011	155.2414	2.237162	1.910113	0.1644168	0.4544877
22032	-438.5017	-594.2296	155.728	2.277831	0.6808374	0.3481602	0.6948596
22038	-439.8366	-595.3476	155.511	2.29184	0.8779684	0.3481602	0.6219709
22044	-441.0205	-597.224	156.2034	2.05196	1.213462	0.06796168	0.7810945
22050	-461.3138	-617.3362	156.0224	1.854998	1.1355	0.1672239	0.8467027
22056	-454.887	-611.2949	156.4078	1.878838	0.4218594	0.2301163	1.150082
22062	-450.9637	-602.4587	151.495	1.879273	31.06771	0.007306203	1.082496
22068	-440.5204	-593.1319	152.6115	2.17485	17.55057	0.01197719	0.7344796
22074	-446.5961	-599.2158	152.6197	2.217728	17.55057	0.01197719	0.640446
22080	-437.8064	-590.5389	152.7326	2.116319	17.93156	0.01570575	0.5495182
22086	-450.0307	-601.5316	151.5009	2.282886	31.84194	0.03183353	0.5495182
22092	-436.3626	-589.9011	153.5385	2.183354	9.771487	0.05002312	0.5637379
22098	-434.2067	-587.7682	153.5615	2.288931	9.771487	0.02196313	0.4783021
22104	-443.89	-597.7373	153.8473	2.366226	7.713204	0.02196313	0.5341701
22110	-439.0949	-593.7301	154.6352	2.336686	4.157513	0.0512795	0.5276936
22116	-442.2449	-596.3453	154.1004	2.314112	6.458042	0.03795246	0.5424164
22122	-452.4326	-607.079	154.6464	2.038281	5.129148	0.03795246	0.7015128
22128	-455.3917	-610.3873	154.9956	2.229585	3.591476	0.02498062	0.7015128
22134	-444.4492	-599.44	154.9909	2.157	3.591476	0.05133965	0.6095072
22140	-444.1953	-599.8103	155.615	2.067106	2.116839	0.05133965	0.8252386
22146	-445.7512	-601.1405	155.3893	1.672704	2.99865	0.04189769	1.078241
22152	-437.5297	-592.7941	155.2644	1.798933	2.99865	0.05496923	1.014328
22158	-440.3506	-595.3057	154.9551	1.879991	2.99865	0.127313	0.9204622
22164	-436.0817	-591.0306	154.9489	1.954152	3.815597	0.06638564	0.7738306
22170	-437.93	-592.7022	154.7722	2.177156	3.857651	0.06223495	0.3352555
22176	-439.533	-593.1387	153.6057	2.364926	3.857651	0.4122829	0.617387
22182	-443.2979	-597.7515	154.4535	2.209559	0.5583974	1.388312	1.013196
22188	-445.4183	-601.2251	155.8068	2.027189	0.4850865	0.5116244	0.9115599
22194	-441.5815	-597.2284	155.6469	2.146355	1.151876	0.2457858	0.549207
22200	-441.6368	-596.1424	154.5057	2.076049	3.355329	0.233113	0.4887915
22206	-440.6832	-595.9454	155.2621	1.867721	3.355329	0.06096864	0.7278096
22212	-442.8221	-597.6989	154.8768	2.107083	3.815506	0.06791256	0.6145529
22218	-434.749	-591.24	156.4911	1.94715	0.5873721	0.237911	0.6100944
22224	-436.0698	-592.2149	156.1452	2.495176	0.5873721	0.1741755	0.4440055
22230	-426.9257	-582.5596	155.6339	2.559133	0.8590025	0.2065871	0.4440055
22236	-434.6381	-590.4145	155.7764	2.509799	0.4058183	0.4575929	0.4569509
22242	-431.7311	-587.1284	155.3973	2.326881	1.403083	0.1965905	0.5415941
22248	-431.0615	-587.1077	156.0463	1.95163	1.112442	0.1688832	0.6969723
22254	-436.6588	-592.2098	155.551	2.084874	1.695283	0.1319667	0.7558722
22260	-433.0153	-588.3369	155.3216	2.081785	1.599896	0.225607	0.7513717
22266	-440.6586	-597.6642	157.0056	1.981194	0.300631	0.2256281	0.6346816
22272	-438.7464	-595.4568	156.7104	1.980282	0.3373175	0.1932141	1.031721
22278	-431.2269	-587.5553	156.3284	1.681771	0.8075444	0.1749971	1.038037
22284	-431.2029	-587.504	156.3011	1.910165	0.7328235	0.1749971	0.9255343
22290	-441.2444	-597.6487	156.4044	1.882968	0.6741581	0.1749971	0.9255343
22296	-438.5792	-594.724	156.1449	1.689271	0.6352418	0.2804508	1.132753
22302	-440.5241	-596.4349	155.9107	1.673954	0.832999	0.2804508	1.132753
22308	-442.7246	-599.1276	156.4031	1.733057	0.7211355	0.2051074	0.9224709
22314	-441.1997	-596.9722	155.7725	1.391109	1.06765	0.1296088	1.628614
22320	-450.1717	-605.0125	154.8407	1.556182	1.713612	0.2074554	1.628614
22326	-445.7872	-600.435	154.6478	1.54963	1.2761	0.5083467	1.54013
22332	-442.8615	-598.4282	155.5667	1.865914	0.6884247	0.5083467	1.02016
22338	-447.7762	-603.1663	155.3901	1.826048	0.6955306	0.5083467	1.208378
22344	-435.2608	-591.0282	155.7674	2.013481	0.8644505	0.3208923	0.7889983
22350	-429.1618	-584.7837	155.6219	1.959737	1.00837	0.3428034	0.7889983
22356	-430.7519	-586.2736	155.5217	2.00492	0.7651305	0.4212753	0.98067
22362	-430.1023	-585.6092	155.5068	1.941769	0.7651305	0.4212753	1.057289
22368	-439.6408	-595.4978	155.857	2.024036	0.7068506	0.3192144	0.9023426
22374	-443.7953	-597.273	153.4778	2.380121	1.270207	1.586568	0.8770106
22380	-429.5523	-584.6556	155.1033	2.07894	0.6384511	0.7730044	0.9676171
22386	-435.5117	-591.346	155.8343	1.717094	0.6384511	0.3414717	1.25262
22392	-424.388	-580.8554	156.4674	1.661803	0.6384511	0.1331799	1.25262
22398	-430.2071	-587.0614	156.8543	1.791784	0.4522224	0.09868492	1.177755
22404	-436.5236	-591.7575	155.2339	1.701672	1.155785	0.2682837	1.423599
22410	-431.3096	-587.9994	156.6897	2.064372	0.4588935	0.1296878	0.9462577
22416	-433.1697	-588.328	155.1583	1.725605	0.6998428	0.1418127	2.069122
22422	-464.2804	-619.7641	155.4838	1.848398	0.987454	0.289459	1.189712
22428	-447.6986	-603.2365	155.538	1.844615	0.9916421	0.3004788	1.118635
22434	-443.4634	-599.471	156.0075	1.746795	0.6824239	0.1696793	1.403258
22440	-446.3805	-600.8804	154.4999	2.038463	0.6924794	0.7842448	1.447811
22446	-441.4274	-597.2472	155.8199	2.071695	0.4851069	0.4629407	0.938125
22452	-437.3803	-592.7935	155.4131	2.114093	0.9891677	0.1567016	1.338412
22458	-429.9793	-586.5951	156.6158	2.120139	0.3974939	0.2025072	0.816946
22464	-439.1039	-595.1774	156.0735	1.916721	1.056115	0.1490856	0.8742571
22470	-441.9264	-597.0237	155.0973	1.832533	2.536208	0.1490856	0.9584825
22476	-444.9888	-601.2612	156.2724	1.980004	1.046377	0.06908244	0.9584825
22482	-439.5858	-596.7269	157.1412	1.739135	0.4013979	0.07681776	1.140105
22488	-441.7759	-598.7796	157.0037	1.758992	0.3854584	0.09177966	1.210547
22494	-435.4222	-589.0647	153.6425	1.642768	2.275645	0.4991253	1.735811
22500	-426.365	-581.4807	155.1157	1.782043	1.401467	0.2139683	1.407307
22506	-428.7218	-584.8361	156.1143	1.687241	1.217468	0.1305033	0.992481
22512	-425.8528	-582.6241	156.7712	1.908254	0.3951949	0.1306715	1.128578
22518	-440.6764	-596.2107	155.5343	2.009183	0.8585184	0.401923	0.8842426
22524	-439.2304	-595.3926	156.1622	2.009183	0.655453	0.2353559	0.8842426
22530	-443.0657	-598.6289	155.5632	2.104916	1.025464	0.2353559	0.9689024
22536	-434.1748	-591.2065	157.0317	1.978727	0.4283435	0.08066706	0.9491563
22542	-429.7814	-586.202	156.4206	1.87184	0.3982024	0.2357274	1.170959
22548	-437.8808	-593.241	155.3602	1.738704	1.36032	0.2357274	1.221807
22554	-435.7993	-592.2903	156.491	1.989452	0.4205064	0.1900311	1.082409
22560	-442.2529	-597.808	155.5551	1.706568	0.9045755	0.2206134	1.459477
22566	-438.3905	-594.9379	156.5474	1.706568	0.255609	0.2034719	1.526869
22572	-455.0878	-610.6636	155.5757	2.044181	0.6568034	0.5404539	0.8012455
22578	-451.2674	-606.7225	155.4551	2.120787	0.6449294	0.5404539	0.8760101
22584	-443.2235	-598.7137	155.4903	1.716844	0.6410665	0.4812314	1.314073
22590	-439.672	-595.3073	155.6353	1.621974	0.4900632	0.4812314	1.454674
22596	-430.8153	-587.6642	156.8489	1.733302	0.4900632	0.1541852	0.9774985
22602	-439.4896	-596.3369	156.8473	1.741768	0.3582503	0.1541852	1.198617
22608	-434.4983	-590.8855	156.3872	1.982832	0.5218336	0.2344241	0.8856264
22614	-430.3532	-585.7916	155.4384	1.845088	1.608217	0.2170458	0.923662
22620	-443.9863	-599.3972	155.4108	1.88244	1.992921	0.1315313	0.9481237
22626	-447.2911	-603.2618	155.9706	1.727022	1.350048	0.1441746	0.9342296
22632	-425.8217	-582.2804	156.4587	2.048277	0.9529639	0.08419535	0.6433033
22638	-428.5949	-586.6012	158.0063	2.010225	0.1627673	0.05214697	0.6433033
22644	-428.9406	-585.6751	156.7345	2.100878	0.4038614	0.1689392	0.8079551
22650	-434.4909	-591.3609	156.87	2.012279	0.4038614	0.1861282	0.6423533
22656	-437.6047	-593.1664	155.5617	2.012279	1.046966	0.2967972	0.8800245
22662	-443.9046	-598.9325	155.028	1.787521	1.046966	0.5039292	1.22127
22668	-441.4946	-596.5584	155.0638	1.886628	0.914075	0.5039292	1.22127
22674	-443.4115	-599.1008	155.6893	2.088957	0.5582806	0.4085073	1.03436
22680	-455.3995	-610.6489	155.2494	2.788679	0.4911944	0.5056453	0.4110287
22686	-453.7708	-608.7615	154.9907	2.429145	0.7652921	0.6724333	0.4852501
22692	-453.352	-609.6308	156.2788	1.673179	0.3941979	0.1856778	1.561695
22698	-445.1354	-601.4091	156.2737	1.813342	0.6437	0.1856778	1.128687
22704	-435.9029	-591.3209	155.418	2.394586	0.6571034	0.4613426	0.7087146
22710	-442.5234	-597.6736	155.1501	2.147971	0.8394814	0.4874762	1.004681
22716	-443.7099	-598.8407	155.1307	1.842799	2.109772	0.1020065	1.285034
22722	-435.7027	-592.1001	156.3974	1.775573	0.6407307	0.1020065	1.315258
22728	-437.9926	-593.4405	155.4479	1.765867	1.108272	0.08438543	1.699067
22734	-435.4989	-590.2596	154.7607	1.765867	2.022905	0.3107999	1.169518
22740	-433.8703	-589.816	155.9456	1.792859	1.082655	0.1290569	1.169518
22746	-438.6596	-594.5735	155.9138	1.879874	1.036622	0.1556376	1.072983
22752	-426.4751	-583.1952	156.7201	1.578034	0.3305225	0.1556376	1.474795
22758	-435.203	-592.1056	156.9026	1.476015	0.3305225	0.1331412	1.474795
22764	-434.5178	-590.8951	156.3773	1.482955	0.7128577	0.1510147	1.338387
22770	-430.9803	-587.6169	156.6365	1.638613	0.5701217	0.1510147	1.15742
22776	-426.1721	-582.4561	156.284	1.798743	0.5701217	0.1510147	1.318926
22782	-426.8878	-582.5524	155.6647	1.648922	1.022818	0.1212824	1.574305
22788	-432.9486	-588.8863	155.9377	1.882087	1.27631	0.08978763	1.087
22794	-445.9846	-601.7201	155.7355	2.408824	0.6339698	0.1781542	1.110518
22800	-433.2489	-588.6483	155.3994	1.71199	0.8770624	0.3058933	1.431638
22806	-430.8204	-585.9728	155.1525	2.210375	1.378559	0.2800475	0.8361179
22812	-445.2366	-601.8111	156.5745	2.118493	0.7264545	0.08983914	0.7309862
22818	-446.0661	-601.13	155.0639	2.068067	0.7792963	0.3876397	1.368053
22824	-441.0511	-595.4252	154.374	2.066481	0.7523127	0.9845226	1.291527
22830	-429.1618	-584.7057	155.5439	1.935846	0.7008775	0.4700667	1.021013
22836	-426.591	-582.9346	156.3436	1.765176	0.7040186	0.1944601	1.006795
22842	-437.3675	-593.5589	156.1914	1.816379	0.7040186	0.2264871	1.014746
22848	-441.5204	-597.4439	155.9236	2.014529	1.209327	0.1351764	0.8290799
22854	-441.9354	-597.5184	155.5829	1.898161	1.855585	0.148715	0.7419846
22860	-439.3617	-595.1832	155.8215	1.943428	1.855585	0.07643615	0.7559004
22866	-451.1839	-608.3987	157.2147	2.010707	0.3765967	0.08582517	0.7840899
22872	-440.8256	-597.4084	156.5828	1.822138	1.070385	0.06884248	0.7459774
22878	-428.2552	-583.2633	155.0081	2.367233	2.862179	0.06884248	0.4885769
22884	-446.294	-602.6283	156.3343	2.367233	0.9604716	0.0484244	0.5517062
22890	-445.5848	-602.4372	156.8524	2.256136	0.419941	0.1220156	0.5025339
22896	-439.664	-596.0381	156.374	2.238641	0.4643799	0.2300309	0.7024742
22902	-452.7462	-608.9252	156.179	2.208872	0.5271802	0.2853365	0.6615789
22908	-445.2087	-601.329	156.1203	2.381351	0.3970433	0.3549685	0.5282649
22914	-462.1885	-617.1694	154.9809	2.809673	0.6534236	0.5103497	0.423718
22920	-441.9605	-595.9621	154.0016	1.532045	1.377315	0.7436695	1.719
22926	-441.4166	-595.5291	154.1125	1.688616	0.9845253	0.7436695	1.775766
22932	-457.0394	-612.4877	155.4483	2.103141	1.671482	0.151513	0.7977697
22938	-441.7757	-597.6737	155.8979	1.499948	0.5028738	0.4128145	1.424394
22944	-439.5971	-595.6469	156.0498	1.862577	1.002771	0.1277377	1.08742
22950	-439.8606	-595.1604	155.2998	1.957317	1.217623	0.4105482	0.7820955
22956	-436.8282	-590.9342	154.106	2.21719	1.183173	0.8552614	1.128444
22962	-448.526	-602.6096	154.0836	1.995749	0.6261143	1.279232	1.493093
22968	-440.2479	-595.1105	154.8626	1.953882	0.3872349	1.009961	1.418572
22974	-436.9303	-591.6364	154.7061	2.137314	0.4913035	1.090587	1.179742
22980	-439.1408	-593.5672	154.4264	2.537658	0.4913035	1.37875	0.8052309
22986	-440.3821	-595.2563	154.8742	2.442835	0.4913035	0.9607048	0.8322493
22992	-450.6242	-605.5631	154.9389	1.931379	0.4984484	0.8957104	1.311381
22998	-448.4665	-604.3322	155.8657	1.847019	0.4199346	0.4748245	1.196846
23004	-452.3916	-608.3254	155.9339	1.847019	0.3376642	0.4748245	1.277945
23010	-433.6506	-590.0547	156.4041	1.863672	0.5997658	0.1926463	0.9963375
23016	-433.3122	-588.7664	155.4542	1.986494	0.9047051	0.4274551	0.8887959
23022	-427.8489	-583.8901	156.0412	2.104953	0.7773262	0.2526599	0.6109698
23028	-436.3076	-593.0661	156.7585	2.163371	0.4109215	0.1501464	0.7579249
23034	-437.4726	-593.1912	155.7186	1.78796	1.066934	0.3089998	0.9027466
23040	-438.4782	-595.0237	156.5455	1.801268	0.3924244	0.2821492	1.021878
23046	-448.5713	-605.9744	157.4031	1.955825	0.3508909	0.0468632	0.914752
23052	-444.5011	-602.7494	158.2484	1.854446	0.1247581	0.0468632	0.7743052
23058	-434.2111	-592.2514	158.0403	2.18028	0.1071058	0.05894621	0.4602934
23064	-431.5687	-589.0024	157.4337	2.394931	0.2244287	0.05894621	0.4884384
23070	-439.9219	-597.8418	157.9199	2.305621	0.1038173	0.05894621	0.5814933
23076	-445.6985	-602.8284	157.1298	1.851618	0.4412058	0.1110379	0.8022259
23082	-434.2257	-590.9469	156.7212	1.960394	0.6925302	0.1200163	0.5804912
23088	-440.5587	-596.819	156.2603	2.089833	0.9388348	0.1200163	0.6851885
23094	-443.9869	-599.1287	155.1417	1.638276	0.9388348	0.5148801	1.32535
23100	-442.8531	-598.4668	155.6137	1.772578	0.8083523	0.3240837	1.241402
23106	-439.9071	-595.6576	155.7505	1.522411	0.8083523	0.2174211	1.538887
23112	-455.4094	-610.7586	155.3492	1.894028	0.8083523	0.111637	1.814486
23118	-446.6651	-603.2451	156.5799	1.749629	0.4155655	0.1829965	1.242278
23124	-438.7796	-594.1931	155.4135	1.758065	0.5448637	0.1571459	1.988607
23130	-456.4586	-610.9372	154.4786	1.622492	0.8220286	0.2842253	2.21063
23136	-446.6186	-601.4587	154.8401	1.777407	1.417888	0.05089041	2.038812
23142	-447.4193	-603.7935	156.3742	1.91679	0.4840138	0.05089041	1.58979
23148	-449.1583	-604.4343	155.276	1.979861	1.062246	0.2068608	1.370903
23154	-444.3998	-600.0482	155.6485	1.998727	1.201036	0.1011458	1.25105
23160	-435.2109	-591.2996	156.0886	2.043165	1.201036	0.0975714	0.7803641
23166	-441.2784	-596.8574	155.579	1.904387	0.9701504	0.3492449	0.9360375
23172	-434.0399	-589.6483	155.6084	1.964393	0.9701504	0.3492449	0.8330462
23178	-450.0487	-604.4602	154.4115	2.063433	2.356686	0.3700408	0.9209064
23184	-444.9957	-600.2806	155.285	1.794408	2.288024	0.1318897	0.9977729
23190	-437.518	-593.9327	156.4147	1.634747	0.8906816	0.08567309	1.22309
23196	-441.0783	-595.3764	154.2981	1.600282	0.8906816	0.6119339	1.897456
23202	-436.4722	-592.6639	156.1917	2.05046	0.8906816	0.1360197	0.8309027
23208	-442.802	-599.6856	156.8836	2.075452	0.4041996	0.1381893	0.7840548
23214	-431.6371	-587.8873	156.2502	2.456232	0.6056507	0.1464356	0.5657427
23220	-438.6436	-594.8054	156.1619	2.325474	0.5673508	0.2289689	0.6236755
23226	-449.4459	-605.7624	156.3165	1.985971	0.7150009	0.2081471	0.7026257
23232	-436.3984	-592.4593	156.0609	1.933354	0.7699237	0.2892361	0.7451882
23238	-440.4374	-596.0736	155.6362	2.061921	0.956514	0.2892361	0.8612954
23244	-436.7647	-592.8905	156.1258	1.848665	0.9082491	0.1620647	1.004146
23250	-430.6963	-587.3088	156.6125	1.699444	0.4161201	0.143624	1.362953
23256	-435.7587	-591.8249	156.0663	1.734297	0.4161201	0.143624	1.741077
23262	-431.6337	-587.7615	156.1278	1.944628	0.9809216	0.143624	0.8874456
23268	-440.7996	-596.3841	155.5844	2.03665	0.9809216	0.3018437	0.8874456
23274	-433	-587.6323	154.6323	1.99088	2.353916	0.3153918	0.8874456
23280	-432.8064	-588.7888	155.9824	1.99088	0.6915586	0.3153918	0.8266367
23286	-439.4006	-593.9515	154.5509	2.218609	0.6915586	0.9418513	1.113447
23292	-443.0589	-597.3473	154.2884	1.896228	0.5245973	0.9418513	1.753673
23298	-451.3159	-605.6436	154.3277	2.359989	0.5245973	1.147504	1.221684
23304	-441.0861	-595.0083	153.9222	2.356621	0.8646599	1.147504	1.186249
23310	-439.1369	-592.9816	153.8447	2.368863	0.8646599	1.529734	0.9582835
23316	-444.1483	-597.9712	153.8228	2.571553	0.7956477	1.529734	0.8440787
23322	-435.8064	-590.2496	154.4432	2.530067	0.8697265	0.945743	0.544789
23328	-435.4698	-590.0668	154.597	2.419149	0.5482544	0.998375	1.018868
23334	-438.5969	-593.9044	155.3074	2.242171	0.5867166	0.5703017	0.946431
23340	-435.3924	-591.7145	156.3221	2.245464	0.4334997	0.1929919	0.9648259
23346	-439.0091	-593.8625	154.8534	2.562088	0.9586424	0.5040289	0.3752392
23352	-435.4355	-590.6173	155.1817	2.871102	0.9586424	0.1724165	0.2765644
23358	-425.1807	-581.0212	155.8405	2.081687	0.9586424	0.1557459	1.024528
23364	-425.0661	-580.9184	155.8523	1.812772	1.330248	0.1557459	0.9426965
23370	-439.4165	-595.1742	155.7577	1.917994	1.330248	0.1557459	0.9313149
23376	-429.7373	-585.3081	155.5709	1.964668	1.330248	0.2065206	0.908502
23382	-422.7584	-578.2428	155.4844	1.925846	1.428485	0.2065206	0.9604584
23388	-427.5873	-583.6094	156.0221	2.046024	1.646429	0.06035279	0.5700096
23394	-428.6589	-583.8336	155.1746	2.431438	1.315546	0.2644206	0.5451805
23400	-433.4704	-590.1819	156.7114	2.279438	0.4586454	0.1315554	0.4286269
23406	-433.1966	-589.6341	156.4374	2.32404	0.6079566	0.1315554	0.4575585
23412	-434.6586	-591.8711	157.2125	2.41674	0.2250198	0.09926306	0.4272368
23418	-434.0148	-590.3071	156.2923	2.269156	0.379893	0.3415499	0.5450217
23424	-430.9771	-586.3814	155.4043	2.389195	0.9096102	0.3415499	0.4191957
23430	-422.2469	-577.2397	154.9927	2.684929	0.9096102	0.4051171	0.4688733
23436	-426.3452	-582.1101	155.7649	2.570186	0.7420488	0.1836148	0.3329561
23442	-433.1266	-587.3444	154.2178	2.748754	1.577765	0.4333515	0.3213582
23448	-427.6916	-582.8527	155.1611	2.613496	0.58569	0.565961	0.374717
23454	-422.0392	-577.5938	155.5546	2.517083	0.58569	0.3638658	0.3122825
23460	-433.3315	-586.7481	153.4167	3.077604	1.067449	1.125206	0.3046439
23466	-441.3986	-595.5915	154.1929	3.077604	0.4653325	1.125206	0.3200768
23472	-430.7738	-586.8329	156.059	2.692595	0.3945284	0.1932446	0.2672834
23478	-423.483	-578.9236	155.4406	2.472245	1.179294	0.1932446	0.4345573
23484	-421.1432	-577.4001	156.2569	2.595139	0.5522262	0.1127513	0.3361641
23490	-428.9127	-585.3625	156.4497	2.421439	0.7606544	0.05959596	0.5435721
23496	-423.7719	-581.0257	157.2537	2.421439	0.2723727	0.06447591	0.4843274
23502	-435.3365	-591.0447	155.7082	2.432111	0.6012657	0.3641185	0.5415852
23508	-428.7756	-585.1427	156.3671	2.142211	0.6012657	0.2006024	0.645157
23514	-433.4659	-589.9531	156.4872	2.224546	0.6012657	0.1472362	0.5576088
23520	-431.2057	-587.3814	156.1757	2.307452	0.6540918	0.181596	0.6664427
23526	-430.4012	-586.8081	156.4069	2.181017	0.5676026	0.181596	0.7025782
23532	-437.9091	-593.388	155.4789	1.957534	1.37277	0.1145847	1.262235
23538	-435.0428	-591.8342	156.7914	2.074716	0.5768295	0.1039094	0.6831594
23544	-429.2163	-585.835	156.6187	2.116827	0.5768295	0.1373845	0.6825588
23550	-439.0164	-594.4778	155.4614	2.113309	1.706566	0.166669	0.6327511
23556	-433.9449	-590.4712	156.5263	2.007045	0.8757435	0.09587772	0.65322
23562	-437.0151	-592.9179	155.9028	2.218623	1.190446	0.09587772	0.8164117
23568	-441.3788	-596.8234	155.4447	2.031811	1.382568	0.2127338	0.9079153
23574	-429.7669	-585.9091	156.1423	2.125461	0.9331028	0.1502094	0.6372796
23580	-436.4626	-592.7905	156.3279	1.699403	0.9331028	0.0998463	1.149326
23586	-428.8543	-585.1975	156.3432	2.081399	0.8550909	0.1152775	0.7438262
23592	-426.8668	-582.3937	155.527	2.315439	1.230786	0.2030778	0.5547329
23598	-430.3875	-586.2524	155.8649	2.280409	1.230786	0.1066254	0.6514195
23604	-436.0481	-592.5289	156.4807	2.216629	0.7241696	0.1074025	0.5557304
23610	-444.995	-601.3298	156.3348	2.200675	0.7963089	0.1263523	0.5468939
23616	-444.6082	-600.9082	156.3	2.133331	0.6444502	0.2176158	0.5190285
23622	-432.7234	-588.1371	155.4137	2.674564	0.8771924	0.2274232	0.3839553
23628	-437.6247	-593.0847	155.46	2.629474	0.8771924	0.2274232	0.3860561
23634	-448.0171	-604.3267	156.3095	2.277423	0.4233308	0.2946816	0.5061735
23640	-445.4226	-601.2083	155.7856	2.466242	0.4551166	0.4282487	0.5169963
23646	-448.237	-605.8757	157.6387	2.149625	0.2094621	0.06348115	0.6951963
23652	-440.0272	-597.5377	157.5105	2.228922	0.2626699	0.05639719	0.5148823
23658	-429.0869	-586.934	157.8471	2.153849	0.1265565	0.08786861	0.570854
23664	-429.4992	-586.429	156.9297	2.37284	0.4296217	0.07175543	0.4540677
23670	-431.7539	-587.3289	155.575	2.599536	0.8521142	0.2126355	0.4173179
23676	-435.1144	-590.722	155.6076	2.654073	0.7075224	0.2126355	0.3064348
23682	-433.2711	-588.8344	155.5633	2.781714	0.7075224	0.2126355	0.4085287
23688	-435.1886	-590.7778	155.5892	2.592417	0.7284435	0.2631915	0.4080051
23694	-438.999	-594.4379	155.4389	2.585632	0.7980132	0.3008839	0.4990875
23700	-444.1311	-598.4813	154.3502	2.550634	0.7980132	1.086765	0.6036
23706	-446.44	-600.5453	154.1053	2.623334	0.9521629	1.086765	0.6083353
23712	-443.0043	-596.6021	153.5978	2.472597	0.9895772	1.538883	0.9627833
23718	-437.1239	-590.2862	153.1623	2.679886	1.280663	1.734912	0.7558355
23724	-440.0955	-592.8457	152.7501	2.679886	1.280663	1.734912	1.188
23730	-445.2509	-598.5477	153.2967	2.541222	0.5711036	2.721107	1.033815
23736	-437.8891	-591.6727	153.7836	2.311601	0.5711036	1.67245	1.314944
23742	-437.7817	-591.7779	153.9962	2.517667	1.200162	1.007347	0.7221586
23748	-431.3536	-586.0652	154.7116	2.489336	0.6973059	0.859296	0.7221586
23754	-441.7217	-597.591	155.8693	1.991588	0.8130805	0.3232215	0.7509016
23760	-439.5605	-595.6855	156.125	1.93087	1.200109	0.08657089	0.9312456
23766	-440.0848	-596.694	156.6093	2.054265	0.4399136	0.1840829	0.8771654
23772	-443.5493	-600.1955	156.6462	1.870878	0.8303309	0.06928025	0.9172962
23778	-443.5166	-600.0455	156.5289	1.991022	0.4786764	0.1498883	1.071789
23784	-438.4586	-594.6527	156.1941	1.866122	0.4566203	0.2832176	1.173644
23790	-430.134	-586.1033	155.9694	2.219567	0.5555386	0.3529397	0.667586
23796	-421.1733	-577.0912	155.9179	2.26424	0.5896995	0.3529397	0.5284551
23802	-423.204	-579.1743	155.9702	2.296941	0.5587358	0.3321886	0.5628998
23808	-428.1633	-584.0654	155.9021	2.526799	0.4459257	0.3321886	0.384065
23814	-428.6282	-584.4502	155.822	2.374448	0.6108733	0.3321886	0.5205791
23820	-430.7958	-586.6759	155.8801	2.395039	0.5530636	0.3321886	0.5662338
23826	-436.4754	-592.2722	155.7968	2.387543	0.6033205	0.3321886	0.6171948
23832	-438.4856	-594.4213	155.9357	2.220269	0.6033205	0.3321886	0.6794156
23838	-435.2953	-591.6346	156.3393	2.266969	0.8110433	0.1045185	0.5401755
23844	-436.7686	-592.6858	155.9173	2.273551	0.8610889	0.2056401	0.5717841
23850	-443.6734	-599.4362	155.7628	2.308693	0.8610889	0.2393889	0.6418302
23856	-443.2735	-599.416	156.1425	2.243854	0.6322677	0.2393889	0.548864
23862	-442.6559	-598.7861	156.1302	2.052149	0.5654579	0.2393889	0.9989897
23868	-440.8488	-597.225	156.3762	2.052149	0.4471648	0.3109735	0.7235883
23874	-422.6138	-578.5262	155.9125	2.181558	0.6632459	0.3109735	0.7235883
23880	-420.3633	-576.8837	156.5204	1.988238	0.6632459	0.147639	0.7878123
23886	-428.2954	-584.1199	155.8246	1.968498	1.60909	0.0817692	0.8949188
23892	-423.3765	-580.3006	156.924	1.855145	0.509246	0.1474081	0.7269221
23898	-437.1914	-592.9077	155.7162	1.878812	1.587892	0.1733135	0.7094552
23904	-435.0667	-592.1731	157.1064	1.991121	0.457519	0.08294046	0.7687656
23910	-437.0812	-593.1947	156.1134	1.636062	0.8720892	0.1484787	1.281751
23916	-430.6839	-586.9492	156.2653	1.60389	0.5156901	0.2585	1.301916
23922	-432.2701	-587.5973	155.3273	1.670742	0.9910833	0.153231	1.738924
23928	-430.887	-586.9459	156.0589	1.411339	0.8557656	0.153231	1.501236
23934	-434.4937	-590.6382	156.1445	1.673397	0.8557656	0.1665211	1.187802
23940	-440.4355	-596.0756	155.6401	1.522992	1.187712	0.08322367	1.687952
23946	-437.837	-593.9519	156.1149	1.510987	0.8815099	0.2212158	1.18478
23952	-432.1846	-587.436	155.2514	1.630215	2.30059	0.1460041	1.129746
23958	-432.4467	-587.7564	155.3097	1.631109	2.30059	0.1460041	1.075587
23964	-443.7192	-600.0837	156.3645	1.815238	0.5005314	0.1837109	1.240639
23970	-423.9821	-580.5082	156.5261	1.909414	0.5005314	0.1807426	1.019096
23976	-420.9361	-577.2241	156.288	1.789078	0.7115583	0.1807426	1.069007
23982	-425.7683	-582.2347	156.4664	1.789078	0.7735891	0.1532534	0.9013808
23988	-425.5282	-582.1501	156.6219	1.571515	0.3399034	0.1340027	1.594736
23994	-425.9468	-583.1402	157.1933	1.526255	0.322008	0.1340027	1.215372
24000	-432.8334	-590.2363	157.4029	1.659361	0.322008	0.09441047	1.050684
24006	-431.7174	-588.8063	157.0889	1.583124	0.5406677	0.09441047	1.036562
24012	-439.3023	-595.8675	156.5653	1.583342	0.5406677	0.1780301	1.227678
24018	-438.3447	-594.6698	156.325	1.759031	0.4999815	0.1606172	1.379647
24024	-434.8743	-592.4701	157.5958	2.040519	0.1975672	0.09279963	0.7753422
24030	-451.125	-607.6641	156.5391	2.087497	0.7973606	0.1036767	0.5348328
24036	-444.2261	-600.7616	156.5355	2.196302	0.7501229	0.09297429	0.5003741
24042	-432.9398	-588.0832	155.1434	2.119789	1.241546	0.4519983	0.589732
24048	-434.6837	-590.533	155.8493	1.74741	1.241546	0.2279823	0.851779
24054	-424.6445	-581.5838	156.9393	1.699767	0.2199658	0.2321176	1.236004
24060	-433.2316	-588.7949	155.5633	1.781642	0.494771	0.3729147	1.533397
24066	-426.8601	-583.2297	156.3696	1.641405	0.494771	0.1507522	1.468722
24072	-436.5543	-592.227	155.6726	2.037874	0.7250737	0.2110886	1.292789
24078	-434.3781	-589.9598	155.5817	1.885715	0.9361552	0.2110886	1.292789
24084	-427.9246	-584.2563	156.3317	1.999204	0.9361552	0.1080115	0.7939251
24090	-434.8615	-591.5169	156.6554	1.962008	0.4061905	0.2229135	0.8697535
24096	-443.9543	-598.9545	155.0002	1.925388	1.801449	0.1524628	1.317168
24102	-438.4585	-594.1599	155.7014	2.155135	0.766765	0.1524628	1.282814
24108	-444.5755	-601.1168	156.5413	1.623712	0.4629771	0.2361402	1.177406
24114	-441.4334	-597.4133	155.9799	1.763822	1.006065	0.2361402	0.9061448
24120	-433.8565	-589.7026	155.846	1.922858	1.006065	0.2269438	0.9061448
24126	-433.1753	-588.952	155.7767	2.050432	1.006065	0.2269438	0.8378555
24132	-425.9769	-582.0069	156.0299	2.237957	0.9093992	0.1584726	0.6289245
24138	-435.2664	-590.7564	155.49	2.297469	1.555949	0.1423821	0.5508996
24144	-432.0726	-587.5362	155.4636	2.327585	1.555949	0.1423821	0.5237745
24150	-432.8129	-587.9368	155.1238	2.335752	1.906438	0.168345	0.4247452
24156	-430.9191	-586.4139	155.4948	2.720424	1.250691	0.08807388	0.3854779
24162	-436.8302	-592.5077	155.6775	2.398854	1.250691	0.1294661	0.490933
24168	-435.5882	-591.3561	155.7679	1.917498	1.250691	0.1760672	0.9185918
24174	-446.9503	-602.72	155.7697	2.052352	1.250691	0.1749134	0.7521978
24180	-436.2389	-592.7104	156.4715	2.065397	0.5815082	0.1749134	0.7816628
24186	-442.936	-598.9957	156.0596	1.576361	0.7955518	0.2161544	1.271117
24192	-441.2902	-597.2124	155.9222	2.036705	0.558809	0.3844206	0.8941443
24198	-440.6777	-597.6162	156.9385	1.881465	0.558809	0.09117096	0.8653692
24204	-437.0767	-594.2255	157.1489	1.860852	0.2651733	0.1803776	0.9175289
24210	-431.6813	-587.7966	156.1154	2.135306	0.7517784	0.1917279	0.7860464
24216	-433.7293	-589.6903	155.961	2.141198	0.4925169	0.4317983	0.7267419
24222	-432.4863	-588.367	155.8806	2.022612	0.5807934	0.4317983	0.812344
24228	-439.07	-595.9043	156.8343	2.006016	0.431649	0.1774896	0.6778191
24234	-452.0355	-608.7582	156.7227	2.36542	0.525843	0.0703688	0.6957142
24240	-444.4343	-600.8179	156.3835	2.056653	0.525843	0.2031361	0.899494
24246	-458.0157	-613.6192	155.6035	2.313284	1.603168	0.1012647	0.4662587
24252	-437.1015	-591.9205	154.819	2.298306	3.312124	0.08398041	0.4849307
24258	-444.2196	-598.6767	154.4571	2.44557	4.157209	0.06514125	0.468626
24264	-454.9169	-610.0169	155.0999	2.44557	2.918956	0.02707027	0.4504227
24270	-444.2708	-598.021	153.7502	2.343682	8.060821	0.02662758	0.3691302
24276	-447.9774	-603.8787	155.9013	2.484884	1.309295	0.04656135	0.4294731
24282	-440.9745	-595.8337	154.8592	2.408905	3.331599	0.04656135	0.4000039
24288	-437.81	-594.4533	156.6433	2.047157	0.4926945	0.2000971	0.6194358
24294	-449.7057	-604.5144	154.8086	2.06204	0.9569874	0.3924634	1.410235
24300	-457.1891	-610.4209	153.2318	2.444461	2.928405	0.818634	0.7348539
24306	-456.0432	-610.8974	154.8542	2.629548	0.5318354	0.818634	0.7235077
24312	-440.507	-594.8909	154.3839	2.247376	1.062445	0.818634	0.9803232
24318	-432.9738	-588.5506	155.5769	2.252079	1.472578	0.1437118	0.6050006
24324	-436.8886	-592.5445	155.6559	2.030533	0.7072812	0.4775731	0.7584633
24330	-430.0427	-585.5233	155.4807	1.737657	0.696581	0.4095526	1.348216
24336	-434.4918	-589.8542	155.3624	2.142491	1.907344	0.1094233	0.8656462
24342	-430.2994	-585.9667	155.6673	1.95054	0.8670413	0.3452305	0.9186659
24348	-422.23	-577.6099	155.3799	1.956554	0.9218255	0.3490767	1.128223
24354	-432.5258	-587.89	155.3642	1.626376	0.9218255	0.3490767	1.414067
24360	-436.0475	-591.4747	155.4272	1.560013	0.7477631	0.3490767	1.566833
24366	-430.3156	-585.8339	155.5184	1.600515	1.0062	0.3310314	1.273622
24372	-429.8314	-585.8386	156.0072	1.762865	0.5187632	0.3310314	1.238289
24378	-425.6055	-581.2377	155.6322	1.855073	0.6313593	0.4412929	1.148275
24384	-428.4852	-584.134	155.6489	1.758144	0.6313593	0.3355591	1.38711
24390	-422.0778	-578.1864	156.1086	1.839909	0.5581467	0.1443293	1.456603
24396	-435.0232	-590.3524	155.3292	1.725544	1.419665	0.2469	1.194571
24402	-456.4764	-612.9285	156.4521	1.846092	0.4981482	0.2067077	1.078549
24408	-442.5781	-598.8815	156.3034	1.789226	0.5643106	0.1175481	1.416074
24414	-438.8682	-595.0437	156.1755	1.508319	0.6056331	0.2225639	1.416074
24420	-437.7912	-593.8296	156.0384	1.51283	0.806421	0.1608874	1.463064
24426	-439.8257	-595.0384	155.2127	1.724946	0.968612	0.3215179	1.463064
24432	-440.7019	-596.817	156.1151	1.729725	1.083753	0.09856546	1.182716
24438	-447.2181	-603.3248	156.1067	1.656345	0.5887786	0.09856546	1.689978
24444	-434.7425	-588.6225	153.88	1.39243	1.228226	0.1906804	2.639416
24450	-441.7111	-596.7165	155.0054	1.737676	1.228226	0.09079256	1.930643
24456	-436.9791	-592.2792	155.3001	1.849229	1.858075	0.09079256	1.30233
24462	-432.9818	-589.4689	156.4871	1.75493	0.8880127	0.09079256	1.03185
24468	-454.6113	-611.0181	156.4068	1.801073	0.8880127	0.1456255	0.8339245
24474	-457.9262	-612.0658	154.1396	1.946014	1.084416	1.085081	1.208618
24480	-439.8883	-594.6099	154.7216	1.556661	0.7543171	0.6223737	1.733958
24486	-436.7249	-591.9711	155.2462	1.976395	1.267091	0.3124598	1.005431
24492	-430.5721	-586.1066	155.5345	2.227106	1.267091	0.1927341	0.7381525
24498	-424.0632	-580.1127	156.0495	1.958144	0.6771349	0.3373781	0.7381525
24504	-425.5099	-581.5545	156.0447	1.92122	1.008133	0.1701614	0.8739362
24510	-449.8526	-605.9906	156.138	1.66535	1.000531	0.1217072	1.206665
24516	-456.1221	-611.7976	155.6755	1.716212	0.8380524	0.2166005	1.425051
24522	-453.2034	-608.2286	155.0252	1.621746	0.8380524	0.4783506	1.55824
24528	-452.4892	-608.5161	156.0268	1.391079	0.8380524	0.2496322	1.333794
24534	-451.6443	-607.9954	156.3511	1.562274	0.4459744	0.2104021	1.462868
24540	-454.4428	-610.247	155.8042	1.588682	0.8892134	0.205805	1.404192
24546	-455.0727	-610.781	155.7083	1.773954	0.7851262	0.170065	1.511058
24552	-456.6855	-612.7063	156.0208	1.710879	0.5113177	0.4192826	1.127797
24558	-449.7965	-606.3	156.5035	2.279365	0.527467	0.1555077	0.6019614
24564	-450.9021	-606.1545	155.2524	2.23741	2.064423	0.1200554	0.6978424
24570	-445.7803	-600.9059	155.1256	2.104171	2.064423	0.1941849	0.70673
24576	-447.5889	-603.2712	155.6823	1.938529	2.157326	0.07608174	0.70673
24582	-447.9197	-603.5195	155.5998	1.927609	2.157326	0.07501833	0.8457664
24588	-447.1089	-602.6581	155.5493	2.125965	2.072149	0.08853314	0.5463344
24594	-447.9889	-602.8173	154.8285	1.880287	3.267866	0.03388811	1.319847
24600	-451.8338	-607.5814	155.7476	2.426506	1.321986	0.09067282	0.4707892
24606	-452.0326	-608.8471	156.8145	2.144365	0.570222	0.07515216	0.7564372
24612	-442.895	-599.1851	156.2902	2.000611	1.076335	0.07515216	0.8512144
24618	-443.8062	-600.0957	156.2895	2.167673	1.076335	0.04332092	0.8390888
24624	-432.0956	-588.0798	155.9842	1.97459	1.272597	0.1023304	0.8945475
24630	-447.84	-603.9451	156.1051	1.793669	1.332902	0.08251156	0.9980228
24636	-466.612	-622.2432	155.6312	2.050985	0.7487083	0.2958923	1.101918
24642	-448.8262	-603.5217	154.6955	2.109332	1.006077	0.4641348	1.318702
24648	-436.263	-592.5658	156.3028	2.003955	0.6855213	0.1908194	0.8272508
24654	-449.6555	-605.3365	155.6809	1.900682	0.8226	0.2341916	1.248291
24660	-450.4141	-606.8352	156.4211	1.892418	0.6152422	0.1827838	0.9579479
24666	-454.4195	-609.142	154.7225	1.643398	2.238739	0.1385866	1.587417
24672	-460.0506	-615.8752	155.8246	2.049061	1.020075	0.1928571	0.8840377
24678	-438.607	-593.5208	154.9138	2.132071	0.9507775	0.7054845	0.7898635
24684	-433.2379	-589.3687	156.1307	1.99382	0.9507775	0.183189	0.6699042
24690	-431.9902	-588.6552	156.6651	2.317515	0.5795131	0.08836899	0.5191529
24696	-433.531	-589.1784	155.6474	2.256267	1.249673	0.17696	0.5688245
24702	-437.4233	-593.7914	156.3681	2.086487	0.9346952	0.101183	0.6367868
24708	-440.4749	-596.7256	156.2507	2.214524	0.9346952	0.101183	0.6098122
24714	-445.4656	-601.0591	155.5935	2.285745	0.9346952	0.2675252	0.7168266
24720	-432.2312	-588.3879	156.1567	2.017818	0.8649675	0.1713403	0.7967377
24726	-432.6721	-588.3515	155.6795	1.842812	0.8649675	0.3673549	0.9735408
24732	-431.0284	-586.7394	155.7109	1.796816	0.7249303	0.3673549	1.145137
24738	-443.3713	-598.4416	155.0703	1.903921	1.529962	0.3673549	0.9289873
24744	-442.3882	-598.1738	155.7856	2.003748	1.302913	0.1585166	0.8127322
24750	-439.0286	-595.5522	156.5236	2.097803	0.4077865	0.2371868	0.8127322
24756	-434.869	-589.8979	155.0289	2.341806	0.6119301	0.6606074	0.9602832
24762	-447.6415	-603.1265	155.4851	1.768761	1.146572	0.2590429	1.191189
24768	-443.3089	-599.6004	156.2915	1.916786	0.6785758	0.1104708	1.21452
24774	-456.0127	-611.9584	155.9457	1.988398	0.6785758	0.3354906	0.8415394
24780	-460.9961	-617.0219	156.0258	1.716742	1.019274	0.125993	1.228425
24786	-473.3245	-630.3215	156.997	2.065525	0.4659578	0.04188269	1.020242
24792	-444.7061	-601.083	156.3769	1.804179	0.8187962	0.1326416	1.001528
24798	-451.1595	-607.0157	155.8563	2.205315	0.6027073	0.3624282	0.7328844
24804	-450.3189	-605.5216	155.2028	2.43249	1.077952	0.3426292	0.5248675
24810	-440.8299	-597.3729	156.543	2.473234	0.5610914	0.08693369	0.5248675
24816	-447.8644	-604.2134	156.3489	2.563581	0.5610914	0.1096132	0.439464
24822	-442.0283	-597.9592	155.9309	2.534714	0.9193281	0.1096132	0.5324602
24828	-439.3275	-595.5006	156.1731	2.471984	0.7143458	0.1199445	0.6074134
24834	-436.1563	-591.3358	155.1794	2.507953	0.9004492	0.3957384	0.6074134
24840	-440.0349	-595.8411	155.8061	2.507953	0.8672366	0.1660578	0.5385899
24846	-438.8901	-594.7569	155.8668	2.498234	0.9461895	0.1283405	0.4826414
24852	-447.8226	-604.6397	156.8171	2.155416	0.3704679	0.1791562	0.636511
24858	-443.8577	-600.5031	156.6454	2.224978	0.5277559	0.1353685	0.4680757
24864	-439.25	-595.0066	155.7567	2.458816	1.360525	0.07440479	0.4582593
24870	-439.4205	-595.9366	156.5161	2.266309	0.6143514	0.1244006	0.5212336
24876	-440.5123	-596.4944	155.982	2.040363	0.6143514	0.3736715	0.7321269
24882	-439.2055	-595.4774	156.2719	2.060598	0.729201	0.1988309	0.6643831
24888	-436.8039	-592.232	155.4281	2.059585	1.850404	0.09213307	1.001021
24894	-435.4305	-592.6973	157.2668	1.823748	0.4967717	0.03724722	0.9618402
24900	-436.2249	-592.2656	156.0407	1.698111	0.4205793	0.07545111	1.969141
24906	-434.7276	-591.7814	157.0537	1.762922	0.308232	0.1534147	1.095798
24912	-427.6312	-583.2741	155.6429	1.478819	1.365278	0.1534147	1.403361
24918	-438.9824	-593.5137	154.5312	1.623524	1.365278	0.3435149	1.739383
24924	-454.3872	-610.4939	156.1067	1.704531	1.282356	0.07168075	1.165006
24930	-450.8664	-605.5947	154.7283	1.683426	3.802419	0.03513144	1.392805
24936	-453.1367	-608.6452	155.5086	1.85936	1.558669	0.06223178	1.392805
24942	-440.7315	-596.6587	155.9272	2.085401	1.372198	0.08058921	0.8490376
24948	-428.8652	-586.2869	157.4218	1.739818	0.3570255	0.08058921	0.9369718
24954	-435.2887	-592.0174	156.7287	1.897109	0.3570255	0.2710943	0.8239793
24960	-433.0514	-589.409	156.3575	2.122526	0.7024659	0.09294028	1.005415
24966	-427.5051	-583.5843	156.0791	1.787865	0.7024659	0.2901071	0.9943013
24972	-423.584	-579.6438	156.0598	2.009374	0.7024659	0.2901071	0.7566812
24978	-425.708	-581.9782	156.2702	1.86656	0.6581192	0.2327016	0.9268337
24984	-431.5274	-587.8004	156.273	1.529424	0.3912282	0.1216408	1.82989
24990	-439.4603	-594.9408	155.4804	1.689556	0.6804216	0.1216408	1.945928
24996	-436.1706	-592.6172	156.4466	1.412671	0.5647174	0.1072715	1.620641
25002	-438.3471	-593.6672	155.3202	1.519365	0.8949898	0.1072715	2.033347
25008	-429.6809	-585.1804	155.4995	1.407671	0.8949898	0.09137192	2.033347
25014	-430.7732	-586.7973	156.024	1.620996	0.6903522	0.2172234	1.367063
25020	-439.6381	-596.0304	156.3923	1.566067	0.6903522	0.09314585	1.460396
25026	-445.5675	-602.2643	156.6968	1.5342	0.6031452	0.09314585	1.341845
25032	-437.9547	-594.0677	156.113	1.661153	0.6031452	0.2253615	1.341845
25038	-424.9217	-581.1466	156.2249	2.024195	0.7029864	0.2002879	0.8349185
25044	-433.8153	-590.1067	156.2914	1.629643	0.7029864	0.09597177	1.466877
25050	-429.8748	-585.1845	155.3097	1.714137	1.040672	0.2489545	1.475943
25056	-434.7284	-590.8525	156.1241	1.566385	1.040672	0.1022338	1.332154
25062	-432.4895	-588.6627	156.1732	1.973373	0.7055689	0.1906216	0.9784467
25068	-441.4755	-598.1669	156.6914	1.896455	0.5400305	0.1299181	0.9784467
25074	-442.0268	-598.5346	156.5079	1.83427	0.5400305	0.1935491	1.0093
25080	-429.7676	-586.1973	156.4297	1.922202	0.7072554	0.1935491	0.7096489
25086	-428.8143	-584.6271	155.8128	1.99057	1.101458	0.1931563	0.8741684
25092	-431.6275	-589.0759	157.4484	1.99057	0.3813163	0.04085056	0.7768627
25098	-429.9142	-586.1185	156.2043	1.463207	0.9239552	0.1178115	1.393662
25104	-431.7086	-587.8326	156.124	1.601196	1.178052	0.1178115	1.142902
25110	-437.9251	-593.4015	155.4764	1.749897	1.234855	0.2438412	1.18233
25116	-433.672	-589.0926	155.4207	1.958747	1.691799	0.1974306	0.8107087
25122	-441.1472	-596.9435	155.7963	2.452745	0.7480993	0.2314412	0.5776629
25128	-438.2786	-593.5998	155.3212	2.449415	0.7480993	0.4534841	0.5578816
25134	-434.828	-591.3268	156.4988	2.06689	0.5329092	0.2156347	0.6523272
25140	-430.8823	-587.0676	156.1853	2.197482	0.5546895	0.2156347	0.8717725
25146	-438.395	-594.7129	156.318	2.056005	0.5542438	0.2156347	0.8828243
25152	-428.522	-584.4364	155.9144	2.151886	0.6216723	0.3797126	0.596348
25158	-436.3388	-592.6266	156.2879	2.404583	0.6216723	0.1401436	0.4031777
25164	-438.9973	-596.185	157.1877	2.284318	0.2814658	0.1045199	0.4910879
25170	-436.6669	-593.172	156.5051	2.081209	0.4316174	0.2671275	0.6797631
25176	-427.557	-584.9036	157.3466	2.04055	0.2469997	0.1402338	0.6404661
25182	-429.4807	-585.4104	155.9297	1.681964	1.31664	0.1465284	1.040212
25188	-434.4674	-590.083	155.6156	1.78624	1.846757	0.08956913	1.096097
25194	-431.7253	-586.3127	154.5874	2.067318	0.4788586	0.8314769	1.557445
25200	-440.5451	-594.1977	153.6525	1.882774	1.052771	1.083369	1.65753
25206	-427.8381	-581.92	154.0819	1.971333	1.171719	0.8609435	1.357794
25212	-429.6183	-583.8079	154.1896	2.21157	1.171719	0.8609435	1.060088
25218	-433.5294	-588.9905	155.4612	2.143875	1.171719	0.2827985	0.7298919
25224	-433.5657	-588.5212	154.9555	2.255119	1.059792	0.5556938	0.6934451
25230	-434.5628	-590.0426	155.4797	2.337893	0.5238097	0.6009236	0.6510602
25236	-439.805	-594.6655	154.8605	2.507111	0.8782312	0.6009236	0.611158
25242	-438.8378	-593.9908	155.1531	2.234755	0.9976092	0.3552359	0.9933215
25248	-446.9163	-601.8229	154.9066	2.234755	1.180787	0.5185874	0.7214531
25254	-444.2191	-598.176	153.9568	2.332969	2.622636	0.5185874	0.5982545
25260	-437.958	-593.1978	155.2397	2.37818	1.118208	0.3284236	0.580813
25266	-433.8423	-589.2678	155.4255	2.399462	1.069975	0.2325518	0.7339489
25272	-430.6373	-586.8256	156.1883	2.398626	0.7786619	0.1190357	0.5327035
25278	-440.5129	-597.0409	156.528	2.374449	0.3679492	0.2143444	0.4823425
25284	-434.5735	-591.1541	156.5806	2.130743	0.3563636	0.2766078	0.6763699
25290	-429.4023	-586.7248	157.3225	1.825618	0.3824922	0.1143884	0.6982349
25296	-435.765	-590.9503	155.1853	2.141628	1.262826	0.3355278	0.8390202
25302	-431.9882	-588.0847	156.0965	2.035216	0.6380101	0.1764784	1.121746
25308	-427.519	-583.1423	155.6233	2.065618	0.6380101	0.5014682	0.8264878
25314	-428.1597	-584.0581	155.8984	2.193588	0.6380101	0.3482424	0.6384322
25320	-423.059	-578.9198	155.8608	2.25934	0.6380101	0.3482424	0.5479765
25326	-429.5375	-585.8838	156.3463	2.201879	0.6342154	0.1774132	0.6103552
25332	-431.9079	-587.8943	155.9864	2.201879	0.9322618	0.1774132	0.6103552
25338	-434.5665	-590.4897	155.9232	2.201879	0.9322618	0.1774132	0.7344875
25344	-423.9125	-579.4754	155.5628	2.190772	1.343578	0.1774132	0.7277695
25350	-425.239	-580.5286	155.2896	1.890555	1.526763	0.19691	1.13814
25356	-436.1475	-592.328	156.1806	1.977797	0.6177144	0.1791586	1.115735
25362	-429.1245	-584.4174	155.2929	2.243503	0.8964264	0.4658694	0.6691047
25368	-425.9181	-581.8882	155.9701	2.113726	1.162274	0.09970553	0.8729071
25374	-429.2905	-584.6267	155.3362	2.081672	1.187961	0.2866219	0.9361202
25380	-446.9394	-602.5984	155.659	1.799433	1.187961	0.2103062	1.094398
25386	-442.8843	-598.8366	155.9524	1.644672	1.187961	0.132845	1.196803
25392	-426.4718	-582.2185	155.7467	1.716101	1.187961	0.2224827	1.057891
25398	-429.8932	-586.767	156.8738	1.861776	0.4533243	0.148228	0.9035231
25404	-431.4437	-588.102	156.6583	1.861776	0.6029623	0.1088231	1.033985
25410	-429.869	-585.3662	155.4972	1.900992	1.341256	0.2171705	1.010635
25416	-429.8728	-585.5287	155.6558	2.151371	1.450041	0.1393481	0.7173935
25422	-442.5401	-598.3795	155.8394	2.346374	0.6672002	0.2716812	0.7173935
25428	-446.3251	-602.2454	155.9203	2.337143	0.4696604	0.4111518	0.5279666
25434	-447.3794	-603.2716	155.8922	2.332104	0.4696604	0.4111518	0.6433925
25440	-443.2888	-599.2386	155.9498	2.26584	0.4696604	0.4111518	0.6619404
25446	-438.449	-593.761	155.312	2.317572	0.9441826	0.4111518	0.5324982
25452	-442.5023	-599.1565	156.6542	2.204802	0.4087532	0.2015281	0.4753403
25458	-434.4902	-590.0922	155.602	2.339313	0.8923207	0.2907874	0.4987042
25464	-434.2752	-590.061	155.7859	2.198678	0.8259616	0.2907874	0.6352717
25470	-435.3523	-591.9942	156.6419	2.302902	0.3470565	0.2107449	0.4263536
25476	-439.162	-594.7038	155.5418	2.20331	1.075346	0.286536	0.608913
25482	-442.3541	-598.6977	156.3435	1.922464	1.075346	0.1090374	0.6701979
25488	-442.5883	-599.1441	156.5558	1.922464	0.5383391	0.218528	0.7715766
25494	-438.1046	-594.6534	156.5488	1.996194	0.3598254	0.336922	0.7128676
25500	-435.8094	-591.7139	155.9045	1.870092	0.3439964	0.5836808	1.12303
25506	-440.4188	-594.9273	154.5085	2.03826	1.005688	0.9025402	1.026137
25512	-434.8003	-589.3478	154.5474	2.146217	1.015613	0.7657628	1.026137
25518	-437.3703	-592.7249	155.3546	2.145893	0.9710359	0.2300794	1.189938
25524	-430.2138	-585.3211	155.1073	2.068645	3.21788	0.07128238	0.6514487
25530	-437.119	-592.933	155.8141	2.068645	1.091641	0.1920121	0.7905382
25536	-443.034	-598.7928	155.7587	1.853684	1.029827	0.17454	1.185177
25542	-432.0326	-588.4301	156.3975	1.763919	0.5614166	0.2613331	0.9682582
25548	-435.8519	-592.0214	156.1696	1.714128	0.9582355	0.1568777	1.058207
25554	-438.2301	-594.3317	156.1016	1.954755	0.9582355	0.1819187	0.7750555
25560	-442.8328	-598.548	155.7152	2.17449	0.7661596	0.2756504	0.923437
25566	-432.339	-588.4427	156.1037	1.965004	0.8285415	0.2198673	0.7965159
25572	-442.5158	-598.5506	156.0349	1.562487	0.8352099	0.1950704	1.315547
25578	-450.1451	-606.7194	156.5743	1.618552	0.811653	0.07187272	1.231211
25584	-444.9088	-600.7632	155.8544	1.953736	0.811653	0.2204698	1.094797
25590	-444.0323	-599.2488	155.2165	2.095331	0.7669228	0.1523488	1.694377
25596	-454.4556	-609.9165	155.4609	1.202828	0.9009406	0.1096077	2.138408
25602	-446.7155	-600.7707	154.0553	1.511661	2.444783	0.1096077	2.138408
25608	-438.4778	-594.7008	156.223	1.928085	0.6214596	0.1923967	1.079655
25614	-430.3399	-586.5536	156.2137	2.297548	0.7775005	0.1390445	0.4599783
25620	-426.4872	-582.0982	155.611	2.533439	1.058545	0.143489	0.3541915
25626	-434.3394	-589.8378	155.4984	2.345465	1.058545	0.2591445	0.4481991
25632	-432.9497	-588.7904	155.8407	2.430116	0.759036	0.2185436	0.427621
25638	-436.3885	-592.6775	156.289	2.324114	0.5219707	0.2185436	0.5135881
25644	-438.2785	-594.6117	156.3332	2.277726	0.5219707	0.2185436	0.5367597
25650	-436.6376	-592.1174	155.4798	2.217194	1.458406	0.1905174	0.5606479
25656	-442.7815	-598.0712	155.2897	2.261586	1.910718	0.1441523	0.5257687
25662	-450.8961	-607.0078	156.1117	2.27106	0.7873849	0.1491704	0.7335263
25668	-437.2018	-593.1048	155.903	2.264846	0.7467857	0.2515809	0.6549104
25674	-432.5832	-587.4889	154.9057	2.409638	1.652688	0.280829	0.5435766
25680	-439.6453	-595.5365	155.8913	2.536345	0.7949912	0.1514678	0.6119825
25686	-446.1574	-602.2705	156.1131	2.100569	0.9607887	0.1514678	0.6805496
25692	-446.1428	-601.8154	155.6726	2.118104	0.9607887	0.214394	0.969788
25698	-438.8163	-594.8201	156.0038	1.929546	0.75684	0.2401073	0.9853968
25704	-441.8285	-597.2565	155.428	2.014868	1.670987	0.184507	0.7977534
25710	-439.5536	-594.8121	155.2585	2.068566	1.670987	0.1679448	0.9904576
25716	-448.5965	-604.7211	156.1247	1.871901	0.5315478	0.2838572	1.11778
25722	-447.7865	-603.6641	155.8777	1.883776	0.741923	0.2838572	1.062749
25728	-458.7108	-614.2389	155.5281	1.707339	0.7986743	0.2838572	1.444919
25734	-432.7411	-588.7622	156.0211	1.845001	0.6776309	0.2180446	1.197597
25740	-435.6555	-591.3142	155.6587	1.86431	0.984491	0.1699324	1.309997
25746	-428.4481	-584.5073	156.0592	1.707249	0.984491	0.1699324	1.101682
25752	-429.0933	-584.5996	155.5063	2.034066	1.042356	0.3319053	0.8301331
25758	-439.1649	-593.9465	154.7816	1.590116	2.577155	0.09124289	1.596327
25764	-445.9974	-600.5061	154.5087	1.595894	0.9916584	0.3121043	2.046154
25770	-430.0163	-586.2417	156.2255	1.485688	0.5401572	0.1640119	1.603107
25776	-435.1667	-592.0189	156.8522	2.171206	0.3051789	0.1499827	0.9078134
25782	-448.699	-605.4583	156.7593	2.072647	0.2748949	0.2358464	0.9078134
25788	-433.5529	-590.2988	156.7459	2.109944	0.5361748	0.125215	0.6583413
25794	-438.2811	-594.2896	156.0085	2.447792	0.5361748	0.2689568	0.5180245
25800	-446.2836	-602.1385	155.855	2.488808	0.9644253	0.1291352	0.5004856
25806	-437.8642	-592.7115	154.8473	2.36744	1.370297	0.4261436	0.5483581
25812	-433.8109	-589.8637	156.0527	2.139347	1.163599	0.1116352	0.6319193
25818	-425.7688	-581.3201	155.5513	2.252977	1.657438	0.1198951	0.5303972
25824	-432.1094	-587.8283	155.7189	2.220469	1.657438	0.08684355	0.5524768
25830	-425.7646	-581.5833	155.8187	2.113575	1.33094	0.123627	0.7586193
25836	-428.5368	-583.858	155.3211	2.172201	1.012174	0.3948645	0.7586193
25842	-436.5107	-592.2222	155.7115	2.010649	0.6165148	0.4318819	0.9606866
25848	-450.4363	-605.2793	154.843	2.20278	0.830288	0.6610081	1.006072
25854	-450.935	-606.819	155.8841	2.1372	0.830288	0.2478638	0.753095
25860	-439.0199	-594.9796	155.9598	2.135784	0.8266483	0.2478638	0.6240289
25866	-424.1402	-580.6206	156.4804	2.044254	0.8185435	0.06905001	0.9251287
25872	-430.0017	-586.422	156.4203	1.602938	0.6193506	0.1526162	1.304307
25878	-431.6705	-586.8585	155.1881	1.830097	0.8702805	0.5484517	1.142336
25884	-434.3335	-590.8026	156.4691	1.983474	0.4129979	0.2780266	0.8788826
25890	-443.9832	-600.4261	156.4429	2.11031	0.3766094	0.2780266	0.8433442
25896	-441.4851	-596.6637	155.1785	2.003692	1.223932	0.2647968	1.181617
25902	-439.9694	-596.2705	156.3011	1.989896	0.4659273	0.2545309	1.011763
25908	-435.9234	-592.3613	156.4379	1.975834	0.4659273	0.1545606	1.172734
25914	-456.236	-612.568	156.332	2.211639	0.7894246	0.1131164	0.6864563
25920	-454.29	-610.4873	156.1973	2.013214	0.4990836	0.3031543	0.9132425
25926	-458.9144	-615.4907	156.5763	1.850528	0.3797947	0.3031543	0.9132425
25932	-442.2963	-597.679	155.3827	1.830682	1.061804	0.3735055	1.065419
25938	-439.5257	-596.5508	157.0251	1.827568	0.5351756	0.06166262	1.017025
25944	-437.099	-593.3256	156.2266	1.886624	0.5351756	0.208353	1.186298
25950	-446.6344	-603.0263	156.3919	1.860509	0.629622	0.208353	0.9186693
25956	-433.6879	-589.8847	156.1969	1.99375	0.629622	0.2598882	0.8264234
25962	-443.3627	-598.7054	155.3428	2.396199	0.6571868	0.5231966	0.6521824
25968	-434.784	-591.2693	156.4854	1.845264	0.8071987	0.1350265	0.8428312
25974	-435.1377	-591.0502	155.9125	1.985245	0.6188998	0.3584788	0.9220552
25980	-439.9748	-596.4729	156.4981	2.27372	0.4486687	0.1800413	0.7290472
25986	-449.6185	-605.5317	155.9132	2.112171	0.5631489	0.3437499	0.9058668
25992	-436.155	-592.1589	156.0039	1.824692	0.6918981	0.26241	1.109028
25998	-442.0313	-597.8488	155.8174	1.824692	0.6918981	0.2555964	1.284375
26004	-430.6338	-586.2073	155.5734	1.778515	1.201952	0.1695568	1.284375
26010	-438.6705	-594.0918	155.4213	1.596375	1.446872	0.1695568	1.392982
26016	-435.8805	-591.0354	155.1548	1.477317	1.657889	0.1695568	1.570048
26022	-445.0323	-599.9023	154.87	1.708228	1.14359	0.5062001	1.338887
26028	-457.7478	-612.6077	154.8599	1.727067	1.14359	0.5062001	1.331884
26034	-452.5005	-608.3994	155.8989	2.169896	0.5224518	0.3913002	0.8138119
26040	-451.8504	-606.3927	154.5424	1.842877	0.3582239	0.780625	1.946708
26046	-442.791	-598.3243	155.5332	1.63291	0.5228738	0.335441	1.68665
26052	-437.9855	-594.2281	156.2425	1.681995	0.6061495	0.2019714	1.271033
26058	-439.3664	-596.3304	156.964	1.69336	0.6061495	0.05003934	1.152758
26064	-444.8734	-600.6959	155.8225	1.995941	0.5492927	0.2637353	1.289133
26070	-432.4867	-588.8222	156.3355	1.73577	0.5268157	0.2637353	1.101865
26076	-442.6363	-599.5244	156.8881	1.735261	0.5059094	0.1113075	1.068413
26082	-434.793	-592.8322	158.0392	1.663924	0.1342864	0.1113075	0.8606548
26088	-431.9341	-590.4209	158.4868	1.758939	0.08285348	0.03991479	0.8606548
26094	-422.2092	-578.155	155.9458	1.853016	1.638579	0.06383018	0.9588048
26100	-432.9115	-589.1682	156.2566	1.94347	0.8711274	0.07130385	1.169326
26106	-425.9491	-582.9855	157.0363	1.94347	0.3484756	0.07130385	1.169326
26112	-432.7771	-588.8914	156.1143	1.868648	0.8852322	0.1127462	1.186445
26118	-431.1077	-586.6567	155.549	1.868648	0.8214645	0.3379748	1.175755
26124	-426.0714	-580.3006	154.2293	2.225675	1.152093	0.643287	1.265464
26130	-433.9569	-590.8772	156.9203	2.058325	0.3335121	0.156126	0.8619268
26136	-440.9811	-597.012	156.0308	1.963555	1.112357	0.1689898	0.7026083
26142	-443.5013	-599.2991	155.7977	2.260384	1.089878	0.1719985	0.5828658
26148	-447.9662	-603.6878	155.7216	2.150786	1.273313	0.1682687	0.6720284
26154	-442.3804	-598.5908	156.2104	2.219299	0.7092511	0.1682687	0.7090619
26160	-433.6472	-589.0437	155.3965	2.219299	1.490004	0.1682687	0.8069134
26166	-430.471	-586.5359	156.065	2.162112	0.3810195	0.4635066	0.7595941
26172	-434.2454	-588.39	154.1446	2.334241	0.6125461	1.45221	1.066366
26178	-420.4361	-576.5417	156.1056	2.248724	0.739867	0.170069	0.7571946
26184	-430.8747	-587.2175	156.3428	2.293291	0.633129	0.156578	0.457621
26190	-431.9423	-588.1911	156.2488	2.656125	0.4418903	0.156578	0.375447
26196	-428.6002	-584.4607	155.8605	2.229896	0.6629687	0.3194511	0.6979961
26202	-436.2496	-592.4424	156.1928	1.955286	0.7582425	0.1937227	0.8954829
26208	-451.4269	-606.3097	154.8828	1.876426	1.614905	0.1937227	1.439748
26214	-446.3349	-601.0511	154.7162	1.667896	0.9375428	0.5092613	1.632883
26220	-431.2298	-586.6969	155.4671	1.727997	1.337406	0.1683003	1.323168
26226	-430.2388	-586.2639	156.0251	1.732464	1.339805	0.0864472	1.110227
26232	-429.2132	-584.8004	155.5873	1.793503	0.9934902	0.1958206	1.351393
26238	-418.5868	-574.2062	155.6194	1.753682	1.144835	0.178277	1.285404
26244	-424.5692	-580.8756	156.3064	1.560243	0.7114982	0.1301955	1.39421
26250	-454.5399	-610.2457	155.7058	1.920038	1.23564	0.1210695	1.175064
26256	-453.36	-608.9819	155.6219	1.883931	1.578702	0.1210695	1.042444
26262	-448.1741	-603.4796	155.3055	1.914869	1.578702	0.2057213	1.042444
26268	-450.3696	-605.7516	155.382	2.067964	1.946601	0.1382702	0.7613508
26274	-440.0777	-596.357	156.2793	2.273427	0.4443471	0.2655836	0.7056346
26280	-441.6956	-597.7179	156.0223	2.724222	0.6346692	0.09019513	0.274213
26286	-444.844	-600.892	156.048	2.58536	0.6346692	0.1173181	0.2743457
26292	-430.8002	-587.5571	156.7568	2.648817	0.3146202	0.08575349	0.3352575
26298	-429.7856	-585.927	156.1414	2.689521	0.5867889	0.1197185	0.4307094
26304	-432.2749	-588.1931	155.9181	2.259781	0.9906433	0.1603968	0.6264798
26310	-425.0286	-580.8562	155.8276	2.171413	0.8611151	0.2522761	0.7151826
26316	-429.7392	-585.438	155.6988	2.287622	0.6102855	0.420572	0.6415801
26322	-447.8035	-603.9445	156.141	2.287622	0.6957398	0.1951664	0.5353527
26328	-433.1773	-589.5017	156.3244	1.991778	0.6957398	0.1693985	0.8817114
26334	-437.7963	-594.2483	156.452	1.893691	0.4421076	0.230956	1.060237
26340	-437.9235	-593.4756	155.5521	1.653536	1.168534	0.2541075	1.226314
26346	-452.0776	-608.0627	155.9852	1.916948	1.168534	0.1382177	0.9009327
26352	-445.9737	-602.6777	156.7039	2.13154	0.4896328	0.1273764	0.7990227
26358	-438.4238	-594.2373	155.8134	1.925056	0.8661569	0.2473168	1.032866
26364	-427.0064	-582.5535	155.5471	2.0649	1.185731	0.2473168	0.8280838
26370	-435.8147	-591.4549	155.6402	2.048322	0.8757153	0.3723454	0.746898
26376	-432.365	-587.2699	154.9049	1.785101	0.8757153	0.4536938	1.526786
26382	-435.9689	-591.1521	155.1832	1.681851	2.081125	0.06124919	1.526786
26388	-436.1489	-591.2998	155.1509	1.609867	2.081125	0.1039021	1.459049
26394	-447.1731	-601.4497	154.2766	1.32322	3.446161	0.1325635	1.763387
26400	-433.7335	-588.575	154.8415	1.285499	3.446161	0.06771154	1.584232
26406	-436.4168	-591.2078	154.791	1.455699	3.683297	0.06771154	1.428985
26412	-434.6751	-590.0756	155.4006	1.540292	1.701426	0.07162851	1.605485
26418	-437.0721	-592.2874	155.2153	1.725583	1.701426	0.07162851	1.605485
26424	-433.4297	-588.9758	155.5461	1.671467	1.107879	0.1012589	1.644002
26430	-441.3176	-596.4507	155.1331	1.535625	1.752684	0.1012589	1.68124
26436	-440.31	-596.5654	156.2554	1.582726	0.6308571	0.1012589	1.584152
26442	-439.5028	-595.7642	156.2614	1.587417	0.4911307	0.0791681	1.797709
26448	-437.6796	-593.4385	155.7588	1.920708	0.4806476	0.07289709	1.945282
26454	-428.3274	-584.2184	155.891	1.920708	0.776779	0.1164458	1.415048
26460	-433.5293	-589.3751	155.8457	1.711733	1.230762	0.1164458	1.25222
26466	-434.8548	-590.0326	155.1779	1.294612	1.230762	0.08716519	2.119598
26472	-440.6262	-596.6361	156.0098	1.419287	0.7721518	0.09608134	1.760487
26478	-445.9843	-600.9077	154.9234	1.551931	1.116183	0.157684	2.003129
26484	-424.7997	-580.5318	155.7321	1.508188	1.373521	0.1252442	1.38585
26490	-436.4022	-591.0587	154.6565	1.969549	1.373521	0.4116312	1.278117
26496	-435.8879	-591.6484	155.7605	1.796521	1.373521	0.1868411	0.9123653
26502	-441.8584	-597.652	155.7936	2.277249	0.6831128	0.3296859	0.6381242
26508	-450.5556	-605.9633	155.4077	2.277249	0.6831128	0.3414059	1.082766
26514	-436.7936	-591.7626	154.9689	2.595931	0.8942801	0.4777271	0.48712
26520	-435.4855	-590.2098	154.7243	2.257004	2.903805	0.1563883	0.6074829
26526	-441.6573	-596.6759	155.0186	2.514869	0.9768517	0.4452519	0.5295134
26532	-431.4988	-587.3067	155.8079	2.076011	0.819108	0.2795286	0.8467729
26538	-434.9044	-590.1152	155.2108	1.860696	0.9824781	0.4194038	1.183349
26544	-434.2536	-589.3211	155.0676	1.922901	1.670414	0.1485095	1.345071
26550	-424.0581	-580.3925	156.3344	2.056805	0.7951277	0.1485095	0.7085749
26556	-425.6032	-580.9868	155.3836	2.313424	0.7414393	0.4646504	0.7085749
26562	-427.5604	-583.0691	155.5087	2.188374	0.7414393	0.4646504	0.7085749
26568	-438.3301	-593.8656	155.5355	2.189555	0.6110047	0.5126751	0.8053841
26574	-432.8225	-588.7313	155.9089	2.170298	0.791659	0.2180151	0.8450963
26580	-443.6691	-599.8456	156.1765	2.293547	0.6109567	0.2180151	0.574258
26586	-441.4859	-597.5124	156.0265	2.199709	0.8323604	0.2044372	0.574258
26592	-433.1785	-589.1569	155.9784	2.199709	0.8373158	0.2044372	0.6799864
26598	-429.8975	-585.8297	155.9322	2.256218	0.7780984	0.2393915	0.5861139
26604	-434.8887	-590.4565	155.5678	2.436104	0.7780984	0.3200518	0.5187837
26610	-424.4777	-580.2972	155.8195	2.436104	0.5924781	0.316658	0.5379919
26616	-438.2395	-593.8661	155.6266	2.554924	0.5924781	0.3501342	0.5457362
26622	-428.3532	-583.5924	155.2392	2.698252	0.7738294	0.3501342	0.4429826
26628	-438.398	-593.6724	155.2745	2.512673	0.8836517	0.3501342	0.3857006
26634	-426.8418	-582.7523	155.9105	2.350719	0.5374895	0.3501342	0.4402537
26640	-441.1045	-598.4419	157.3373	2.204524	0.3493975	0.04699512	0.6654119
26646	-444.0096	-600.4645	156.4549	1.903122	0.2925228	0.3517749	1.066211
26652	-436.4948	-592.0525	155.5577	1.776583	0.7571141	0.3858621	1.228239
26658	-434.2355	-590.2697	156.0342	1.790006	0.7571141	0.292505	0.9617029
26664	-432.1007	-587.3863	155.2856	2.177466	1.244852	0.3188098	0.7214893
26670	-432.0072	-587.3303	155.3231	2.065398	1.244852	0.3188098	0.8270175
26676	-434.1107	-590.4783	156.3676	2.051835	0.6996065	0.1370923	0.8860408
26682	-424.2604	-581.1965	156.9362	1.84957	0.4150634	0.1001196	1.108472
26688	-438.4721	-594.2204	155.7483	1.788528	0.8332725	0.3121111	1.108472
26694	-444.0728	-601.3794	157.3066	2.020286	0.2818982	0.1235425	0.707673
26700	-435.7489	-592.1679	156.419	2.194133	0.7399139	0.1235425	0.4477651
26706	-435.1599	-591.7744	156.6145	2.14489	0.7399139	0.08956342	0.4929882
26712	-432.9572	-589.9231	156.966	2.450036	0.3317727	0.08369593	0.3854534
26718	-423.3511	-579.2683	155.9172	2.532263	0.5937195	0.224478	0.3753715
26724	-427.9596	-584.3794	156.4198	2.619088	0.5937195	0.05563686	0.3269911
26730	-450.9332	-606.7752	155.842	2.376294	1.301442	0.08482184	0.485773
26736	-434.4862	-591.3764	156.8901	2.266808	0.3663965	0.1268828	0.6493413
26742	-439.3112	-595.8607	156.5495	1.999933	0.6449976	0.1374946	0.8152878
26748	-437.6607	-594.0292	156.3686	1.957437	0.6449976	0.2040682	0.8216366
26754	-431.4518	-587.2889	155.8371	1.880745	0.3798589	0.5496001	1.153691
26760	-420.4315	-576.0982	155.6667	2.152458	0.6370587	0.4303039	0.8198627
26766	-428.3942	-585.0927	156.6985	2.387937	0.4646367	0.0989256	0.3782187
26772	-428.6973	-584.5812	155.884	2.387937	1.057384	0.1237636	0.5086785
26778	-435.3585	-590.9531	155.5946	2.59448	1.107504	0.1331499	0.5086785
26784	-436.6939	-591.7715	155.0776	2.974546	1.107504	0.1331499	0.2817474
26790	-435.1177	-590.1182	155.0004	2.856266	1.230173	0.1331499	0.2357171
26796	-440.9197	-596.1324	155.2126	2.567152	1.230173	0.154623	0.2357171
26802	-441.599	-597.0079	155.4089	2.866292	0.9504708	0.07459455	0.2009999
26808	-437.9914	-594.148	156.1567	3.032035	0.2893234	0.09310107	0.2009999
26814	-437.5964	-593.9075	156.3111	3.013235	0.3495701	0.03979418	0.2062975
26820	-440.1268	-596.3849	156.2581	2.64779	0.72011	0.03979418	0.2945559
26826	-434.4657	-589.2006	154.7349	2.812834	1.193992	0.2831773	0.2945559
26832	-438.2153	-592.6681	154.4528	3.020806	1.193992	0.2654607	0.2301643
26838	-443.0976	-598.7205	155.6229	2.476425	0.5901655	0.3884777	0.5799515
26844	-426.9517	-583.7428	156.791	2.346923	0.5510675	0.06173831	0.5867391
26850	-434.1015	-590.979	156.8775	2.253231	0.5491953	0.06173831	0.6167395
26856	-447.3152	-603.8784	156.5632	2.2728	0.7826491	0.06173831	0.5284097
26862	-442.8863	-598.7767	155.8904	2.268268	1.191365	0.1147485	0.6229875
26868	-438.4019	-594.528	156.1261	2.297562	1.191365	0.06119176	0.4949148
26874	-447.7046	-603.5983	155.8937	2.07167	1.816956	0.04428502	0.7275622
26880	-438.7899	-594.2351	155.4452	2.423274	1.228679	0.1961605	0.4686426
26886	-448.9292	-604.6771	155.7479	2.416431	1.191172	0.1198991	0.4903697
26892	-439.6115	-596.0618	156.4504	2.226053	0.6764694	0.1198991	0.6520462
26898	-439.2073	-595.6809	156.4736	1.846139	0.7394378	0.1415343	0.9226381
26904	-436.7598	-592.7494	155.9896	1.502373	0.6008593	0.1694482	1.68194
26910	-434.0429	-590.8746	156.8317	1.655666	0.6008593	0.06035729	1.260507
26916	-436.2458	-592.7133	156.4675	1.923406	0.6008593	0.1582201	0.9823797
26922	-434.9563	-591.2631	156.3067	2.146509	0.6008593	0.1893957	0.7947386
26928	-430.8199	-587.4812	156.6613	2.069382	0.6190956	0.1333228	0.5816811
26934	-429.8735	-587.3077	157.4343	2.153239	0.2420584	0.09809274	0.5816811
26940	-429.4728	-586.9553	157.4825	2.104966	0.2420584	0.09809274	0.5816811
26946	-430.8503	-586.9989	156.1487	2.271552	0.573012	0.252327	0.6134545
26952	-438.6945	-595.9766	157.2822	2.156509	0.2687041	0.1202642	0.5269762
26958	-437.844	-594.2088	156.3648	2.259724	0.4107009	0.2882626	0.5269762
26964	-431.5987	-587.9585	156.3598	2.259724	0.4107009	0.2882626	0.5587727
26970	-430.6556	-585.777	155.1214	2.491604	0.8810584	0.4521303	0.5784486
26976	-446.5979	-602.2678	155.6698	2.233579	0.8687965	0.3175991	0.5307567
26982	-438.3322	-593.3864	155.0542	2.145114	1.170978	0.4621663	0.7887745
26988	-436.6162	-592.1938	155.5776	2.182021	1.035352	0.3049328	0.5267458
26994	-443.8366	-600.3674	156.5308	2.271818	0.5883288	0.1264207	0.4302788
27000	-436.1054	-592.4904	156.3851	2.167388	0.6380423	0.1805344	0.4712652
27006	-444.6429	-600.9333	156.2904	2.030589	0.6230474	0.1805344	0.9458608
27012	-439.3229	-595.5421	156.2192	1.542637	1.008127	0.09339794	1.330896
27018	-434.6265	-591.6804	157.0539	1.849565	0.4678724	0.1259158	0.7638356
27024	-430.4135	-586.018	155.6044	2.442165	0.9625251	0.2209758	0.481025
27030	-434.5739	-590.0184	155.4445	2.442165	0.9625251	0.2811929	0.4599164
27036	-437.5462	-592.8986	155.3524	2.532395	0.9625251	0.2811929	0.4502902
27042	-427.3949	-583.4874	156.0925	2.271791	0.8086172	0.1609992	0.6473729
27048	-442.7136	-598.2905	155.5769	2.306011	1.244422	0.1609992	0.7375276
27054	-434.1586	-590.2352	156.0767	2.221588	0.6514801	0.2044967	0.843603
27060	-433.6566	-589.3323	155.6757	2.101999	0.6514801	0.440264	0.8242486
27066	-430.189	-586.1624	155.9734	2.039702	0.6514801	0.3471123	0.7509529
27072	-437.9187	-593.1776	155.2589	1.725685	0.6514801	0.4774282	1.481273
27078	-429.9984	-585.208	155.2096	1.745952	1.037333	0.4564089	1.178482
27084	-434.601	-590.0088	155.4079	1.941934	1.160629	0.3212468	0.9491726
27090	-440.5235	-594.9987	154.4752	1.600359	1.160629	0.3212468	1.944983
27096	-434.4116	-591.5935	157.182	1.568529	0.4702514	0.08578963	1.10711
27102	-427.3355	-583.442	156.1066	1.788877	0.5678645	0.2704095	1.186607
27108	-424.8845	-581.0286	156.1441	2.159338	0.5678645	0.2704095	0.7595367
27114	-441.027	-596.052	155.0251	2.365358	1.599374	0.2664394	0.4793897
27120	-435.937	-591.0417	155.1047	2.490816	1.599374	0.1905241	0.4463559
27126	-433.114	-588.1777	155.0637	2.591346	1.508454	0.1905241	0.4275556
27132	-438.9889	-595.1875	156.1986	2.376905	0.5992966	0.1905241	0.4649264
27138	-437.5696	-594.0959	156.5264	2.428982	0.4757388	0.1320922	0.4179405
27144	-444.9837	-602.0825	157.0988	2.558471	0.2086874	0.1002254	0.6233672
27150	-440.5146	-597.5777	157.0632	2.384254	0.2606281	0.1217143	0.4417092
27156	-448.3554	-605.5235	157.1681	2.148202	0.2688074	0.1489084	0.5990105
27162	-445.1534	-600.8855	155.7321	2.016059	1.263362	0.1489084	0.9379528
27168	-439.6868	-596.0826	156.3958	1.971179	0.5593222	0.2081557	0.9064675
27174	-432.9645	-588.7834	155.8189	2.066936	0.5593222	0.4328214	0.8713669
27180	-439.8246	-595.5222	155.6976	1.979899	0.5593222	0.4328214	1.085367
27186	-451.4023	-608.5581	157.1558	1.747885	0.3386229	0.09775728	1.149554
27192	-438.3504	-595.161	156.8107	1.739578	0.3851678	0.1899473	1.080758
27198	-445.6176	-602.193	156.5754	1.749035	0.5701808	0.1613458	1.080758
27204	-443.5587	-599.4092	155.8505	1.928314	1.160746	0.1390639	1.032847
27210	-445.371	-602.0776	156.7066	1.658856	0.6501076	0.09238666	1.178145
27216	-445.9499	-603.5677	157.6178	2.020104	0.2268376	0.04225833	0.960012
27222	-440.7758	-598.5296	157.7538	1.649243	0.2139886	0.08967617	1.003892
27228	-441.8898	-599.6358	157.746	1.63579	0.2139886	0.08967617	1.024855
27234	-440.7368	-597.8351	157.0983	1.593151	0.4626044	0.08967617	1.156379
27240	-445.862	-602.5939	156.7319	1.623934	0.4842738	0.09996111	1.366916
27246	-446.211	-603.3415	157.1305	1.544456	0.409376	0.04254808	1.433877
27252	-431.6362	-589.1289	157.4927	1.804521	0.3464845	0.04254808	1.011117
27258	-424.6673	-581.038	156.3707	1.755487	0.7859955	0.08805999	1.249994
27264	-440.5635	-595.9521	155.3885	1.632854	0.7888699	0.1954852	1.781593
27270	-452.2585	-607.4165	155.1581	1.518947	1.406369	0.1464652	1.725037
27276	-440.4573	-595.9476	155.4904	1.518947	1.406369	0.1603682	1.446882
27282	-436.1853	-592.0348	155.8494	1.752683	0.6019295	0.2090507	1.511512
27288	-433.3839	-589.1743	155.7904	1.652731	0.6304702	0.2090507	1.598694
27294	-440.0299	-597.5059	157.476	1.723408	0.2152269	0.07404442	1.248857
27300	-444.5549	-602.195	157.6401	1.525495	0.2306067	0.04062761	1.374404
27306	-439.5174	-595.8043	156.2868	1.788507	0.7129647	0.1451888	1.176612
27312	-440.6975	-597.3176	156.6201	2.018591	0.5144283	0.1451888	0.9082154
27318	-437.5982	-593.1951	155.5969	1.92636	1.506911	0.1451888	0.9875379
27324	-442.873	-599.4888	156.6158	2.109605	0.5815742	0.1065806	0.8588204
27330	-443.5612	-600.2106	156.6493	2.118438	0.4754686	0.1818484	0.6385168
27336	-457.1828	-613.0302	155.8474	2.170899	0.6901137	0.349781	0.6385168
27342	-452.4914	-607.7992	155.3079	2.170899	1.381213	0.2809862	0.6502828
27348	-453.9024	-610.2297	156.3273	2.235158	0.4520335	0.2809862	0.5533424
27354	-446.0663	-602.478	156.4117	2.32847	0.6537639	0.1213003	0.5062156
27360	-450.6221	-605.9733	155.3512	2.505916	1.452527	0.1213003	0.3168157
27366	-452.5172	-608.0195	155.5023	2.431552	1.452527	0.1213003	0.5855629
27372	-440.4024	-594.8699	154.4676	2.755328	3.106054	0.04511876	0.2643071
27378	-438.0878	-592.576	154.4882	2.755328	3.298824	0.04511876	0.3377966
27384	-429.005	-583.2434	154.2384	2.552721	4.057695	0.07144923	0.2961961
27390	-442.5605	-597.0579	154.4974	2.470311	4.057695	0.04057909	0.3150857
27396	-435.3299	-589.45	154.1201	2.768129	4.215263	0.04057909	0.2934893
27402	-431.5322	-586.5776	155.0454	2.754778	1.613874	0.09890572	0.2922155
27408	-435.6409	-590.6846	155.0437	2.786239	0.666876	0.4651926	0.3849985
27414	-432.8612	-588.3209	155.4597	2.540129	0.9448398	0.2334256	0.3849985
27420	-432.9275	-587.7528	154.8253	2.932857	0.9448398	0.3030352	0.3096517
27426	-434.485	-589.1857	154.7006	2.97771	0.9448398	0.3030352	0.2576807
27432	-433.8595	-589.7736	155.9141	2.502375	0.8242209	0.1502448	0.4615975
27438	-429.0728	-585.5215	156.4487	2.411901	0.4949056	0.1502448	0.5810774
27444	-432.9994	-588.5801	155.5807	2.250265	0.9768789	0.2925392	0.5984936
27450	-446.7456	-602.3463	155.6007	2.361962	1.022388	0.144263	0.9595042
27456	-437.8352	-593.6654	155.8302	2.112359	0.7606926	0.1470788	1.233256
27462	-433.9094	-589.4379	155.5285	1.886593	1.649623	0.1342806	1.034081
27468	-443.1128	-599.1893	156.0765	1.888095	1.108969	0.1342806	0.907697
27474	-450.739	-606.8018	156.0628	2.195037	1.108969	0.09375549	0.7410114
27480	-428.4625	-584.024	155.5615	2.306728	1.719699	0.09438483	0.4743917
27486	-428.8777	-584.5035	155.6257	2.306728	1.593465	0.09438483	0.4003244
27492	-427.3211	-582.5303	155.2092	2.395836	1.630034	0.1700486	0.3710647
27498	-442.0252	-597.8829	155.8577	2.294605	1.115799	0.140263	0.461543
27504	-440.0323	-596.2008	156.1685	2.486875	0.6623091	0.140263	0.4695332
27510	-437.2834	-593.6797	156.3963	2.235758	0.6623091	0.1467716	0.4695332
27516	-433.7238	-589.9396	156.2158	2.203969	0.9185754	0.1178319	0.593628
27522	-443.983	-599.4595	155.4765	2.311095	0.9185754	0.3454047	0.5382194
27528	-434.663	-590.7079	156.0449	2.069922	0.9185754	0.1379203	0.9351586
27534	-447.7788	-602.9886	155.2099	2.069187	0.9185754	0.5353162	0.8453913
27540	-444.6069	-599.6644	155.0574	2.676492	1.035293	0.271152	0.7696116
27546	-437.5143	-593.1998	155.6855	2.548702	0.7312672	0.2450626	0.5745483
27552	-443.2698	-598.7652	155.4954	2.400147	1.047309	0.2450626	0.4728185
27558	-449.0734	-604.7572	155.6837	2.120969	1.047309	0.2450626	0.7467457
27564	-436.4019	-591.5969	155.195	2.717207	1.083155	0.2267911	0.4893565
27570	-439.2896	-595.0173	155.7277	2.447799	1.096261	0.1289185	0.6550993
27576	-429.3835	-585.485	156.1015	2.213375	1.096261	0.09532858	0.6476614
27582	-451.5841	-608.2387	156.6546	2.305405	0.6863209	0.06127383	0.4788486
27588	-436.9175	-594.319	157.4015	2.255694	0.2845971	0.06127383	0.5479492
27594	-446.2123	-603.1271	156.9149	2.378265	0.5152341	0.04469921	0.4950698
27600	-444.5839	-602.1947	157.6108	2.279909	0.2144114	0.05222516	0.4950698
27606	-440.6444	-597.5032	156.8588	2.376344	0.4623224	0.06541462	0.6631647
27612	-430.5166	-587.0793	156.5627	2.274034	0.4623224	0.1704045	0.6151917
27618	-433.4209	-589.7848	156.364	2.192926	0.6136394	0.1704045	0.7014299
27624	-445.89	-602.0228	156.1328	2.450598	0.6688957	0.1581938	0.5320266
27630	-454.5383	-610.1724	155.6341	2.501606	0.5453829	0.4050392	0.5772592
27636	-452.9842	-609.2213	156.2372	1.845762	0.3876542	0.4050392	1.031341
27642	-444.9822	-600.7383	155.7561	2.50788	0.7736234	0.2181686	0.4711074
27648	-444.2878	-600.3131	156.0254	1.992427	0.7106458	0.2971749	0.7907553
27654	-459.5737	-615.0239	155.4502	2.313155	1.439473	0.1699056	0.607111
27660	-448.5371	-604.8978	156.3607	2.310855	0.7424641	0.07433555	0.8315334
27666	-440.7707	-596.0545	155.2838	1.789637	2.484573	0.1666842	0.7398567
27672	-448.1181	-604.6473	156.5292	2.173128	0.6002545	0.1492008	0.5744361
27678	-430.5705	-586.2554	155.6848	2.381324	0.6002545	0.4025244	0.5376406
27684	-433.5501	-589.7136	156.1635	1.871394	1.333296	0.09152852	0.7974188
27690	-449.5967	-605.8398	156.2431	1.976807	1.135438	0.09152852	0.7753685
27696	-441.8792	-597.5603	155.6811	1.667251	0.7632817	0.2169095	1.524006
27702	-444.4532	-600.3639	155.9107	1.807372	0.878765	0.2169095	1.116778
27708	-444.4393	-600.6423	156.203	1.418126	0.878765	0.1054609	1.504564
27714	-437.3404	-592.7671	155.4267	1.565625	0.7550126	0.2947924	1.644423
27720	-438.4965	-594.51	156.0135	2.06691	1.117973	0.1104152	0.8717698
27726	-435.2988	-590.5381	155.2393	2.235385	1.634101	0.1990733	0.7227328
27732	-438.3849	-593.3985	155.0137	2.037323	2.101285	0.1772859	0.9706616
27738	-436.7031	-591.1425	154.4395	1.901361	3.983784	0.0495266	1.343804
27744	-452.1767	-606.8922	154.7154	1.470772	1.33661	0.0495266	2.363673
27750	-447.1282	-602.3013	155.173	1.407967	1.083112	0.0495266	2.252109
27756	-448.9042	-604.5137	155.6096	1.537963	1.926652	0.08842016	1.278059
27762	-450.765	-605.858	155.093	1.895944	2.086003	0.1570981	1.103572
27768	-453.7222	-610.4381	156.7159	1.470147	0.5595967	0.05011547	1.580586
27774	-440.0461	-596.1485	156.1024	1.835887	1.070959	0.05011547	1.304837
27780	-448.7716	-605.3857	156.6141	1.655017	0.6388935	0.03751655	1.479446
27786	-454.4745	-610.4982	156.0237	1.920073	1.026657	0.1233235	1.051637
27792	-457.9577	-614.8265	156.8688	2.01695	0.7534697	0.04028164	0.7494601
27798	-467.8868	-624.3115	156.4247	1.989177	1.241153	0.04028164	0.7129887
27804	-458.6058	-613.6588	155.053	1.745096	2.0082	0.1341142	1.37069
27810	-460.2672	-615.9502	155.6829	1.462989	1.422829	0.1009223	1.503729
27816	-446.7213	-601.6169	154.8956	1.544658	1.039165	0.2198835	1.946291
27822	-439.2836	-594.4891	155.2055	1.791297	1.444801	0.2364058	1.251092
27828	-434.2709	-589.0733	154.8025	1.610682	0.9981551	0.2364058	1.961017
27834	-428.8492	-582.9297	154.0805	1.63093	1.432676	0.2364058	2.174847
27840	-434.1211	-589.0159	154.8948	1.435567	0.8931244	0.3076778	1.971199
27846	-434.6411	-589.1749	154.5339	1.24604	0.8931244	0.1523308	2.602372
27852	-429.0339	-585.2464	156.2125	1.745329	0.8931244	0.07386608	1.34067
27858	-440.9336	-595.266	154.3325	1.713721	2.142942	0.1817466	1.748619
27864	-437.7262	-592.6946	154.9684	1.698119	3.305328	0.04538486	1.297105
27870	-449.3024	-600.4025	151.1001	1.671194	43.29403	0.004846354	0.9408552
27876	-450.256	-601.7628	151.5067	1.594802	37.16416	0.005726548	0.9570323
27882	-451.3314	-602.5478	151.2163	1.530023	37.16416	0.00598006	1.290127
27888	-463.0968	-614.1985	151.1017	1.629335	41.49977	0.02352555	1.250958
27894	-444.0436	-595.325	151.2813	1.455542	42.3792	0.02872116	1.196979
27900	-451.1395	-601.3073	150.1678	1.612873	62.77162	0.005146782	1.196979
