Iteration	Posterior	Likelihood	Prior	rate_log_sd	rate_loss	rate_neo	tree_length
0	-438.6334	-594.8147	156.1812	2.818964	0.4326009	0.1220061	0.3211399
6	-438.9868	-594.5158	155.5289	2.809103	0.5134274	0.315938	0.3661682
12	-436.862	-592.8331	155.9711	2.63372	0.3809811	0.315938	0.4194869
18	-447.0089	-602.9435	155.9346	2.386391	0.9369972	0.1426218	0.5283951
24	-439.325	-595.378	156.0529	1.952418	0.9942756	0.06480018	1.251369
30	-435.7188	-593	157.2812	1.952418	0.3702357	0.06480018	0.9104399
36	-444.8237	-600.3655	155.5418	2.021975	0.9429852	0.07993554	1.578731
42	-446.9094	-602.44	155.5306	2.320227	0.9429852	0.07330237	1.385313
48	-446.8446	-602.3148	155.4701	1.929116	0.9429852	0.1803919	1.414858
54	-446.6973	-601.3219	154.6246	1.686895	1.350322	0.4087585	1.540713
60	-429.9331	-585.4908	155.5577	1.714253	0.8460925	0.3134899	1.319026
66	-439.1124	-594.7253	155.613	2.144295	1.347649	0.1901946	0.6400624
72	-436.0429	-592.3805	156.3376	2.027167	0.7929491	0.1570185	0.7076288
78	-442.2358	-598.124	155.8882	1.988821	0.9867269	0.2746304	0.5483788
84	-431.7033	-586.9349	155.2317	2.329069	1.33949	0.2746304	0.5483788
90	-432.8804	-587.7391	154.8587	2.395952	2.08451	0.1981714	0.4087664
96	-430.6816	-585.932	155.2504	2.533669	2.08451	0.0576439	0.3804563
102	-437.0395	-592.3615	155.322	2.278307	2.08451	0.1049267	0.5267435
108	-432.8939	-587.8277	154.9339	2.418488	2.08451	0.1729213	0.4911074
114	-433.7141	-588.4802	154.7661	2.658285	1.186808	0.3926958	0.4302527
120	-434.0309	-589.4988	155.4679	2.21198	1.186808	0.2649627	0.6494166
126	-428.6016	-585.5071	156.9055	1.891533	0.5113389	0.1379727	0.7466105
132	-430.0373	-586.4693	156.432	1.793853	0.5113389	0.1266699	1.349172
138	-438.9296	-595.3943	156.4648	1.903527	0.562503	0.1021426	1.247748
144	-444.0781	-599.0746	154.9965	1.970107	1.128786	0.1021426	1.804593
150	-445.2107	-600.6815	155.4709	1.637113	1.128786	0.2108339	1.428605
156	-447.0455	-602.5305	155.485	1.577303	0.7711072	0.2536943	1.652928
162	-445.0341	-600.9764	155.9423	1.593357	0.7711072	0.2536943	1.29372
168	-460.6992	-616.0846	155.3854	1.44722	0.4181935	0.3564167	2.009104
174	-465.5749	-620.9325	155.3576	1.627415	1.731808	0.04241405	1.663189
180	-451.3645	-606.9289	155.5644	1.710339	2.131858	0.0369392	1.279748
186	-457.077	-612.3196	155.2425	1.870558	2.355097	0.05247114	1.250794
192	-446.3752	-600.4432	154.068	1.713075	6.13958	0.03822098	1.352093
198	-443.6121	-597.6273	154.0152	1.662409	8.337695	0.02671473	1.095009
204	-436.9568	-590.8818	153.925	1.955213	8.576332	0.03229775	0.8102703
210	-420.1501	-574.668	154.5179	2.01182	5.832691	0.02356144	0.7502351
216	-427.6737	-582.2051	154.5314	2.069043	5.832691	0.02752182	0.5785842
222	-425.4254	-579.7202	154.2948	2.216127	5.832691	0.04684066	0.5785842
228	-424.9998	-579.4129	154.413	2.123003	5.832691	0.04279131	0.5581742
234	-437.0462	-591.2064	154.1601	2.338689	5.832691	0.04674332	0.398762
240	-436.642	-590.7713	154.1292	2.453295	5.832691	0.03431766	0.4840021
246	-442.8277	-596.8617	154.034	2.343618	6.831635	0.01774235	0.6168401
252	-447.5373	-601.5425	154.0052	2.356739	6.831635	0.02970753	0.5751441
258	-438.9355	-593.0941	154.1586	2.224384	6.831635	0.01719452	0.6008022
264	-432.4469	-587.6833	155.2364	2.04293	3.326986	0.04570466	0.6008022
270	-450.535	-605.3327	154.7977	2.27566	4.119366	0.02932948	0.598709
276	-434.4449	-588.9753	154.5303	2.464887	4.387461	0.02731885	0.598709
282	-446.8468	-601.4949	154.6481	2.062243	4.387461	0.02563753	1.0011
288	-443.8203	-597.4796	153.6593	1.974184	9.252669	0.02563753	0.9862338
294	-435.8387	-589.7055	153.8667	1.931161	9.252669	0.03120513	0.768918
300	-441.5686	-595.3057	153.7371	2.120261	9.641691	0.02704382	0.5109179
306	-442.4703	-596.0809	153.6105	2.183276	9.641691	0.03704902	0.4050828
312	-433.8363	-586.9956	153.1593	2.621827	9.641691	0.02529518	0.3235558
318	-437.3159	-590.5789	153.263	2.590685	9.264199	0.02133025	0.3235558
324	-441.5762	-594.3329	152.7567	2.569186	13.47445	0.02133025	0.4344832
330	-441.7813	-595.8888	154.1075	2.43421	5.908703	0.03715698	0.4344832
336	-438.26	-593.0667	154.8066	2.43421	3.182356	0.06214642	0.384005
342	-444.4757	-599.7922	155.3165	2.32356	2.363703	0.06214642	0.5525009
348	-449.8727	-604.3761	154.5034	1.914424	2.790748	0.3646739	0.7435199
354	-434.9098	-590.5172	155.6074	2.251755	1.703656	0.09036665	0.6522594
360	-437.578	-593.4384	155.8604	1.998748	1.703656	0.09036665	0.6522594
366	-443.1159	-599.9681	156.8522	2.024908	0.4596899	0.1547402	0.6548109
372	-451.54	-606.6377	155.0978	2.178968	2.260354	0.1547402	0.6548109
378	-453.9683	-609.2188	155.2505	2.251867	2.518366	0.07537468	0.5298639
384	-461.1601	-617.7199	156.5598	2.266217	0.7632098	0.06289655	0.6312161
390	-456.1015	-612.7952	156.6936	2.237532	0.7632098	0.04720417	0.4660839
396	-440.7654	-597.2216	156.4562	2.163285	0.9891153	0.0535104	0.6379686
402	-437.5603	-594.7643	157.204	2.084121	0.3720144	0.07549336	0.7757002
408	-441.2231	-596.5427	155.3196	2.084121	1.384847	0.2974516	0.7122426
414	-438.7872	-593.987	155.1998	2.322024	1.384847	0.265374	0.6338308
420	-439.0158	-595.2978	156.282	2.011662	0.9516971	0.1037209	0.8436932
426	-438.0515	-594.1115	156.06	1.662831	0.8690826	0.1775641	1.225533
432	-438.4468	-594.1167	155.6699	1.955048	1.202924	0.1775641	1.018561
438	-439.4057	-595.038	155.6323	2.213159	1.202924	0.2038271	0.618593
444	-437.1598	-593.6162	156.4565	1.757847	0.6052896	0.2234626	0.9504658
450	-430.7894	-586.4004	155.611	1.715975	1.160869	0.2234626	1.19903
456	-431.1797	-587.7876	156.6079	1.862649	0.3746143	0.243115	1.032168
462	-432.7656	-589.8914	157.1258	1.927803	0.4626815	0.08637026	0.79567
468	-439.6211	-597.7704	158.1493	1.866742	0.1503503	0.04233131	0.79567
474	-427.2678	-585.1852	157.9174	1.993752	0.1890069	0.04233131	0.764962
480	-428.4738	-586.0901	157.6163	1.79527	0.2070767	0.04878681	1.194127
486	-441.7343	-599.087	157.3526	1.927117	0.3914701	0.06401504	0.8091705
492	-453.6721	-610.8112	157.1391	1.980315	0.5236986	0.04988388	0.8054826
498	-441.4409	-597.5902	156.1493	1.941884	1.341966	0.1005384	0.6226592
504	-431.3394	-587.9292	156.5898	1.99074	0.5973861	0.1640205	0.7357826
510	-444.6667	-600.482	155.8154	2.122491	1.327927	0.1441024	0.609941
516	-446.3572	-601.976	155.6187	2.324275	1.316751	0.1441024	0.3963612
522	-437.3177	-592.3544	155.0367	2.715207	2.223284	0.04385398	0.3478286
528	-444.894	-600.1578	155.2638	2.150785	2.497509	0.09721966	0.5291136
534	-441.2044	-596.9038	155.6994	2.168846	1.457592	0.1313566	0.6476442
540	-443.2288	-597.0453	153.8165	1.916261	7.625617	0.09786568	0.8301996
546	-438.737	-592.4875	153.7506	1.953646	7.625617	0.09786568	0.8650065
552	-436.2017	-591.6907	155.489	2.125095	1.518369	0.1840796	0.7032408
558	-439.4074	-596.3695	156.962	2.079913	0.3149663	0.1840796	0.7032408
564	-439.4639	-596.0815	156.6176	1.84428	0.5238518	0.1403099	1.088196
570	-439.1454	-595.9522	156.8068	1.856011	0.6740681	0.06144102	1.006675
576	-441.0223	-599.2243	158.202	1.511716	0.1552232	0.06144102	1.009898
582	-429.7191	-587.0905	157.3714	1.570704	0.3593718	0.0729512	1.175528
588	-438.2081	-594.4651	156.257	1.675116	1.245421	0.0729512	1.078422
594	-433.1131	-588.6649	155.5518	1.491298	1.41544	0.0729512	1.674337
600	-429.9545	-585.4857	155.5312	1.529066	0.7540294	0.1107071	1.985546
606	-434.8411	-590.102	155.2608	1.293212	0.8682497	0.2081555	2.011414
612	-426.7332	-582.9125	156.1793	1.341124	0.6209692	0.2081555	1.553838
618	-430.8944	-587.9666	157.0721	1.660688	0.6209692	0.06430025	0.9958046
624	-433.4912	-590.9896	157.4984	1.943563	0.2159011	0.06677768	1.063775
630	-443.5885	-600.551	156.9626	1.654527	0.4273305	0.1081649	1.207278
636	-456.5162	-612.1255	155.6093	1.720196	0.6230786	0.4193492	1.324513
642	-451.7046	-606.6763	154.9717	1.668914	1.143131	0.209863	1.762084
648	-438.8345	-595.0652	156.2306	2.076288	0.9351975	0.1008393	0.8631652
654	-440.6821	-595.9836	155.3015	2.156885	0.9351975	0.4526001	0.7679677
660	-435.407	-592.0462	156.6392	2.017914	0.7140672	0.1009115	0.7369664
666	-426.1558	-581.8901	155.7343	2.287146	0.8555922	0.2669551	0.6028443
672	-438.7909	-594.6017	155.8108	2.181319	0.8555922	0.2669551	0.6713175
678	-432.1157	-588.0593	155.9437	2.12038	1.315246	0.08875462	0.7943311
684	-428.3635	-584.5006	156.1371	2.095806	0.5341265	0.3386494	0.7039918
690	-424.758	-580.5225	155.7645	1.941464	1.150597	0.2343777	0.7913463
696	-428.8585	-585.4832	156.6247	1.790094	0.6094805	0.1023286	1.147499
702	-440.541	-596.5164	155.9755	1.945777	0.8701286	0.1728781	1.06141
708	-442.3894	-598.3851	155.9958	1.971063	1.214696	0.118495	0.8660038
714	-449.4648	-605.0605	155.5956	1.861086	1.67413	0.06263066	1.255532
720	-438.3228	-594.3342	156.0114	1.595068	0.8679033	0.06263066	1.6659
726	-437.6183	-593.8678	156.2495	1.709447	0.8679033	0.07595283	1.354029
732	-443.7047	-599.9752	156.2705	1.746875	0.4571382	0.1912932	1.411632
738	-435.8045	-591.4415	155.637	1.853988	0.8951117	0.1690761	1.411632
744	-435.2523	-590.3906	155.1384	1.655292	0.8951117	0.2442734	1.759826
750	-443.6921	-598.725	155.0329	1.606254	0.8951117	0.1173221	2.138348
756	-437.9714	-593.7384	155.767	1.638976	0.6314104	0.1173221	1.84253
762	-432.4199	-587.8182	155.3983	1.820386	1.066895	0.2355518	1.332737
768	-428.1843	-583.8351	155.6507	1.795897	0.7966757	0.2355518	1.378815
774	-429.2485	-584.6326	155.3841	1.787868	1.102874	0.2402752	1.332862
780	-440.3381	-596.1805	155.8424	1.622272	0.7411814	0.1852881	1.527891
786	-432.9004	-588.1469	155.2464	1.695562	1.155727	0.2319921	1.491
792	-436.714	-592.4877	155.7738	1.708818	0.7984632	0.2319921	1.356472
798	-432.3926	-587.5715	155.1789	1.725543	0.572174	0.5411754	1.548284
804	-438.5912	-593.888	155.2967	1.644465	0.5870112	0.4277629	1.645359
810	-441.6945	-597.4967	155.8022	1.656404	0.6230364	0.3753765	1.288935
816	-430.2759	-586.0056	155.7297	1.727774	0.6513609	0.2594921	1.464504
822	-443.6799	-599.4385	155.7586	1.88349	0.6513609	0.2817719	1.275314
828	-448.0537	-603.7988	155.7451	1.566343	0.6513609	0.2817719	1.532496
834	-446.0973	-601.5665	155.4692	1.724197	1.628323	0.1111278	1.318665
840	-444.8421	-600.4737	155.6316	1.584825	0.8108677	0.1111278	1.83234
846	-444.0026	-599.1998	155.1972	1.71117	0.8108677	0.2248067	1.782854
852	-436.1626	-591.8282	155.6656	1.89422	0.8108677	0.3283643	1.077728
858	-434.4337	-590.522	156.0883	1.746963	0.6831304	0.2848463	1.06215
864	-434.0886	-590.2326	156.144	1.881751	0.8385892	0.1724238	0.99565
870	-429.5179	-585.3958	155.8779	1.985605	0.8385892	0.1724238	1.147952
876	-432.0062	-588.4159	156.4097	1.836643	0.4043221	0.1724238	1.354835
882	-432.9755	-589.3871	156.4116	1.716915	0.5568215	0.08897257	1.488767
888	-432.6494	-588.3362	155.6868	1.484711	1.416769	0.05637227	1.639547
894	-433.1786	-588.3047	155.1261	1.820324	3.247668	0.03024129	1.139499
900	-443.508	-599.537	156.029	1.601624	1.640389	0.08239991	1.038151
906	-433.8408	-589.0798	155.239	1.778078	1.641011	0.1892865	1.229852
912	-441.5373	-596.9207	155.3834	1.600788	1.641011	0.1140132	1.4661
918	-434.5195	-589.69	155.1706	1.676598	1.641011	0.1140132	1.568264
924	-449.3901	-604.3921	155.002	1.773567	1.089216	0.4630194	1.278753
930	-431.686	-587.3149	155.6289	2.09008	1.089216	0.2558607	0.7725931
936	-431.8657	-587.1175	155.2518	1.906531	1.383767	0.2687875	1.076605
942	-430.8173	-586.2472	155.4298	2.153428	1.392146	0.2377867	0.6446882
948	-438.9058	-594.3975	155.4917	2.277476	1.195206	0.2377867	0.5798678
954	-426.5379	-582.7962	156.2583	1.937255	0.4473718	0.3308687	0.9577738
960	-435.4877	-591.8096	156.3218	1.76935	0.7107532	0.1752785	1.073123
966	-437.6506	-593.8865	156.2359	1.612216	0.7107532	0.1752785	1.284612
972	-432.4324	-588.7856	156.3532	1.739763	0.7107532	0.1752785	1.071464
978	-431.2185	-587.8884	156.6699	2.091377	0.4746524	0.1796255	0.6702801
984	-435.9858	-592.0738	156.088	2.212194	0.6828803	0.2256423	0.6925978
990	-443.2009	-599.4746	156.2737	2.121268	0.7205356	0.1809206	0.6717402
996	-443.3162	-599.7609	156.4447	2.035902	0.6124369	0.1836158	0.7581464
1002	-444.9899	-601.2661	156.2762	1.976915	0.6124369	0.2220499	0.9014503
1008	-435.7337	-591.6114	155.8777	2.010222	0.6733313	0.3270233	0.9242199
1014	-438.9383	-595.465	156.5266	1.891264	0.6733313	0.1376519	0.9242199
1020	-431.7802	-588.3108	156.5306	1.872593	0.6342828	0.1376519	0.9953425
1026	-432.3852	-588.519	156.1338	1.912409	0.6342828	0.1742566	1.207543
1032	-439.5573	-594.9041	155.3468	2.349351	0.8963936	0.2848118	0.9467255
1038	-436.9572	-592.105	155.1477	1.93006	0.8963936	0.5172133	1.107345
1044	-440.453	-596.5385	156.0855	2.041547	0.8963936	0.191705	0.7211997
1050	-438.8105	-593.6318	154.8212	2.286434	1.175654	0.5220065	0.7711263
1056	-434.9113	-590.558	155.6467	2.270714	0.9711887	0.2412228	0.7033615
1062	-433.3294	-590.0471	156.7177	2.083605	0.4792605	0.1554861	0.7264394
1068	-446.3772	-601.8575	155.4803	2.099295	0.457547	0.625803	1.043848
1074	-441.1257	-596.9015	155.7758	2.062676	0.5339052	0.3428375	1.136261
1080	-442.9294	-599.0634	156.134	1.551596	1.136156	0.1188696	1.206386
1086	-437.2082	-593.8515	156.6433	1.819547	0.5324676	0.1188696	1.148138
1092	-443.8302	-599.6099	155.7797	1.805219	1.648602	0.1188696	0.9210612
1098	-451.145	-607.0575	155.9125	1.623613	1.502367	0.1188696	1.073935
1104	-444.7659	-601.0529	156.2871	1.540026	1.502367	0.0534365	1.076728
1110	-449.2358	-606.4316	157.1958	2.037571	0.4686364	0.0534365	0.749198
1116	-436.6765	-594.3872	157.7107	2.078328	0.2304215	0.04481197	0.749198
1122	-452.3167	-609.2645	156.9478	2.276239	0.2304215	0.194881	0.6939179
1128	-442.0598	-599.0802	157.0204	2.217547	0.2304215	0.194881	0.6677363
1134	-437.7282	-593.8768	156.1486	2.265328	0.7003328	0.194881	0.5814865
1140	-441.6158	-597.9336	156.3178	2.190898	0.7003328	0.1650595	0.5814865
1146	-438.6258	-595.2983	156.6726	2.143957	0.4270799	0.1966994	0.6173918
1152	-435.7311	-591.8022	156.0711	2.333156	0.6192317	0.235285	0.5950689
1158	-435.6222	-590.6165	154.9943	2.16247	1.682581	0.3070292	0.7277399
1164	-439.1719	-596.0338	156.8619	2.14308	0.361379	0.1699904	0.6701148
1170	-432.9139	-588.8315	155.9176	2.096926	0.7297912	0.3064784	0.7281804
1176	-435.4129	-591.2742	155.8613	2.092613	0.7297912	0.2507129	0.9701564
1182	-437.5854	-593.9406	156.3553	2.45983	0.355481	0.2507129	0.589097
1188	-438.7485	-594.9063	156.1578	2.180378	0.4780849	0.2507129	0.952387
1194	-429.6198	-585.8065	156.1867	2.180378	0.6180653	0.1857786	0.8846772
1200	-433.7073	-589.2898	155.5825	2.24256	1.470901	0.1456669	0.5996151
1206	-442.238	-598.7072	156.4692	2.343617	0.5646605	0.1159428	0.7222679
1212	-432.446	-588.473	156.027	1.892837	0.3741465	0.4804484	1.082734
1218	-426.9576	-583.3104	156.3528	2.107181	0.5416209	0.2103221	0.8209304
1224	-433.02	-589.3766	156.3566	1.948485	1.153913	0.07448917	0.7396042
1230	-438.7582	-596.1242	157.3659	1.893375	0.2502649	0.07448917	1.111902
1236	-434.5771	-592.0594	157.4822	1.44373	0.2502649	0.04356467	1.506516
1242	-428.6937	-585.2496	156.556	1.749103	0.4023855	0.1162951	1.46814
1248	-433.493	-589.8547	156.3617	1.577489	0.4023855	0.2016646	1.523458
1254	-453.2136	-608.8194	155.6058	1.821374	0.5425324	0.5279813	1.187322
1260	-446.9071	-603.087	156.1799	1.947557	0.7706483	0.255752	0.6554943
1266	-439.1572	-595.4306	156.2734	2.106772	0.5568902	0.255752	0.7243287
1272	-441.7973	-596.904	155.1068	2.142517	1.681941	0.255752	0.7762548
1278	-447.2282	-602.3529	155.1248	2.141019	1.65553	0.255752	0.7781615
1284	-439.3324	-595.8791	156.5467	2.175929	0.7413061	0.09639295	0.5534376
1290	-438.9598	-595.72	156.7602	2.006147	0.7413061	0.08514674	0.5784876
1296	-437.9326	-593.9436	156.011	2.169379	1.09284	0.1362017	0.5784876
1302	-438.8236	-594.728	155.9044	1.784843	1.081477	0.2438461	0.8609571
1308	-442.1145	-597.4993	155.3847	1.755821	1.081477	0.2438461	1.366165
1314	-445.2987	-600.6562	155.3575	1.715195	1.752153	0.1335103	1.278705
1320	-439.9631	-595.6449	155.6818	1.83776	1.752153	0.1335103	0.8526782
1326	-435.7377	-592.8097	157.0721	1.769166	0.3002854	0.1335103	1.154508
1332	-440.6286	-597.3637	156.7351	1.74348	0.1829145	0.1255666	1.703186
1338	-452.2817	-608.7216	156.4399	1.770044	0.1829145	0.1753644	1.76915
1344	-429.6888	-585.3929	155.7041	1.767505	0.7790154	0.2391698	1.368106
1350	-432.6249	-588.6452	156.0202	1.587492	0.7790154	0.2391698	1.258132
1356	-446.3089	-602.0418	155.7329	1.634574	0.7790154	0.2667046	1.393695
1362	-445.3011	-600.8903	155.5892	1.682553	0.9460477	0.2542988	1.346805
1368	-447.4602	-603.8565	156.3964	1.947452	0.3992978	0.2542988	1.078516
1374	-442.2503	-597.9544	155.7041	1.988154	0.7382602	0.3934137	0.8956719
1380	-440.1172	-596.169	156.0518	1.99154	0.5546067	0.3934137	0.7744868
1386	-441.116	-597.4316	156.3156	2.176951	0.5546067	0.2092693	0.7527619
1392	-444.2383	-599.861	155.6227	1.469813	1.45718	0.1069979	1.505247
1398	-438.5128	-593.9463	155.4336	1.617048	1.255647	0.1069979	1.653077
1404	-439.8825	-594.5373	154.6548	1.453271	1.824091	0.1069979	2.018033
1410	-435.1023	-589.1319	154.0295	1.289618	1.547272	0.1705382	2.495136
1416	-444.1092	-598.6247	154.5155	1.390475	1.448038	0.04648512	2.495136
1422	-434.7315	-590.093	155.3615	2.297733	1.265166	0.213306	0.7997315
1428	-439.4269	-594.8272	155.4003	2.218357	1.166359	0.1391964	1.174408
1434	-426.5869	-582.4258	155.8389	1.531029	1.056557	0.08002474	1.636607
1440	-428.2956	-584.876	156.5804	1.609554	0.4115912	0.08540502	1.636607
1446	-428.9797	-584.6419	155.6622	1.409096	1.063143	0.08540502	1.824979
1452	-438.2515	-593.5866	155.335	1.272974	0.5601962	0.2476915	2.166103
1458	-447.6915	-603.4823	155.7908	1.379522	0.5601962	0.0830244	2.166103
1464	-441.3508	-598.5095	157.1587	2.127981	0.3265801	0.1097627	0.6931714
1470	-430.6563	-586.9157	156.2594	2.189811	0.7083988	0.1708451	0.6590731
1476	-440.254	-595.3753	155.1214	2.422116	1.76723	0.1708451	0.440082
1482	-431.3341	-586.101	154.7669	2.356889	2.016982	0.2638238	0.4388312
1488	-428.2563	-584.8645	156.6082	2.38539	0.3935089	0.1653021	0.4330894
1494	-425.8547	-581.6636	155.8089	2.518949	0.6812349	0.2371845	0.4676686
1500	-437.7514	-595.0169	157.2656	2.459887	0.2608018	0.04997607	0.3564126
1506	-444.1421	-600.2631	156.1211	2.459887	0.5368461	0.2204217	0.4585704
1512	-448.5066	-604.4565	155.9499	1.945312	0.9674778	0.1953648	0.910748
1518	-453.2306	-608.5219	155.2912	1.942065	1.284756	0.1953648	1.257241
1524	-446.4916	-603.0428	156.5512	1.935718	0.6343791	0.1139037	1.002443
1530	-442.0509	-597.9685	155.9176	1.724154	0.4593917	0.3915994	1.322742
1536	-442.4858	-597.9763	155.4905	1.689857	0.9075738	0.1652735	1.642097
1542	-438.437	-595.0206	156.5836	1.818226	0.5411768	0.09838037	1.260502
1548	-433.6627	-590.54	156.8772	1.951898	0.6081044	0.09838037	0.7088046
1554	-434.5693	-591.3292	156.7599	2.212013	0.4773842	0.1175313	0.6785293
1560	-439.2041	-595.3906	156.1866	2.2678	0.863531	0.1175313	0.6597488
1566	-427.5545	-583.4631	155.9087	2.2678	0.863531	0.1986779	0.6586477
1572	-429.3654	-586.1211	156.7557	2.2992	0.2371028	0.2682037	0.5721862
1578	-438.7692	-594.0756	155.3064	2.151302	1.318933	0.3098395	0.6560908
1584	-451.749	-607.8745	156.1256	2.146072	0.5044764	0.3098395	0.8114849
1590	-451.3911	-607.1717	155.7807	2.114954	0.8590283	0.3098395	0.6509552
1596	-449.966	-605.7127	155.7467	2.161017	0.8590283	0.3098395	0.6228146
1602	-455.3816	-611.321	155.9394	2.077568	0.8590283	0.2681974	0.5953434
1608	-449.699	-605.6169	155.918	2.094585	0.8590283	0.2235177	0.8114981
1614	-440.0127	-595.9341	155.9214	1.691822	0.8590283	0.1499137	1.398056
1620	-444.2488	-600.4189	156.17	1.507925	0.7226438	0.1546531	1.460675
1626	-456.9898	-612.8832	155.8934	1.613348	0.7226438	0.2050201	1.468976
1632	-456.6451	-610.9163	154.2712	2.146381	0.8904512	1.058167	1.11166
1638	-441.6089	-597.3322	155.7233	1.706783	0.9844671	0.2726394	1.142409
1644	-440.1301	-596.1831	156.053	1.827346	0.9844671	0.156467	1.037108
1650	-445.2547	-600.7431	155.4884	1.783098	2.369228	0.05870138	1.078167
1656	-445.8938	-601.493	155.5992	1.781022	1.093145	0.2026641	1.256846
1662	-445.0503	-600.9629	155.9126	1.835355	1.093145	0.1132054	1.206272
1668	-440.8498	-597.2178	156.368	1.79334	1.093145	0.07126493	0.9955716
1674	-442.9226	-598.8231	155.9005	2.112669	0.7594688	0.2555252	0.8492466
1680	-438.3781	-593.9623	155.5841	1.682131	0.8442112	0.3635054	1.236841
1686	-426.933	-582.4636	155.5306	2.019407	1.469543	0.2020933	0.7731876
1692	-429.0841	-585.9518	156.8677	2.176612	0.3961552	0.1215461	0.7743203
1698	-433.3184	-589.3665	156.0481	2.0153	0.4726612	0.4060626	0.8861549
1704	-436.0916	-591.0163	154.9247	1.759289	1.226768	0.4060626	1.337153
1710	-446.5223	-602.9549	156.4326	2.042095	0.4598036	0.3010005	0.6369652
1716	-447.5499	-603.4592	155.9093	2.350777	0.6705206	0.2688729	0.5325894
1722	-433.294	-590.0798	156.7858	2.350777	0.4774735	0.08970602	0.5419778
1728	-423.446	-579.9384	156.4924	2.204327	0.7908455	0.08970602	0.5027948
1734	-426.425	-583.2267	156.8017	2.098794	0.5561237	0.1053947	0.6652905
1740	-440.7631	-598.1558	157.3927	2.038561	0.2724779	0.1053947	0.6925648
1746	-432.9167	-590.4888	157.5721	2.038561	0.2078052	0.1053947	0.6821274
1752	-428.3816	-585.3667	156.9851	2.078989	0.5814163	0.05921465	0.6824799
1758	-432.7567	-589.4408	156.6841	2.238278	0.5125565	0.05921465	0.9956695
1764	-430.941	-588.3359	157.3949	2.151218	0.2672455	0.05921465	0.848636
1770	-428.7053	-584.6445	155.9393	1.78384	0.7232655	0.3507281	0.9756421
1776	-434.765	-590.1858	155.4208	1.939912	1.247278	0.3378832	0.8061277
1782	-439.9452	-594.8715	154.9263	1.96629	2.139113	0.2596198	0.8633378
1788	-432.0772	-587.6344	155.5571	2.02948	2.175533	0.06413096	0.8244815
1794	-432.8737	-588.3159	155.4422	1.751006	2.112872	0.1143028	1.046338
1800	-427.9668	-583.9405	155.9737	1.896052	1.353292	0.1047792	0.9093364
1806	-430.2403	-585.3885	155.1481	1.554438	1.353292	0.1047792	1.847315
1812	-423.6099	-579.6937	156.0839	1.783379	0.8238394	0.0545984	1.541601
1818	-436.1103	-592.2654	156.1551	1.760068	0.7545492	0.1791292	1.171075
1824	-443.5276	-599.217	155.6895	2.108976	1.070468	0.2460482	0.7175631
1830	-432.6913	-588.564	155.8727	1.981349	0.8653285	0.2460482	0.9185504
1836	-432.087	-588.2193	156.1323	1.648523	0.8653285	0.2460482	0.9953513
1842	-433.2	-588.9952	155.7952	1.784128	0.8653285	0.2759405	1.114656
1848	-438.6275	-595.4017	156.7742	1.901692	0.4162088	0.1843205	0.9118368
1854	-449.2891	-604.861	155.5718	2.149997	1.014149	0.09112706	1.365878
1860	-436.4904	-592.0006	155.5101	1.83221	0.9859969	0.4245498	0.9100891
1866	-436.1329	-591.1777	155.0447	1.591605	1.34086	0.4245498	1.271044
1872	-427.9594	-584.2569	156.2976	1.667046	0.6074284	0.1603626	1.3438
1878	-433.7129	-590.0456	156.3327	1.747156	0.5526396	0.1505726	1.3438
1884	-427.5643	-583.3127	155.7485	2.238378	0.7477141	0.3331525	0.6228218
1890	-428.1774	-584.3197	156.1423	1.902794	0.7477141	0.1419107	1.17502
1896	-436.6547	-592.4738	155.8191	2.014092	0.8899861	0.3257461	0.634102
1902	-426.4837	-582.0442	155.5605	2.259666	1.332616	0.1602543	0.7257142
1908	-421.2527	-577.3375	156.0848	2.147366	0.5952443	0.3265548	0.5072848
1914	-416.7444	-573.1268	156.3823	2.208033	0.5508869	0.188709	0.7041483
1920	-435.8182	-592.0158	156.1976	2.470682	0.5411817	0.188709	0.5400089
1926	-424.7401	-580.2387	155.4986	2.319499	0.6687919	0.4286125	0.7667963
1932	-433.3997	-590.0569	156.6572	1.984007	0.5123476	0.1823359	0.7522139
1938	-439.2618	-594.8939	155.6321	2.102138	1.134398	0.2640332	0.6378975
1944	-453.2919	-609.4049	156.1129	1.457801	0.7571339	0.1320193	1.569175
1950	-439.4584	-595.2093	155.751	1.775291	0.7571339	0.1320193	1.601661
1956	-451.4196	-608.0461	156.6265	2.021004	0.4207392	0.1404726	1.080376
1962	-439.712	-596.275	156.5629	2.19592	0.4301468	0.2176764	0.5900435
1968	-428.5733	-585.265	156.6917	2.279886	0.4715315	0.1316776	0.5647453
1974	-440.9467	-597.364	156.4173	2.182614	0.7127041	0.1316776	0.6137727
1980	-449.0372	-605.4184	156.3813	2.310448	0.6284499	0.0644425	1.02535
1986	-445.2249	-601.9927	156.7678	2.247919	0.6284499	0.0644425	0.5682688
1992	-449.0888	-606.1377	157.0489	1.953358	0.6217708	0.05947365	0.6861828
1998	-463.9993	-621.037	157.0376	1.798306	0.5377831	0.03143605	1.165153
2004	-441.7509	-598.6431	156.8922	1.991593	0.8043972	0.03143605	0.720998
2010	-441.3853	-597.8897	156.5044	2.007552	0.4971048	0.1891291	0.9188213
2016	-425.07	-580.6142	155.5442	1.889337	1.108123	0.2450518	1.095039
2022	-425.8945	-583.0191	157.1246	1.783849	0.3700052	0.09560286	1.094365
2028	-438.082	-594.7419	156.6599	1.854921	0.8104247	0.08208747	0.8781614
2034	-457.5702	-613.9928	156.4226	1.98163	0.8104247	0.1008566	0.9100686
2040	-437.2205	-593.8293	156.6088	2.013379	0.8104247	0.0620008	0.8642089
2046	-437.9157	-594.4589	156.5432	1.977625	1.066334	0.04331295	0.7673421
2052	-452.7379	-608.7764	156.0385	1.988876	0.8308765	0.220939	0.842238
2058	-429.8241	-585.7335	155.9093	2.039643	0.8308765	0.220939	0.9321992
2064	-435.6856	-591.4512	155.7656	2.077583	0.8308765	0.3000037	0.8197623
2070	-428.1301	-584.7186	156.5885	1.994627	0.4954861	0.2027234	0.7858828
2076	-441.3006	-596.8407	155.5401	2.11031	1.344957	0.2027234	0.7644056
2082	-438.4487	-595.0123	156.5635	1.899582	0.881475	0.09394204	0.7746037
2088	-437.648	-594.9223	157.2743	1.843271	0.3982867	0.09394204	0.8227957
2094	-441.6029	-598.6721	157.0692	1.602858	0.3982867	0.1129437	1.190499
2100	-443.0104	-598.7292	155.7187	1.481671	0.4143089	0.2098985	2.007338
2106	-428.7507	-585.4844	156.7337	1.633632	0.4369807	0.04914756	1.600532
2112	-430.2041	-587.0705	156.8664	1.500998	0.4369807	0.04914756	1.600532
2118	-446.2422	-602.5297	156.2875	1.498923	0.4369807	0.1218258	1.780876
2124	-451.8484	-608.759	156.9106	1.661201	0.3755519	0.181172	1.103789
2130	-444.5836	-600.8581	156.2745	1.764881	0.355049	0.181172	1.56589
2136	-434.6876	-591.0143	156.3267	1.790526	0.3171854	0.4818281	1.007381
2142	-440.7903	-597.0509	156.2606	2.057789	0.6543641	0.2456196	0.621255
2148	-433.3901	-589.4694	156.0793	2.273893	0.6543641	0.2396563	0.558638
2154	-429.7189	-585.5712	155.8523	2.24268	0.6705493	0.3092206	0.7122919
2160	-432.9053	-588.4724	155.5671	2.173003	0.7731944	0.3627313	0.8614505
2166	-430.5112	-585.4617	154.9505	1.974978	1.583884	0.3937481	0.8817341
2172	-433.2402	-589.1722	155.9321	2.319821	0.4571625	0.4005279	0.6734975
2178	-442.8757	-598.9086	156.0328	2.21906	0.4571625	0.4005279	0.6734975
2184	-435.4312	-590.5814	155.1502	2.272948	1.116147	0.4005279	0.6942716
2190	-444.3452	-599.2898	154.9446	1.845809	1.07135	0.3042611	1.526978
2196	-427.918	-584.6958	156.7778	1.959962	0.3968794	0.1341491	1.059907
2202	-437.9893	-594.4308	156.4415	1.893287	0.7282925	0.1181882	1.012708
2208	-438.6415	-594.6695	156.0279	1.712431	0.7282925	0.1181882	1.509529
2214	-430.9953	-584.8753	153.88	1.637102	0.7282925	0.4982557	2.385157
2220	-436.8512	-592.5378	155.6866	1.478116	0.3910279	0.2212573	2.03915
2226	-433.1378	-586.779	153.6412	1.605768	0.7689987	1.124405	2.03915
2232	-437.1133	-593.361	156.2477	1.725359	0.4725761	0.1247208	1.595631
2238	-449.811	-605.2824	155.4714	1.636056	1.398099	0.2162461	1.235308
2244	-445.7428	-601.3904	155.6476	1.864165	1.279357	0.2162461	0.9488168
2250	-442.3167	-598.2621	155.9454	2.00798	1.045174	0.2093068	0.6652571
2256	-447.0494	-602.5338	155.4844	2.103023	1.117741	0.2770883	0.8406434
2262	-444.0741	-599.6994	155.6253	1.600264	0.5774483	0.2471476	1.733676
2268	-459.1042	-614.7896	155.6854	2.037386	0.5774483	0.2471476	1.365791
2274	-442.44	-598.5876	156.1476	2.114838	0.6094	0.2471476	0.8135118
2280	-436.4891	-592.6283	156.1392	1.976532	1.281772	0.08322015	0.7952726
2286	-428.8569	-584.9273	156.0704	2.377131	0.3918275	0.3857338	0.5424057
2292	-438.9224	-594.2223	155.2999	2.28327	1.411741	0.2447784	0.473204
2298	-442.8331	-598.5214	155.6883	2.208147	1.38715	0.1483748	0.4859801
2304	-438.8671	-594.0431	155.1759	2.439976	1.38715	0.2378714	0.5579898
2310	-453.8958	-609.4797	155.584	2.343686	0.6870438	0.3735333	0.7245562
2316	-443.0101	-599.1767	156.1666	1.987341	0.8748016	0.1652212	0.8352184
2322	-451.1716	-606.6949	155.5233	2.287763	0.8994466	0.1374475	1.238748
2328	-445.8007	-602.696	156.8953	1.971535	0.3275377	0.1369427	1.063421
2334	-435.8366	-592.9597	157.1231	2.065017	0.4144586	0.07898647	0.7770286
2340	-427.1179	-583.8705	156.7526	2.141965	0.4144586	0.1475055	0.7996981
2346	-434.983	-590.9918	156.0087	2.037192	0.5333986	0.3974317	0.8053447
2352	-440.0582	-595.4231	155.3649	1.725918	0.7688397	0.4096171	1.376946
2358	-431.3625	-586.9654	155.603	1.979043	1.176321	0.200753	1.013308
2364	-434.4053	-590.5418	156.1365	1.592798	0.9210836	0.1951489	1.123026
2370	-444.0166	-600.1055	156.0888	1.659365	0.9210836	0.1354132	1.277882
2376	-432.9263	-589.0066	156.0803	1.836387	0.7040496	0.1354132	1.347102
2382	-429.7907	-586.6495	156.8588	1.948371	0.4106509	0.1354132	0.9604181
2388	-446.3849	-602.6882	156.3033	1.737677	0.5171708	0.1447182	1.434099
2394	-441.5035	-597.9749	156.4714	2.260066	0.5514835	0.1447182	0.7108494
2400	-441.4847	-598.6287	157.1439	1.784731	0.4297247	0.05211641	1.15665
2406	-432.7147	-587.8584	155.1437	1.680455	0.6373555	0.224703	1.990719
2412	-439.304	-594.1	154.796	1.418045	0.6312982	0.224703	2.391765
2418	-432.9265	-588.5424	155.6158	1.69124	0.6637778	0.3148838	1.464938
2424	-444.1602	-598.0781	153.9179	2.106357	1.242513	1.242138	1.007604
2430	-437.1118	-591.5534	154.4415	2.47028	0.5181789	1.316426	0.8766168
2436	-442.3679	-596.236	153.8681	2.36686	1.098655	1.316426	0.8507253
2442	-438.9858	-592.8923	153.9065	2.427406	1.098655	1.316426	0.7129061
2448	-450.8715	-604.0961	153.2245	3.231711	0.8724515	1.550136	0.4954594
2454	-445.5715	-597.3212	151.7497	3.291053	1.178599	3.833686	0.4452186
2460	-450.491	-603.4597	152.9687	2.852112	0.6034918	3.170523	0.7817179
2466	-448.1937	-600.7718	152.5781	2.805813	0.8575498	3.170523	0.9208955
2472	-442.2727	-594.9708	152.6982	2.496368	0.9476797	3.170523	1.016056
2478	-433.6522	-586.1453	152.493	2.614141	0.9428802	3.170523	1.103539
2484	-429.5131	-582.7832	153.2701	2.793549	0.4295018	3.170523	0.8339867
2490	-424.5362	-578.7986	154.2624	2.502636	0.4295018	1.781206	0.8339867
2496	-437.6029	-591.6899	154.087	2.709766	0.4295018	1.781206	0.7929055
2502	-441.9073	-596.7658	154.8585	1.874022	0.4295018	1.357194	1.170797
2508	-432.6175	-588.2701	155.6526	1.913599	1.1378	0.2269524	0.9883188
2514	-429.3253	-584.4232	155.0979	2.038712	1.766553	0.2269524	0.937649
2520	-437.5212	-593.4925	155.9713	2.152692	0.7367859	0.2269524	0.841463
2526	-447.353	-603.0834	155.7304	2.419321	0.7367859	0.2686397	0.6254118
2532	-436.8754	-592.4386	155.5632	2.420462	0.8868243	0.2686397	0.5996562
2538	-441.4382	-597.3569	155.9187	1.924603	0.8868243	0.2686397	0.8359803
2544	-445.1138	-601.1521	156.0383	1.859708	0.8868243	0.2686397	0.7628908
2550	-443.3778	-598.9825	155.6048	1.898873	0.8868243	0.2686397	1.176772
2556	-434.9222	-590.5319	155.6096	2.130804	0.4915093	0.561693	0.9159234
2562	-435.603	-591.6249	156.022	2.26462	0.6656289	0.2617373	0.505457
2568	-448.1815	-601.977	153.7955	2.285617	4.48427	0.2617373	0.6490596
2574	-447.6893	-603.7747	156.0853	2.052933	0.8965548	0.1391332	0.9306675
2580	-438.3485	-594.4971	156.1486	1.989657	0.8965548	0.1391332	0.9306675
2586	-434.9286	-592.0698	157.1411	2.033845	0.3268478	0.1391332	0.6893408
2592	-433.2149	-588.2659	155.051	2.641436	0.7529646	0.4895916	0.4152662
2598	-438.3884	-593.1799	154.7915	2.856687	0.7396278	0.4895916	0.3285593
2604	-436.1998	-591.8104	155.6106	2.708085	0.6214018	0.2543656	0.3605479
2610	-442.0937	-597.8268	155.7331	2.473857	0.5406939	0.3763573	0.4618011
2616	-437.9382	-593.4054	155.4672	2.728082	0.5406939	0.3763573	0.4189223
2622	-442.5606	-597.33	154.7694	2.404936	0.3598386	1.452059	0.7744894
2628	-431.1263	-585.9539	154.8275	2.173991	0.9477593	0.7518132	0.7744894
2634	-432.0283	-587.2171	155.1887	2.163033	0.5166022	0.9437908	0.7524089
2640	-430.5101	-586.087	155.5769	2.354781	1.120012	0.2078772	0.5116191
2646	-426.4835	-582.7075	156.224	2.22883	0.6927822	0.1818558	0.6157074
2652	-421.3597	-577.6352	156.2755	2.212382	0.593969	0.1818558	0.7933576
2658	-423.8931	-579.9891	156.0961	2.210127	0.593969	0.2754026	0.6693689
2664	-426.2888	-581.7871	155.4983	2.234461	1.104082	0.2754026	0.6400242
2670	-433.3793	-589.181	155.8017	2.148208	0.8271714	0.2754026	0.7603476
2676	-432.0988	-588.2954	156.1966	1.885183	0.3461492	0.2754026	1.348314
2682	-432.2815	-588.4303	156.1488	2.207911	0.4467781	0.3576894	0.6719782
2688	-433.455	-589.4968	156.0418	2.314896	0.4467781	0.3576894	0.6719782
2694	-436.1127	-592.4321	156.3193	2.125936	0.4467781	0.2995154	0.7396129
2700	-431.976	-588.1374	156.1614	2.240697	0.7838227	0.1523511	0.6894673
2706	-443.1564	-598.1704	155.014	2.430995	1.416765	0.2693953	0.7153651
2712	-428.5197	-584.3361	155.8164	1.705755	0.5156078	0.2319999	1.619783
2718	-431.9412	-587.7808	155.8396	2.113401	0.6336636	0.3583499	0.8339808
2724	-441.4139	-597.1759	155.762	2.302997	0.6336636	0.3583499	0.663992
2730	-434.8221	-591.1618	156.3397	2.149667	0.6336636	0.1633716	0.7956995
2736	-432.6497	-588.7034	156.0537	2.300176	0.9573099	0.1105105	0.7115576
2742	-430.6922	-586.811	156.1187	2.277366	0.9573099	0.1105105	0.6278635
2748	-436.5901	-593.7692	157.1792	2.222666	0.3007135	0.1105105	0.4982463
2754	-430.9828	-588.1388	157.156	2.057598	0.3007135	0.1465968	0.6775821
2760	-435.2411	-590.4807	155.2396	1.885843	1.19574	0.4874006	0.8006305
2766	-434.7602	-591.5829	156.8227	2.085587	0.5011376	0.1039949	0.8006305
2772	-441.2443	-597.4297	156.1854	2.131574	0.514367	0.31921	0.6865135
2778	-431.407	-588.4777	157.0707	2.004463	0.514367	0.08573707	0.6099765
2784	-436.5477	-592.577	156.0294	1.918937	1.053182	0.1988181	0.716565
2790	-435.3241	-591.58	156.2559	2.576656	0.4234821	0.1988181	0.4389092
2796	-448.6839	-604.3669	155.683	2.56741	0.4089341	0.4669739	0.4124813
2802	-449.6348	-603.7325	154.0977	2.552738	0.4089341	1.804906	0.9873384
2808	-449.5555	-602.7449	153.1894	2.6459	1.272484	1.5415	0.9358488
2814	-443.2902	-597.2329	153.9427	2.651219	0.5807002	1.5415	0.9318012
2820	-450.5381	-604.0468	153.5087	2.440299	1.055932	1.5415	1.017589
2826	-448.1174	-601.9052	153.7878	2.390999	0.8360769	1.5415	1.017589
2832	-447.0513	-600.0991	153.0478	2.256368	1.68703	1.233524	1.350853
2838	-442.4269	-596.2318	153.805	2.617887	0.9736903	1.233524	0.8542323
2844	-449.6278	-604.1797	154.5519	2.387726	0.6150136	1.233524	0.7371099
2850	-448.5175	-603.0627	154.5452	2.755081	0.3969344	1.233524	0.7371099
2856	-446.3228	-599.3979	153.0751	2.66438	0.7276265	2.256734	1.138083
2862	-457.1056	-610.6712	153.5657	2.497028	1.043194	1.484951	0.9565892
2868	-452.4365	-605.0937	152.6572	2.627865	1.738502	1.674589	1.051326
2874	-460.4484	-616.3796	155.9312	1.961281	1.21937	0.1353713	0.8730082
2880	-455.0256	-611.1896	156.164	2.457771	0.8469641	0.09194859	0.4976106
2886	-447.9639	-603.545	155.5811	2.293583	1.456846	0.1396512	0.4976106
2892	-445.9956	-602.0791	156.0835	2.17937	1.456846	0.04935257	0.5509812
2898	-447.0892	-602.5641	155.4749	2.294572	1.169275	0.247988	0.5613642
2904	-456.9028	-612.8937	155.9909	1.813772	0.6132894	0.2941088	1.157393
2910	-444.194	-599.8378	155.6438	1.943498	1.288829	0.2280091	0.8139946
2916	-436.6769	-593.3893	156.7123	1.926913	0.3667632	0.1852883	1.045284
2922	-426.3807	-583.297	156.9162	1.943437	0.3667632	0.1643319	0.8865257
2928	-434.4125	-591.4326	157.0201	2.07461	0.3494486	0.1643319	0.5254524
2934	-437.7715	-595.2451	157.4736	2.193671	0.1294006	0.1643319	0.6499953
2940	-427.0543	-584.9208	157.8664	2.287374	0.1294006	0.04500804	0.6787585
2946	-432.1295	-589.7436	157.6141	1.965174	0.1629433	0.143822	0.7230989
2952	-419.4263	-576.2586	156.8323	2.009758	0.5742669	0.1089509	0.6959756
2958	-415.7246	-572.8445	157.1199	1.97286	0.3842331	0.1141802	0.7799114
2964	-423.1647	-579.4746	156.3099	2.089938	0.5814662	0.2060014	0.8360285
2970	-436.6545	-593.7634	157.1089	2.181188	0.3550101	0.1075618	0.5475261
2976	-438.046	-593.7633	155.7173	2.279697	0.7604687	0.3312569	0.5475261
2982	-439.9124	-595.8684	155.956	2.246512	0.6579507	0.2982274	0.4486312
2988	-425.2146	-580.903	155.6885	2.695915	0.5069422	0.3136499	0.4229721
2994	-425.9119	-581.1706	155.2587	2.205309	0.9463315	0.4869626	0.6330354
3000	-434.332	-590.2756	155.9436	2.079352	0.9841285	0.210077	0.6408523
3006	-435.9286	-592.1941	156.2654	2.145916	0.6523617	0.210077	0.6408523
3012	-427.844	-584.032	156.188	2.187412	0.6523617	0.210077	0.7101289
3018	-442.3984	-598.3689	155.9705	2.187412	0.7516606	0.210077	0.8358858
3024	-433.5731	-590.0378	156.4647	2.107758	0.5225055	0.210077	0.7017614
3030	-429.9001	-586.3185	156.4184	2.059064	0.916883	0.09072281	0.7158525
3036	-433.9219	-589.5394	155.6175	2.098833	1.853701	0.08128502	0.7944391
3042	-431.4333	-587.8993	156.466	2.098833	0.9065941	0.06503117	0.7807215
3048	-433.7373	-590.5238	156.7865	2.145705	0.562301	0.08338137	0.7572937
3054	-440.0914	-595.5105	155.4191	1.997477	1.467609	0.2461902	0.7892529
3060	-431.1178	-586.8274	155.7096	1.889667	1.082442	0.1859276	1.1203
3066	-438.0914	-593.8364	155.745	1.746227	2.175469	0.05739761	0.9701184
3072	-438.1624	-593.3449	155.1825	2.028647	2.822947	0.06947064	0.8614077
3078	-438.8613	-593.4472	154.586	1.724662	5.7704	0.03557828	0.9748826
3084	-449.1783	-603.8188	154.6404	2.104895	4.551541	0.03255157	0.8807626
3090	-435.7322	-591.1226	155.3904	1.930516	2.937135	0.0521365	0.7644054
3096	-451.0385	-606.3326	155.2942	2.257663	2.494366	0.0521365	0.7234153
3102	-439.9215	-594.7817	154.8602	2.121891	4.304915	0.0309046	0.6593791
3108	-435.5279	-591.8085	156.2806	2.336018	0.6609483	0.1331988	0.7086083
3114	-427.5697	-583.6867	156.1171	1.770062	0.9071841	0.1331988	1.180184
3120	-453.5088	-608.1799	154.6711	1.449784	4.355744	0.1371203	1.103117
3126	-456.6963	-611.3747	154.6784	1.727549	4.355744	0.1371203	0.7998206
3132	-456.5364	-613.2005	156.6641	1.730554	0.6822975	0.1371203	0.9385088
3138	-439.756	-595.9942	156.2382	2.079711	0.6822975	0.2342043	0.6033146
3144	-450.592	-606.316	155.724	2.119447	1.63323	0.08810112	0.7753868
3150	-440.9254	-597.3497	156.4243	1.949809	1.056787	0.07627199	0.7587331
3156	-436.6452	-592.6748	156.0297	1.67559	0.6120339	0.2275589	1.381384
3162	-444.7706	-600.4814	155.7108	2.266588	0.770317	0.3229195	0.6332083
3168	-447.8125	-604.1681	156.3555	2.375966	0.4282574	0.2304685	0.5724565
3174	-434.5874	-591.0321	156.4447	2.130919	0.4525812	0.2584926	0.6697442
3180	-432.6539	-588.7131	156.0592	2.547772	0.4525812	0.2584926	0.4160843
3186	-430.6506	-586.4473	155.7967	2.208444	0.8633766	0.2584926	0.6707866
3192	-442.8785	-598.6827	155.8042	2.332208	1.09822	0.1447326	0.604441
3198	-436.8863	-593.092	156.2058	1.908388	1.046015	0.1447326	0.7446325
3204	-436.4266	-592.159	155.7324	1.942146	0.821606	0.3261595	0.9573154
3210	-438.0379	-593.6997	155.6617	1.757117	0.821606	0.165295	1.537991
3216	-441.7658	-597.7133	155.9474	1.761776	0.821606	0.2365673	1.133686
3222	-435.5641	-591.8378	156.2737	1.7347	0.7902067	0.1042126	1.285571
3228	-447.7481	-603.8513	156.1032	1.822134	0.7902067	0.1253946	1.284213
3234	-435.2886	-591.881	156.5924	1.7786	0.2780838	0.1106779	1.634215
3240	-426.5919	-583.7902	157.1983	1.920658	0.3923292	0.1106779	0.7389674
3246	-423.1729	-579.0314	155.8585	2.053304	0.903305	0.2548215	0.7677239
3252	-430.41	-587.0171	156.6071	1.998713	0.3999905	0.2548215	0.7913532
3258	-438.6859	-594.2356	155.5497	2.269977	1.08084	0.2548215	0.6064712
3264	-446.8627	-602.7024	155.8398	2.07793	1.316504	0.1564112	0.4414977
3270	-437.3785	-594.5295	157.151	2.199999	0.3198949	0.1090502	0.5850739
3276	-446.744	-603.837	157.093	1.859455	0.3198949	0.1107413	1.093684
3282	-448.8976	-604.7	155.8023	1.909229	0.7769752	0.2332361	1.185917
3288	-431.7136	-588.4788	156.7652	1.692043	0.5264427	0.1285494	1.128349
3294	-435.9652	-591.6111	155.6459	1.380045	0.9729301	0.1567997	1.723622
3300	-439.0446	-594.9334	155.8888	1.484045	0.6886551	0.1513942	1.723622
3306	-445.8753	-601.4881	155.6129	1.472961	0.7705154	0.2531193	1.637616
3312	-439.9807	-595.7229	155.7422	1.465806	0.7705154	0.1058768	1.885678
3318	-436.2019	-592.3613	156.1593	1.655535	0.6139916	0.05920316	1.755874
3324	-435.5791	-590.6682	155.0892	1.558199	1.308201	0.178256	1.725454
3330	-430.9963	-586.7775	155.7811	1.709299	0.5133043	0.1659713	1.785496
3336	-429.5775	-586.3792	156.8017	1.630935	0.4858301	0.1560031	1.121389
3342	-437.976	-594.6696	156.6936	1.694052	0.3100053	0.2184183	1.287049
3348	-430.6271	-587.5544	156.9273	1.682273	0.4523828	0.1321657	1.090585
3354	-438.6599	-594.6441	155.9842	1.913936	0.8492937	0.1334556	1.224524
3360	-449.4199	-605.6747	156.2548	1.812595	1.190129	0.06920724	1.011483
3366	-443.0405	-599.0156	155.9752	1.985198	0.9722717	0.1446395	1.011483
3372	-436.9577	-593.1761	156.2184	1.77497	0.8098337	0.1446395	1.14615
3378	-442.6334	-598.9818	156.3484	2.094098	0.8098337	0.1339755	0.6798857
3384	-445.518	-600.9233	155.4053	2.345096	1.287427	0.2022401	0.6798857
3390	-433.5919	-590.1888	156.5969	1.984022	0.4812901	0.2051945	0.8109659
3396	-434.3631	-590.4801	156.1171	2.048107	0.4887245	0.3433018	0.8832441
3402	-435.3541	-591.4855	156.1314	2.311963	0.4925311	0.2259571	0.8832441
3408	-424.6085	-580.9505	156.342	1.910828	0.4803108	0.3338248	0.8189725
3414	-437.5653	-593.715	156.1498	2.103047	0.4803108	0.3338248	0.8189725
3420	-431.6926	-586.9185	155.2258	2.103047	0.6222668	0.73291	0.8867749
3426	-436.7593	-592.5575	155.7982	2.191346	0.6222668	0.4255335	0.5484821
3432	-440.6537	-595.9759	155.3222	2.172983	1.456149	0.2639313	0.5577431
3438	-430.8249	-586.588	155.7632	2.273106	1.234932	0.1317803	0.665132
3444	-437.0983	-593.1419	156.0436	1.840204	1.451544	0.07513569	0.9537478
3450	-439.4803	-595.7787	156.2984	1.617801	0.8010766	0.1074762	1.338705
3456	-439.6032	-596.2725	156.6693	1.731626	0.8010766	0.09767565	0.9402932
3462	-444.1685	-600.0493	155.8808	1.589789	0.8010766	0.2021021	1.429815
3468	-442.6409	-598.3446	155.7037	1.473963	0.8810011	0.1327377	1.745771
3474	-450.4892	-606.7038	156.2146	1.519327	0.708686	0.1813032	1.363017
3480	-445.3444	-601.3115	155.967	1.737563	0.8989642	0.1813032	1.203097
3486	-432.2018	-588.963	156.7612	1.849662	0.5375288	0.1813032	0.7422058
3492	-434.4238	-590.5564	156.1325	2.361523	0.8126437	0.1276845	0.610231
3498	-442.1715	-598.7191	156.5476	2.156335	0.5546243	0.1276845	0.8326491
3504	-448.7837	-606.1405	157.3567	1.891193	0.3445751	0.07725728	0.8874938
3510	-433.5484	-589.1565	155.6081	2.133784	1.076609	0.2627717	0.7297199
3516	-439.2007	-594.6583	155.4576	2.280721	1.076609	0.2280664	0.8588699
3522	-434.9295	-590.555	155.6255	2.297497	0.995462	0.2280664	0.7130104
3528	-428.6731	-584.7657	156.0926	2.169236	0.7404711	0.1983737	0.7616487
3534	-424.186	-580.0185	155.8325	2.046665	1.213927	0.1674895	0.7499545
3540	-427.9764	-584.6899	156.7134	2.021703	0.4498649	0.1308126	0.9781889
3546	-428.9363	-585.2753	156.339	1.852737	0.4980217	0.1308126	1.380971
3552	-424.6516	-580.0523	155.4007	2.192668	0.779521	0.4760885	0.7665684
3558	-426.4935	-582.08	155.5865	2.119672	0.8573074	0.3707621	0.7558651
3564	-421.9823	-578.0559	156.0736	2.063693	0.8573074	0.1801984	0.8193831
3570	-429.4835	-585.7739	156.2905	1.714077	0.5258666	0.2815693	1.123731
3576	-433.6045	-589.8725	156.268	1.865662	0.9358018	0.08224106	1.121068
3582	-433.8081	-589.4856	155.6775	1.707746	0.8937409	0.1581917	1.520594
3588	-435.3968	-592.1934	156.7965	1.78697	0.3777225	0.1581917	1.157039
3594	-428.1899	-585.0606	156.8706	1.640706	0.4429514	0.148297	1.14177
3600	-438.4826	-595.5822	157.0996	1.594449	0.4429514	0.148297	0.967758
3606	-446.6356	-603.1136	156.478	1.58903	0.6502788	0.122651	1.32279
3612	-449.9028	-607.0171	157.1142	1.979855	0.4558092	0.0795666	0.7990252
3618	-444.6567	-600.9487	156.292	1.799639	0.6281674	0.2411341	0.9934671
3624	-454.2521	-608.8932	154.6411	1.599088	1.163833	0.4166501	1.695197
3630	-460.789	-613.7727	152.9837	1.750823	2.333978	0.5016256	2.085639
3636	-451.6373	-604.6349	152.9977	1.773009	2.333978	0.8705134	1.725795
3642	-441.7913	-596.5009	154.7095	1.803747	0.5238715	0.7668022	1.661557
3648	-439.5266	-593.2382	153.7116	1.714605	1.593187	0.7668022	1.661557
3654	-426.9954	-582.8092	155.8139	1.538585	1.059302	0.06601095	1.694594
3660	-433.9091	-589.3567	155.4475	1.610901	1.162408	0.1522936	1.581886
3666	-433.2372	-588.6275	155.3903	1.742885	1.691987	0.1522936	1.20474
3672	-437.6015	-593.5535	155.952	1.813196	0.8027931	0.196204	1.20474
3678	-438.6864	-594.8935	156.2071	1.901172	0.6466266	0.196204	1.075901
3684	-440.8832	-596.5162	155.633	1.886671	1.698026	0.1768343	0.6895291
3690	-441.7787	-597.1576	155.3789	1.957488	1.698026	0.1768343	0.9317165
3696	-434.1485	-589.8989	155.7504	1.793683	1.698026	0.1323726	0.8709405
3702	-441.6851	-596.3315	154.6464	2.473528	1.698026	0.3498291	0.424968
3708	-437.4827	-592.2923	154.8095	2.430745	1.373575	0.4004126	0.396803
3714	-449.6077	-605.116	155.5082	2.043857	0.5685057	0.5794984	0.9579396
3720	-436.1069	-591.9094	155.8026	1.820245	0.3660053	0.5794984	1.220802
3726	-441.7019	-596.8687	155.1667	2.159897	0.9165719	0.5794984	0.679914
3732	-433.2143	-588.0398	154.8254	2.074729	0.8533377	0.7995638	0.9490519
3738	-434.9684	-590.5545	155.5861	2.227434	0.5271996	0.5015457	0.8751575
3744	-434.298	-590.4833	156.1853	2.149813	0.7915186	0.1578755	0.7528334
3750	-428.3683	-584.3479	155.9796	1.954676	1.215754	0.1578755	0.7113113
3756	-429.4341	-585.9387	156.5045	2.031224	0.6632819	0.1578755	0.6906337
3762	-442.0222	-597.9391	155.9169	2.118854	1.236143	0.128092	0.6906337
3768	-441.2648	-597.5203	156.2555	2.067606	0.6553227	0.128092	1.079009
3774	-440.3975	-595.5372	155.1397	1.850797	0.9219362	0.4614932	1.241099
3780	-450.5833	-605.9018	155.3185	2.402831	0.9519702	0.3578077	0.5652646
3786	-444.0145	-599.226	155.2114	2.259716	1.181547	0.3578077	0.6525258
3792	-442.499	-597.8224	155.3234	1.998118	1.647907	0.2185475	0.8433773
3798	-437.9211	-594.0147	156.0936	2.058569	0.5482943	0.3205987	0.8433773
3804	-436.0065	-591.2747	155.2681	1.534858	1.30296	0.1875238	1.596311
3810	-450.5544	-606.5125	155.958	1.86968	0.7428019	0.1875238	1.235803
3816	-438.9833	-595.5677	156.5844	2.044879	0.7706426	0.09646791	0.6976875
3822	-433.1152	-590.012	156.8968	1.909606	0.4450482	0.1596312	0.7862382
3828	-446.0912	-602.9776	156.8864	1.732386	0.3704293	0.1331834	1.216218
3834	-432.554	-589.5219	156.9679	1.413303	0.3761343	0.1331834	1.399365
3840	-437.1845	-593.1198	155.9353	1.780172	1.361731	0.106133	1.054224
3846	-431.6777	-587.2185	155.5408	1.831518	1.001044	0.3169792	1.084797
3852	-424.1262	-579.9238	155.7977	2.061244	0.4474093	0.4173314	1.11452
3858	-429.9495	-584.9885	155.039	2.147935	1.582053	0.3065071	0.7869165
3864	-431.086	-587.1628	156.0768	2.397573	1.050432	0.07159792	0.628731
3870	-431.9564	-587.9299	155.9736	2.200115	0.645568	0.2811883	0.7462756
3876	-434.0726	-590.1327	156.0601	1.991404	0.5918688	0.2811883	0.9836938
3882	-438.1358	-594.3106	156.1748	1.785605	0.8787204	0.1861578	0.9719783
3888	-440.9507	-596.4712	155.5205	1.64807	1.26161	0.1861578	1.348369
3894	-451.4212	-606.5205	155.0993	1.783622	1.518235	0.2415559	1.288727
3900	-451.4574	-607.1789	155.7215	1.684287	0.779582	0.2576991	1.381074
3906	-445.9279	-601.4485	155.5206	1.791207	0.7724696	0.2576991	1.46021
3912	-444.141	-599.8931	155.752	1.550487	0.735956	0.1732177	1.678408
3918	-446.616	-601.1108	154.4949	1.652919	0.735956	0.8310465	1.654518
3924	-441.8294	-597.495	155.6656	1.490723	0.735956	0.233787	1.654518
3930	-433.7974	-589.5036	155.7062	1.560894	0.4642039	0.233787	1.856091
3936	-444.4197	-599.5224	155.1027	1.528829	0.5264784	0.1130781	2.461387
3942	-442.5526	-597.936	155.3834	1.240984	0.5309854	0.1130781	2.461387
3948	-433.8178	-590.2017	156.384	1.700573	0.5640437	0.1330317	1.3764
3954	-440.715	-596.4842	155.7692	1.729658	0.5640437	0.1330317	1.804706
3960	-425.7186	-582.4662	156.7476	1.934404	0.5306672	0.1330317	0.8797989
3966	-431.6392	-586.9683	155.3291	1.947941	1.144816	0.2456008	1.202611
3972	-425.6589	-581.5062	155.8472	1.745237	1.144816	0.2198682	0.9753095
3978	-420.7166	-576.3955	155.6789	1.518022	1.060934	0.1874738	1.46256
3984	-431.108	-586.5925	155.4845	2.064966	1.224185	0.1874738	1.043691
3990	-438.6819	-594.4149	155.733	1.751275	1.224185	0.1874738	1.104711
3996	-436.7945	-591.4869	154.6924	1.747438	2.190828	0.1874738	1.428536
4002	-450.5053	-605.8862	155.3808	1.652834	1.226241	0.1874738	1.472953
4008	-438.899	-594.8317	155.9327	1.525158	0.4595819	0.1056225	2.020736
4014	-435.9435	-591.0157	155.0722	1.537335	2.308921	0.1056225	1.474081
4020	-430.9661	-586.0116	155.0455	1.729569	3.366628	0.05476422	1.144931
4026	-433.4767	-589.2055	155.7288	1.96738	1.598384	0.03995139	1.192562
4032	-434.0396	-588.5664	154.5268	1.780353	4.377028	0.02287478	1.362389
4038	-440.5031	-595.4586	154.9555	1.876134	2.237915	0.02287478	1.616836
4044	-432.9425	-587.7392	154.7967	1.680322	2.703794	0.09447016	1.463298
4050	-439.0633	-594.4405	155.3772	1.526151	2.617648	0.03314994	1.391265
4056	-432.4981	-587.2053	154.7073	1.479051	2.617648	0.05050531	1.84995
4062	-439.9637	-594.9423	154.9787	1.728392	4.146928	0.04002425	1.018793
4068	-428.6825	-583.7444	155.0619	1.790635	3.717524	0.04026836	1.018793
4074	-446.3391	-601.4083	155.0692	2.106692	3.528314	0.04026836	0.7136956
4080	-444.8172	-598.713	153.8958	1.889236	9.292728	0.04026836	0.7136956
4086	-446.204	-601.1452	154.9412	1.778377	4.694397	0.04026836	0.8158915
4092	-449.6646	-603.7775	154.113	1.961468	7.501821	0.05989343	0.5811055
4098	-449.1535	-604.8923	155.7388	2.118358	0.7596136	0.3367069	0.804323
4104	-442.7996	-597.8118	155.0122	2.13193	1.497678	0.3367069	0.834166
4110	-448.1209	-604.3008	156.1798	1.858448	0.5684741	0.3367069	0.8993146
4116	-450.6095	-606.7185	156.109	2.087481	0.6377117	0.1709605	1.079101
4122	-439.1473	-594.7734	155.6261	2.127432	1.54664	0.137356	0.7002775
4128	-443.7113	-599.5543	155.843	2.534917	1.091768	0.08227216	0.6459556
4134	-446.6197	-602.6513	156.0316	2.081394	1.091768	0.1165591	0.8318917
4140	-438.3303	-593.8418	155.5116	2.288354	1.633048	0.1256877	0.486653
4146	-443.7964	-598.6572	154.8608	2.587594	0.9091092	0.5320014	0.4275398
4152	-451.7445	-606.9543	155.2098	2.838078	0.263769	0.8188221	0.3684187
4158	-441.9547	-598.3739	156.4192	2.496095	0.263769	0.2993093	0.547565
4164	-447.3089	-603.516	156.2071	2.023452	0.5188709	0.2993093	0.8636005
4170	-443.5124	-599.6351	156.1226	1.59048	1.050769	0.1447844	1.167738
4176	-433.6419	-589.2948	155.6529	1.788675	1.050769	0.2821709	1.050199
4182	-435.8947	-591.5476	155.6529	1.788675	1.050769	0.2821709	1.050199
4188	-450.0638	-604.5936	154.5298	1.726118	2.51071	0.4182839	0.9715011
4194	-446.1576	-602.2667	156.1091	1.924423	0.6838127	0.2265758	1.01521
4200	-439.0157	-595.4096	156.3939	1.87373	0.492678	0.2265758	1.062555
4206	-435.9495	-591.9898	156.0403	2.283547	0.7320598	0.2010854	0.6609119
4212	-435.0385	-591.0129	155.9744	2.193985	0.7320598	0.2573796	0.6609119
4218	-437.5787	-593.6068	156.028	2.107404	0.7320598	0.2573796	0.7207203
4224	-449.3015	-604.308	155.0065	2.130861	1.374258	0.3955276	0.8087356
4230	-436.9375	-592.5221	155.5846	2.046912	1.374258	0.1995085	0.77196
4236	-440.1208	-596.0019	155.8811	2.043618	0.7910513	0.3002113	0.77196
4242	-452.8317	-608.1687	155.337	2.799347	0.5041479	0.4058079	0.3308412
4248	-449.5372	-605.3797	155.8426	2.524132	0.9960781	0.108114	0.3913089
4254	-446.6952	-602.2446	155.5494	1.857409	0.9960781	0.2069603	1.301812
4260	-438.5872	-595.3745	156.7873	1.979291	0.5558383	0.1028504	0.874417
4266	-438.724	-594.3719	155.6478	2.063585	1.383623	0.1805497	0.7286364
4272	-431.3874	-587.3108	155.9234	2.149503	1.383623	0.101206	0.5679744
4278	-437.517	-594.1632	156.6462	2.02685	0.5632741	0.1437173	0.7778456
4284	-445.7091	-602.3843	156.6752	1.898661	0.6156193	0.1437173	0.8078139
4290	-447.3883	-602.9414	155.5531	1.913355	1.70257	0.0696876	1.202372
4296	-444.3231	-600.8513	156.5281	1.632068	0.8354605	0.1152102	1.068229
4302	-447.3709	-603.4611	156.0902	1.818119	0.4965986	0.2412307	1.332006
4308	-451.9529	-607.811	155.8581	1.840945	1.065955	0.186272	1.040953
4314	-449.7206	-605.9547	156.2342	2.042508	1.000439	0.1118507	0.75544
4320	-448.7167	-605.1577	156.4409	2.050308	0.5498255	0.209939	0.7626379
4326	-442.3907	-598.3972	156.0065	2.102284	0.5498255	0.3989388	0.66032
4332	-443.8565	-599.3792	155.5227	1.981905	1.400925	0.1541332	1.053229
4338	-434.6449	-590.4229	155.7781	1.786125	0.8830747	0.1541332	1.404058
4344	-446.6321	-602.7312	156.0992	1.225019	0.6143101	0.1096302	1.935628
4350	-431.4521	-587.4541	156.002	1.324818	0.6143101	0.1096302	1.933839
4356	-448.74	-603.7048	154.9648	1.434953	1.537276	0.3014096	1.537107
4362	-455.1013	-609.8394	154.738	1.550412	1.537276	0.3014096	1.618593
4368	-458.0848	-614.3021	156.2173	1.497183	0.9158709	0.1169625	1.366238
4374	-459.9328	-615.0161	155.0833	1.782601	1.087958	0.4664135	1.199036
4380	-455.414	-611.6397	156.2258	2.074864	0.5807266	0.2144416	0.9239386
4386	-445.4942	-601.5418	156.0476	2.226836	0.5807266	0.2144416	0.9520082
4392	-435.2105	-591.2034	155.9929	1.865038	1.049118	0.199097	0.8467762
4398	-437.8444	-593.897	156.0526	1.849207	0.5564127	0.2524153	1.235024
4404	-423.7892	-580.7627	156.9735	2.001959	0.5564127	0.07607765	0.7564396
4410	-434.2075	-590.2698	156.0622	2.240853	0.4048174	0.3644564	0.8453227
4416	-433.2589	-590.6784	157.4195	2.090319	0.2318077	0.1107959	0.7015775
4422	-437.2918	-593.7031	156.4113	2.320488	0.6648488	0.07195431	0.89313
4428	-430.935	-586.1909	155.2559	1.536172	0.9670427	0.1124218	2.000405
4434	-420.5341	-577.5184	156.9843	1.870375	0.3310548	0.1124218	1.153428
4440	-436.9742	-592.4099	155.4357	1.638911	0.5869045	0.2362126	1.848899
4446	-434.1117	-589.7106	155.5989	1.818206	0.8425363	0.1248202	1.627455
4452	-433.8357	-589.8255	155.9898	1.476986	1.261274	0.08063535	1.426221
4458	-429.0895	-584.4797	155.3902	1.797219	1.431339	0.1360556	1.360318
4464	-453.5428	-608.3837	154.8408	1.745576	1.478826	0.1847362	1.660005
4470	-434.675	-590.3964	155.7214	1.698415	0.9727517	0.09847945	1.601247
4476	-445.9424	-601.689	155.7466	1.457547	0.8450256	0.1028051	1.837333
4482	-444.0321	-598.8493	154.8172	1.636373	0.8450256	0.2357747	2.043854
4488	-442.3658	-598.6964	156.3306	1.787205	0.8450256	0.1697107	0.8997752
4494	-439.3842	-595.4514	156.0672	1.789447	0.8450256	0.1909096	1.094848
4500	-444.5223	-599.9899	155.4677	1.970583	0.8450256	0.4477055	0.9241389
4506	-429.3426	-585.7879	156.4454	1.707397	0.5228231	0.1815222	1.238623
4512	-441.3402	-595.8642	154.524	1.338571	2.314908	0.09043987	2.04125
4518	-447.7419	-602.7129	154.971	1.945419	1.505702	0.3306444	1.081527
4524	-445.6691	-601.3718	155.7027	1.682707	1.899327	0.1448375	0.8528477
4530	-434.8244	-591.3107	156.4863	2.1105	0.484023	0.2120794	0.7547661
4536	-439.5507	-595.3904	155.8397	2.294961	0.7266931	0.2542766	0.7452128
4542	-442.3433	-598.6667	156.3234	2.307212	0.6797724	0.1368792	0.5936181
4548	-431.4114	-587.5674	156.156	2.311984	0.7382744	0.1498575	0.686917
4554	-437.8668	-594.3016	156.4348	2.202621	0.5346765	0.1798405	0.7143698
4560	-444.824	-600.6057	155.7816	2.437328	0.9393725	0.1714334	0.4661206
4566	-435.4111	-590.9937	155.5826	2.239964	0.8013806	0.394041	0.5079685
4572	-426.3976	-581.7182	155.3206	2.495737	0.8013806	0.394041	0.4455083
4578	-430.1141	-585.7494	155.6353	2.312363	0.6091397	0.4616874	0.5038121
4584	-434.8337	-590.2452	155.4115	2.548409	0.7356503	0.3653544	0.5038121
4590	-423.6531	-579.0314	155.3782	2.50828	0.8137785	0.3495612	0.4271378
4596	-423.654	-579.203	155.5489	2.365901	0.7848344	0.3495612	0.5998304
4602	-428.3259	-584.9874	156.6615	1.814439	0.7255247	0.1076885	0.9134705
4608	-431.1001	-587.3055	156.2054	2.099417	1.063713	0.1076885	0.620747
4614	-429.4379	-585.6678	156.2298	2.03327	0.4989497	0.3581109	0.6778106
4620	-424.9173	-580.706	155.7887	2.113579	0.6935508	0.3581109	0.795361
4626	-424.5716	-580.7204	156.1488	1.943872	0.6935508	0.2574102	0.8482599
4632	-443.0685	-598.4275	155.359	1.736626	0.6935508	0.5018919	1.319096
4638	-440.3786	-596.9549	156.5763	2.049718	0.6935508	0.109227	0.7712863
4644	-433.432	-589.5737	156.1417	2.542437	0.3400127	0.2999214	0.3500583
4650	-432.4704	-588.3782	155.9078	2.542437	0.6131939	0.2227356	0.4226852
4656	-438.9614	-596.3341	157.3727	2.177459	0.2250139	0.1037771	0.7140711
4662	-439.4564	-596.3286	156.8722	2.217885	0.44734	0.1037771	0.6590881
4668	-431.4604	-586.4324	154.972	2.434429	1.474947	0.2955244	0.4571173
4674	-450.6345	-605.6015	154.9669	2.453026	1.514236	0.2728214	0.4153946
4680	-458.8786	-614.9773	156.0987	2.243524	0.6913892	0.2272176	0.5299486
4686	-440.5233	-597.1389	156.6157	2.299949	0.3508413	0.2217794	0.5299486
4692	-437.4953	-594.6555	157.1602	2.003455	0.3026182	0.1435902	0.7690866
4698	-437.875	-595.3532	157.4782	2.103693	0.2916182	0.05802431	0.725788
4704	-440.6104	-597.7525	157.1421	1.940465	0.2916182	0.1529736	0.8643405
4710	-434.5396	-592.0161	157.4766	1.889087	0.3567021	0.06163104	0.803798
4716	-447.5	-604.7023	157.2023	1.82855	0.4364554	0.06163104	1.005887
4722	-448.3363	-605.6649	157.3287	1.966437	0.3380515	0.06163104	0.9337568
4728	-438.6436	-595.6737	157.0301	1.975625	0.372196	0.1237317	0.8732294
4734	-435.5502	-592.2334	156.6832	1.824613	0.5801191	0.1321666	0.9890218
4740	-433.6175	-590.5259	156.9084	1.919382	0.4373702	0.1321666	0.8975347
4746	-442.2661	-598.3615	156.0954	1.878666	0.8976967	0.1321666	1.115614
4752	-430.5567	-585.9112	155.3545	1.749179	0.8976967	0.370741	1.30974
4758	-431.0558	-585.6791	154.6233	2.115221	1.215449	0.5160778	1.137418
4764	-437.6648	-592.7278	155.063	1.996662	1.215449	0.4325989	0.9677635
4770	-432.3206	-588.27	155.9494	2.038555	1.215449	0.1166105	0.848814
4776	-438.8695	-595.5633	156.6938	2.009234	0.5749543	0.1166105	0.848814
4782	-444.5894	-600.3295	155.74	2.04501	1.577185	0.1261987	0.6794596
4788	-453.8271	-609.6039	155.7768	1.865251	2.199026	0.06093869	0.7524722
4794	-440.6295	-595.7656	155.1361	2.298892	1.463931	0.2823281	0.4182236
4800	-440.2279	-595.102	154.8741	2.615097	1.231778	0.336523	0.4018222
4806	-430.3708	-585.6542	155.2833	2.607072	0.6826671	0.336523	0.2473535
4812	-427.1803	-583.055	155.8747	2.563719	0.4242472	0.336523	0.3550596
4818	-431.3206	-587.8177	156.497	2.502904	0.329401	0.1946047	0.3675771
4824	-433.8843	-589.3878	155.5035	2.669085	0.8870268	0.1946047	0.3840285
4830	-425.0977	-580.9242	155.8265	2.629763	0.6602341	0.1946047	0.3987228
4836	-424.375	-580.1497	155.7747	2.605103	0.6602341	0.203115	0.3307976
4842	-426.6666	-582.0831	155.4166	2.876106	0.6602341	0.203115	0.2667066
4848	-430.4377	-585.0975	154.6599	3.088972	0.7498484	0.4003141	0.2905452
4854	-434.406	-589.091	154.685	3.051198	0.7498484	0.4410234	0.3453538
4860	-436.5321	-592.215	155.6828	2.070507	1.859885	0.0920892	0.6475409
4866	-433.9529	-590.3875	156.4347	2.119178	0.80904	0.0920892	0.7738563
4872	-433.7465	-589.9535	156.207	2.247355	0.8000312	0.1430846	0.6035316
4878	-445.9268	-601.4373	155.5106	2.116155	1.710087	0.1430846	0.688455
4884	-439.1727	-595.9888	156.8161	2.308284	0.3944324	0.1303298	0.4783498
4890	-434.2142	-590.8137	156.5995	2.460545	0.4277444	0.1303298	0.467519
4896	-437.152	-594.0774	156.9254	1.956182	0.3481936	0.1303298	1.030194
4902	-431.5143	-589.0614	157.5471	1.879396	0.2782903	0.06502243	0.9218506
4908	-429.8073	-585.0125	155.2052	2.567316	0.867723	0.3775382	0.4438063
4914	-436.1949	-591.7889	155.594	2.35261	0.867723	0.2784239	0.6781119
4920	-443.8756	-599.3758	155.5002	2.377441	0.9802788	0.2784239	0.5226953
4926	-438.2507	-594.211	155.9603	2.377063	0.586664	0.2832808	0.5630159
4932	-428.2592	-584.1604	155.9011	2.46551	0.5719061	0.2832808	0.5063992
4938	-429.7726	-584.7625	154.9899	2.981222	0.4731229	0.4106196	0.2116928
4944	-426.8858	-582.4358	155.55	2.544493	0.4731229	0.3616398	0.2219019
4950	-433.3451	-588.1849	154.8398	3.146763	0.4731229	0.3616398	0.185018
4956	-435.6616	-590.6854	155.0238	3.146763	0.5552168	0.1884613	0.1553008
4962	-426.108	-581.9464	155.8383	2.660177	0.5552168	0.2064307	0.3102406
4968	-433.0057	-588.1832	155.1775	2.637633	1.21007	0.2029432	0.3567578
4974	-439.265	-594.5821	155.3171	2.467871	1.21007	0.2135229	0.357619
4980	-443.831	-598.7174	154.8863	2.269959	1.924822	0.2498147	0.7049008
4986	-437.0337	-592.5309	155.4971	2.21844	1.969763	0.09125717	0.5787107
4992	-435.5693	-590.1852	154.6159	2.765933	1.125861	0.4392082	0.4052875
4998	-428.8058	-584.4797	155.6738	2.562372	1.084558	0.1123632	0.3519288
5004	-456.6382	-613.2391	156.6009	2.246003	0.6023037	0.1123632	0.5245036
5010	-444.1782	-601.1362	156.9581	2.023271	0.4760101	0.1280492	0.5456205
5016	-456.0361	-612.3949	156.3588	2.364078	0.3911741	0.2580942	0.5924882
5022	-446.3785	-602.5514	156.1729	1.987958	0.6342666	0.2580942	0.8605601
5028	-434.0816	-590.9446	156.863	1.926592	0.4564079	0.1611653	0.7743482
5034	-442.2191	-599.9797	157.7606	1.775914	0.2313646	0.06918416	0.9121761
5040	-445.3956	-601.7897	156.3941	2.302139	0.9514837	0.04776466	0.6146563
5046	-430.2033	-585.9339	155.7306	1.994027	1.296686	0.1526654	0.9193409
5052	-430.1133	-585.6696	155.5563	1.988614	1.506856	0.0369505	1.381737
5058	-431.4741	-588.3497	156.8756	2.084259	0.5857283	0.0369505	0.9542911
5064	-428.7175	-585.7643	157.0468	1.903694	0.4124802	0.0998038	0.9542911
5070	-425.6224	-582.3734	156.751	2.047043	0.6084866	0.0276299	1.117986
5076	-433.6703	-588.7594	155.0891	2.192438	0.6084866	0.6240755	1.100969
5082	-444.1462	-599.5868	155.4406	2.242886	0.5885745	0.6240755	0.6542704
5088	-430.5321	-585.8053	155.2732	2.313907	0.8992289	0.4618979	0.5069973
5094	-427.5032	-583.1406	155.6373	2.573535	0.646438	0.3033549	0.4762637
5100	-432.5485	-588.1585	155.61	2.179315	0.9639187	0.3219552	0.5493709
5106	-431.2535	-587.0934	155.8398	2.400483	0.6334944	0.2989084	0.4995675
5112	-432.3296	-587.59	155.2604	2.145944	1.114969	0.4018175	0.7205246
5118	-435.7789	-592.1494	156.3705	1.925839	0.7699936	0.1526496	0.8616515
5124	-436.5386	-592.7933	156.2547	2.167416	0.4611525	0.302011	0.7269706
5130	-431.9675	-588.0176	156.05	2.319232	0.550056	0.2735144	0.6840059
5136	-430.9937	-586.6408	155.6471	2.316976	0.9422822	0.2598881	0.5019745
5142	-431.2904	-587.7591	156.4687	2.160939	0.5368353	0.1712376	0.7639583
5148	-440.068	-595.8409	155.7729	2.264305	0.5368353	0.3995225	0.8044064
5154	-435.4016	-591.196	155.7944	2.071257	0.8363853	0.3187742	0.7167902
5160	-441.6752	-597.6382	155.963	2.342295	0.6889661	0.2159808	0.7167902
5166	-440.7302	-596.4725	155.7423	2.377116	0.6605514	0.3124106	0.6800559
5172	-442.0415	-597.5501	155.5086	2.194492	0.7051278	0.4607346	0.7801669
5178	-451.0753	-605.7144	154.6391	2.384914	0.6618989	0.9399516	0.9012827
5184	-439.8747	-593.9061	154.0314	2.351836	0.6450221	1.53398	1.056615
5190	-450.0137	-603.2998	153.2861	2.540873	1.142531	1.555661	1.04782
5196	-451.2911	-604.5416	153.2505	2.612981	1.142531	1.555661	1.012328
5202	-443.7498	-598.4139	154.664	1.915914	1.142531	0.4764376	1.37769
5208	-437.4287	-592.6866	155.2578	1.874493	0.4285878	0.7066863	1.37769
5214	-434.2889	-590.1551	155.8662	2.078511	0.4210767	0.4643763	0.9979366
5220	-435.1122	-589.3899	154.2777	2.446088	0.5598182	1.328354	0.9979366
5226	-429.6352	-583.2713	153.6361	2.510434	1.135091	1.328354	0.9034446
5232	-428.1242	-581.4743	153.3501	2.526127	1.529172	1.328354	0.847162
5238	-422.4947	-577.9721	155.4774	2.185246	0.8155829	0.4230681	0.7404474
5244	-435.7039	-590.4455	154.7417	2.294253	1.284289	0.4257678	0.9448671
5250	-446.1689	-601.7544	155.5854	2.552644	0.6396122	0.3368547	0.4376317
5256	-442.3281	-598.4307	156.1027	2.449702	0.8539839	0.1059663	0.5300058
5262	-443.6643	-599.4322	155.7679	2.467507	0.5334712	0.3621206	0.4184806
5268	-441.6656	-597.2613	155.5957	2.238993	0.4946967	0.5892095	0.736603
5274	-445.0327	-600.7299	155.6972	2.186712	0.5737788	0.486484	0.7164749
5280	-437.2141	-592.0449	154.8308	2.213498	1.354916	0.4908975	0.7164749
5286	-448.7752	-603.918	155.1427	2.228367	1.019104	0.4908975	0.6606817
5292	-434.9886	-590.0418	155.0531	2.228367	1.019104	0.4908975	0.8030775
5298	-441.7763	-597.1424	155.3662	2.332792	0.7362749	0.4908975	0.6284153
5304	-444.1679	-599.5051	155.3373	2.203931	0.7362749	0.5957584	0.612749
5310	-428.3392	-582.7558	154.4165	2.278309	0.7362749	1.211129	0.8721944
5316	-431.4604	-586.0134	154.5531	2.49685	0.5589515	1.183628	0.7608493
5322	-431.2162	-586.6091	155.3929	2.373547	0.5589515	0.5975314	0.6535012
5328	-438.257	-593.6582	155.4011	2.186742	1.800216	0.1517396	0.5601519
5334	-436.4554	-592.7619	156.3065	2.159358	0.7256823	0.1517396	0.7071427
5340	-432.9487	-588.0402	155.0915	2.234467	0.7256823	0.7013379	0.7658894
5346	-421.078	-578.0014	156.9234	2.01663	0.3349819	0.1595349	0.8895653
5352	-434.5683	-590.3955	155.8272	2.111398	0.2251594	0.6222855	1.183383
5358	-431.7672	-587.2076	155.4404	1.949403	0.651862	0.6222855	0.9371087
5364	-426.7389	-583.3058	156.5669	1.686702	0.651862	0.138381	1.11207
5370	-423.9129	-579.6979	155.785	1.893911	0.651862	0.250372	1.309093
5376	-430.3797	-586.4057	156.0261	1.800619	0.6366617	0.2064168	1.304919
5382	-429.1832	-584.9867	155.8036	1.565517	1.263578	0.1207459	1.36844
5388	-417.8452	-573.2291	155.3839	1.870062	0.7056931	0.5414494	1.117192
5394	-428.1842	-583.8494	155.6652	1.603266	1.508938	0.1270824	1.275473
5400	-431.9174	-587.5063	155.5889	1.869292	0.7798555	0.1934834	1.478314
5406	-425.8391	-581.6809	155.8418	1.647102	0.7176009	0.1975556	1.503962
5412	-420.3193	-576.9109	156.5916	1.640318	0.3032116	0.1975556	1.469488
5418	-421.4675	-577.3754	155.9079	1.780325	1.214353	0.1975556	0.8749844
5424	-426.3822	-581.4991	155.1169	1.878277	1.842463	0.2374555	1.004082
5430	-421.4409	-576.9396	155.4987	1.803795	1.208889	0.191742	1.262249
5436	-419.0487	-574.8991	155.8504	1.832196	0.6984606	0.3113209	1.127122
5442	-425.4621	-581.7478	156.2857	2.214511	0.6984606	0.1602638	0.6529729
5448	-422.7023	-577.9345	155.2322	2.389498	1.343673	0.2478293	0.4385742
5454	-432.1924	-587.6923	155.5	2.445635	0.8643969	0.2985238	0.4385742
5460	-454.0889	-609.3079	155.219	1.984526	0.8197713	0.2536398	1.507495
5466	-451.3841	-606.8009	155.4168	1.629252	0.8197713	0.2536398	1.623212
5472	-448.8419	-603.4856	154.6436	1.744345	0.9187269	0.3980821	1.78363
5478	-440.6848	-596.0638	155.379	1.852005	1.113842	0.3259206	1.097012
5484	-443.0477	-599.0672	156.0195	1.779024	1.113559	0.1448745	1.03488
5490	-436.4086	-592.3585	155.9498	1.734291	1.113559	0.1092397	1.257545
5496	-441.5107	-597.7159	156.2052	2.266381	0.3800332	0.1377195	1.308243
5502	-428.0053	-584.6323	156.627	2.093122	0.4022373	0.1930752	0.8603735
5508	-434.9562	-591.1163	156.1601	1.926685	0.8163254	0.1930752	0.8885527
5514	-439.1979	-595.394	156.1961	2.082166	1.082299	0.07938634	0.8353952
5520	-435.5878	-591.3885	155.8007	2.183839	1.138164	0.1524802	0.7683115
5526	-434.7818	-590.83	156.0482	2.293073	0.6690448	0.219904	0.6806018
5532	-437.1496	-593.0206	155.8709	2.313143	0.8376784	0.219904	0.5276297
5538	-440.5913	-596.0015	155.4103	2.416604	0.8376784	0.3707216	0.5070363
5544	-445.8116	-601.7667	155.9551	2.154878	0.5878322	0.330745	0.7918834
5550	-454.1801	-609.8461	155.666	2.118908	0.6302887	0.3833361	0.9712094
5556	-439.2609	-595.7642	156.5033	1.553542	0.6709452	0.1239663	1.304274
5562	-457.7553	-614.1516	156.3963	1.531201	0.6709452	0.1239663	1.406753
5568	-455.6033	-611.1203	155.517	1.473672	1.020107	0.2162313	1.581995
5574	-448.8505	-605.4515	156.601	1.493658	0.2896974	0.1945771	1.601517
5580	-444.9531	-600.9016	155.9485	1.639727	0.4606388	0.2051507	1.693277
5586	-432.8666	-589.0951	156.2285	1.622181	0.3979817	0.2051507	1.587338
5592	-448.4126	-603.3087	154.8961	1.83343	1.232293	0.3492528	1.387467
5598	-443.3329	-600.0632	156.7303	1.929445	0.580883	0.1238004	0.8564171
5604	-431.1637	-587.1079	155.9442	2.25132	1.077901	0.1238004	0.6880648
5610	-429.9767	-585.7954	155.8188	1.987368	0.9440565	0.2826757	0.757336
5616	-424.8862	-580.6632	155.777	1.979281	0.9440565	0.2826757	0.8251173
5622	-445.2006	-600.5238	155.3232	1.892417	0.9440565	0.4226086	1.084434
5628	-439.1328	-594.7588	155.6261	2.000639	0.9440565	0.3045761	0.9166128
5634	-431.9064	-587.4175	155.5111	2.198863	0.7232153	0.4163517	0.8456104
5640	-432.5398	-588.7769	156.2372	2.139289	1.064931	0.06058686	0.8456104
5646	-431.3338	-587.3535	156.0197	1.631104	1.064931	0.1249762	1.271265
5652	-432.7135	-588.0354	155.3219	1.812384	0.8973876	0.3354719	1.344747
5658	-437.8692	-594.4456	156.5764	1.833081	0.4949953	0.1906539	1.023283
5664	-434.1876	-590.7191	156.5315	1.738006	0.4796326	0.1906539	1.17554
5670	-442.3041	-598.6386	156.3346	2.11643	0.6459059	0.1906539	0.6950472
5676	-452.3475	-609.4918	157.1443	2.045684	0.2676207	0.1906539	0.5719982
5682	-433.3221	-590.1882	156.8661	2.030025	0.5174384	0.1107864	0.7401426
5688	-429.004	-584.8179	155.8139	2.358049	0.5279522	0.4005392	0.5765018
5694	-422.6699	-579.021	156.3511	2.412993	0.5279522	0.1599576	0.4040548
5700	-425.797	-581.9495	156.1525	2.427161	0.5279522	0.2253722	0.5521284
5706	-430.7775	-587.1246	156.3471	2.119736	0.5279522	0.2253722	0.7836136
5712	-429.9514	-587.5159	157.5645	2.266324	0.159253	0.09936981	0.4278835
5718	-438.646	-596.2526	157.6066	2.451251	0.159253	0.04879678	0.4024433
5724	-431.6811	-587.6463	155.9651	2.303273	0.9713952	0.1448069	0.4305432
5730	-442.4767	-599.0826	156.606	2.292944	0.5856757	0.1040921	0.4413907
5736	-427.4738	-584.0101	156.5363	2.116937	0.5681871	0.1040921	0.9719879
5742	-423.1349	-578.6147	155.4798	1.538299	1.069053	0.089181	1.846039
5748	-423.5333	-579.5507	156.0173	1.612423	1.438893	0.08268551	1.170457
5754	-420.6477	-576.7662	156.1185	1.986779	0.7391213	0.2420513	0.8094646
5760	-431.5476	-588.5718	157.0242	1.871833	0.536253	0.07266023	0.9150844
5766	-436.4602	-591.2138	154.7536	2.063169	2.002565	0.3571137	0.7728185
5772	-426.1326	-582.1419	156.0093	2.063169	0.6094439	0.3571137	0.7174862
5778	-432.9333	-589.0612	156.1279	2.097646	1.17133	0.105662	0.5879478
5784	-420.7049	-577.0162	156.3113	2.42232	0.4734282	0.2039137	0.463464
5790	-436.2092	-592.0511	155.842	2.048946	0.2955553	0.6778397	0.9898208
5796	-436.9866	-594.0234	157.0368	1.876645	0.3943036	0.1187575	0.9484518
5802	-433.2254	-589.4311	156.2056	2.01633	0.4364483	0.3619752	0.8778557
5808	-424.1089	-580.5132	156.4043	2.186322	0.4364483	0.2702816	0.6359129
5814	-433.0365	-588.5164	155.4799	2.207665	1.16978	0.2702816	0.6359129
5820	-439.4193	-595.0841	155.6648	2.232376	0.7458763	0.3511805	0.7264815
5826	-440.8338	-595.9576	155.1238	2.489542	0.7458763	0.5248134	0.6680638
5832	-429.3735	-585.0787	155.7052	2.32624	0.7458763	0.2949968	0.7112019
5838	-425.0997	-581.9195	156.8198	2.091189	0.4123275	0.09802655	1.00272
5844	-445.9089	-602.644	156.7351	1.724232	0.4123275	0.2268196	1.01453
5850	-443.2483	-599.141	155.8927	1.872876	0.9091529	0.2268196	1.01453
5856	-436.953	-593.1794	156.2264	1.95168	0.9091529	0.1045054	1.01453
5862	-430.077	-586.153	156.076	1.632877	1.208656	0.1055165	1.177371
5868	-430.9818	-587.5038	156.522	1.838572	0.6142501	0.1055165	1.177371
5874	-438.8923	-595.517	156.6247	1.692263	0.6142501	0.1055165	1.21485
5880	-428.0867	-584.4683	156.3815	2.036041	0.7131894	0.154817	0.7880832
5886	-423.9508	-580.1892	156.2384	1.925149	0.7055298	0.2135343	0.8867655
5892	-427.8883	-583.4943	155.606	1.747558	0.7055298	0.3200645	1.377473
5898	-437.3563	-592.6455	155.2891	1.516689	0.7055298	0.3200645	1.779354
5904	-428.5538	-583.9777	155.4239	2.194164	0.6559991	0.4972168	0.8901944
5910	-431.6829	-587.813	156.13	2.07657	0.5010293	0.343351	0.8072818
5916	-433.8376	-589.9214	156.0838	2.017026	0.4894656	0.3812774	0.8655847
5922	-435.8011	-591.6417	155.8406	1.99528	0.6660881	0.3812774	0.8655847
5928	-437.3685	-593.0344	155.6659	1.980075	0.7934351	0.3812774	0.8989146
5934	-429.4617	-584.7422	155.2804	1.996864	0.7934351	0.6406882	0.8289495
5940	-436.1036	-591.2911	155.1875	2.060889	0.7934351	0.5503952	1.006472
5946	-432.3289	-588.0677	155.7389	1.835035	0.7934351	0.308901	1.123652
5952	-418.5436	-574.3673	155.8238	1.943535	0.8082695	0.2241077	1.126221
5958	-428.2612	-583.6815	155.4203	2.101479	0.626921	0.4734627	1.070964
5964	-434.1726	-589.6475	155.4749	2.344822	0.3584413	0.6258261	0.9935305
5970	-438.327	-594.7226	156.3956	1.756738	0.7952041	0.1607981	0.9570723
5976	-441.8041	-597.2457	155.4417	1.80246	1.396904	0.1879563	1.191346
5982	-434.1049	-589.7264	155.6215	1.703499	1.396904	0.1687119	1.174495
5988	-433.5265	-589.814	156.2875	1.984712	0.5962655	0.1687119	1.070449
5994	-436.4245	-592.841	156.4165	1.855699	0.5962655	0.1687119	1.070449
6000	-443.4278	-599.2435	155.8157	2.051871	0.8300101	0.2507372	0.9339736
6006	-424.0624	-580.6721	156.6097	1.639253	0.8300101	0.1028459	1.037841
6012	-435.2987	-592.1773	156.8785	1.833329	0.6851241	0.1028459	0.6951502
6018	-436.8301	-593.5915	156.7614	2.168291	0.5452082	0.1059198	0.6337454
6024	-434.9683	-592.0709	157.1026	1.878151	0.3004327	0.183406	0.8410474
6030	-437.5806	-594.4401	156.8595	1.711161	0.3004327	0.183406	1.240318
6036	-439.7106	-597.016	157.3053	1.66791	0.3004327	0.1032585	1.142969
6042	-430.2548	-587.0757	156.8208	1.546612	0.5971892	0.0826755	1.276261
6048	-428.7675	-585.3109	156.5435	1.871108	0.5971892	0.1390316	1.031376
6054	-429.5463	-585.8491	156.3028	1.826351	0.5971892	0.1787135	1.169276
6060	-439.2421	-595.3965	156.1544	1.832125	0.5971892	0.1787135	1.289495
6066	-438.3648	-594.6947	156.3298	1.704342	0.5372535	0.1708872	1.344612
6072	-439.1695	-593.4007	154.2311	2.565565	0.6043888	1.376474	0.7965035
6078	-441.302	-596.3439	155.0419	2.32891	0.3998786	1.101574	0.7965035
6084	-440.0605	-593.8671	153.8066	2.602108	0.9036585	1.420024	0.7722061
6090	-447.2917	-600.9886	153.6969	2.613188	1.019378	1.420024	0.7418242
6096	-440.8752	-596.1614	155.2862	2.658037	0.6434335	0.4260758	0.4085967
6102	-443.8028	-599.911	156.1081	2.676229	0.4361828	0.1872178	0.3371264
6108	-441.7174	-598.3298	156.6125	2.219809	0.4467718	0.1872178	0.526864
6114	-448.9188	-604.5817	155.6629	2.510251	0.7323916	0.2712842	0.4652581
6120	-436.6199	-591.5462	154.9262	2.445336	1.60667	0.2712842	0.4652581
6126	-434.5224	-590.4113	155.8889	2.412455	0.6373025	0.2712842	0.4913549
6132	-432.5164	-588.3055	155.7891	2.293636	1.347225	0.09606953	0.6739106
6138	-442.9615	-599.0445	156.083	2.490185	0.9599098	0.07523685	0.5362205
6144	-438.4052	-594.1085	155.7033	2.224728	1.831878	0.06414091	0.5701564
6150	-440.1945	-595.2936	155.0991	2.446097	1.892419	0.1411898	0.6307139
6156	-443.1978	-598.6961	155.4983	2.210904	2.229581	0.0612034	0.5787936
6162	-450.3544	-605.0259	154.6714	2.001325	3.461663	0.08654088	1.066869
6168	-453.6296	-608.905	155.2753	1.731298	3.233085	0.0537061	0.9806616
6174	-445.6146	-600.6576	155.043	1.94508	3.233085	0.05741002	0.9806616
6180	-450.4034	-607.2388	156.8354	2.051699	0.4798806	0.05334391	1.109023
6186	-435.1488	-592.0847	156.9359	1.896895	0.5021129	0.1280271	0.7707184
6192	-437.3405	-593.2306	155.8901	2.067196	1.004451	0.2217517	0.6662627
6198	-442.6255	-598.6687	156.0433	1.986623	1.004451	0.1602595	0.8410736
6204	-437.3468	-593.2812	155.9344	1.565649	0.6101687	0.2719117	1.452258
6210	-443.3264	-598.0741	154.7477	1.747067	0.7372109	0.5896457	1.628636
6216	-441.8993	-595.4643	153.5651	2.134795	0.8119197	1.322398	1.571899
6222	-437.4322	-591.0922	153.66	1.9195	0.6119947	1.107552	1.965762
6228	-445.6153	-601.0546	155.4392	1.981381	0.7599463	0.4714385	1.003434
6234	-450.0114	-605.3695	155.3582	2.170174	0.7099651	0.468433	0.9629787
6240	-438.0101	-594.2115	156.2014	1.942894	0.6731822	0.1609915	1.113002
6246	-440.6224	-596.9061	156.2837	1.828968	0.5568276	0.2975202	0.9339436
6252	-436.3412	-592.5355	156.1943	1.830822	0.4567382	0.3199239	1.129092
6258	-430.3132	-586.6617	156.3486	1.888673	0.631695	0.2021248	0.9515237
6264	-431.6208	-588.7738	157.153	1.956991	0.3991215	0.123553	0.6374934
6270	-426.56	-583.5336	156.9736	2.034978	0.3991215	0.1384472	0.7235984
6276	-429.2812	-586.2143	156.9331	1.926541	0.4558108	0.1384472	0.7892514
6282	-435.7968	-592.1973	156.4005	1.908539	0.5441626	0.2328649	0.9192407
6288	-450.6807	-606.5118	155.8311	2.270315	0.8408904	0.2328649	0.6644293
6294	-440.5908	-596.5697	155.9788	1.900477	0.8408904	0.2009891	1.049432
6300	-440.3143	-596.7954	156.4812	1.813039	0.5249204	0.2009891	1.057191
6306	-460.507	-616.94	156.433	2.378647	0.4314038	0.2009891	0.5658485
6312	-440.3181	-596.7582	156.4401	2.32764	0.4314038	0.2160242	0.5658485
6318	-429.9559	-587.0992	157.1433	2.037403	0.4314038	0.09029128	0.6509822
6324	-436.1761	-592.7997	156.6236	1.94272	0.7703342	0.09029128	0.8291439
6330	-443.4422	-599.7003	156.258	2.082378	0.7703342	0.0760108	1.128863
6336	-438.3438	-593.8885	155.5447	2.186995	1.446914	0.1649361	0.6983163
6342	-442.6474	-598.9667	156.3193	2.162845	0.546523	0.2422912	0.6262319
6348	-447.6821	-603.7926	156.1105	2.017626	0.546523	0.369954	0.7365266
6354	-446.0672	-602.0054	155.9381	2.17657	0.532263	0.369954	0.7885355
6360	-439.3286	-594.7559	155.4273	2.331431	0.9385329	0.3424113	0.5976297
6366	-426.5884	-581.9725	155.3841	2.266626	0.9385329	0.394914	0.6007112
6372	-430.891	-587.1343	156.2433	2.163573	0.6358112	0.2050425	0.7204232
6378	-433.4696	-589.4517	155.9821	2.325963	0.7294124	0.2224187	0.4880759
6384	-427.7503	-584.618	156.8677	2.452215	0.3009519	0.1312532	0.5130321
6390	-437.6797	-594.3353	156.6556	2.150527	0.4856898	0.1547168	0.7047154
6396	-432.1416	-588.4634	156.3217	1.880868	0.8872329	0.1474491	0.8335597
6402	-423.7433	-580.2679	156.5247	1.895982	0.8361626	0.07952202	0.961719
6408	-438.6538	-594.6216	155.9678	2.042319	0.7509359	0.2680633	0.8265673
6414	-440.1789	-596.3933	156.2143	2.100031	0.5611969	0.1715659	1.071247
6420	-432.0353	-589.2948	157.2595	1.76038	0.3491396	0.1029136	0.999249
6426	-433.6003	-590.4061	156.8057	2.058068	0.5212733	0.1111302	0.7765059
6432	-436.2952	-593.0077	156.7125	2.151285	0.5212733	0.1111302	0.7765059
6438	-433.0092	-589.4936	156.4844	1.995073	0.8024093	0.1111302	0.7765059
6444	-437.1228	-591.5792	154.4565	2.329408	0.8024093	0.9828514	0.9197538
6450	-440.2971	-596.9249	156.6278	2.164806	0.6730289	0.08141217	0.7433232
6456	-433.2253	-590.1585	156.9332	2.493394	0.3452768	0.08141217	0.4703108
6462	-441.378	-597.9727	156.5947	2.418976	0.57422	0.08141217	0.5699637
6468	-443.9431	-600.8732	156.9301	2.19964	0.440609	0.1058928	0.5546386
6474	-449.4863	-606.2791	156.7928	2.05013	0.440609	0.1399046	0.8391263
6480	-446.3477	-603.1273	156.7796	2.06897	0.5112854	0.1434597	0.6095442
6486	-428.9309	-585.4822	156.5512	2.06897	0.371143	0.2443456	0.8787984
6492	-436.6378	-592.7942	156.1564	1.828267	0.596272	0.2443456	1.129868
6498	-448.0052	-604.3141	156.3089	1.750994	0.596272	0.1069459	1.437564
6504	-450.0096	-605.5953	155.5856	1.985019	1.058517	0.1193931	1.358363
6510	-426.9669	-583.5695	156.6026	1.973565	0.4223651	0.09605907	1.291571
6516	-428.9759	-585.1748	156.199	2.023874	0.7155683	0.2359412	0.7040264
6522	-449.8069	-606.0453	156.2384	1.674047	1.230445	0.09717268	1.004433
6528	-445.5638	-602.2731	156.7093	1.520479	0.4758038	0.09717268	1.48426
6534	-439.7502	-596.5716	156.8213	1.455671	0.4375476	0.09717268	1.499408
6540	-431.6682	-588.4893	156.8211	1.679474	0.5487943	0.09717268	1.170898
6546	-447.2984	-603.585	156.2866	1.808087	0.5486379	0.2223309	1.149136
6552	-436.7347	-592.9742	156.2395	2.088102	0.524966	0.262811	0.8416716
6558	-431.4549	-586.6071	155.1522	2.039153	0.8898453	0.393356	1.206771
6564	-437.7443	-592.9606	155.2164	1.982739	0.8898453	0.5563887	0.9346676
6570	-447.5766	-603.592	156.0154	1.947037	0.3488604	0.5286512	1.016201
6576	-428.0854	-583.9295	155.8441	1.913648	0.9772676	0.254783	0.8667075
6582	-426.4967	-582.2903	155.7937	2.032134	1.105528	0.2107769	0.7740736
6588	-436.9212	-592.6334	155.7121	2.190632	1.074364	0.2107769	0.6996455
6594	-442.1118	-597.9291	155.8173	2.637571	0.6982427	0.1863576	0.5014243
6600	-440.2866	-596.7675	156.4809	1.990911	0.3545521	0.346061	0.8074349
6606	-437.2184	-593.0778	155.8594	2.056552	0.7038821	0.346061	0.7928824
6612	-435.5573	-591.3713	155.814	2.077339	0.7038821	0.346061	0.8251394
6618	-434.9802	-591.5003	156.52	2.194217	0.4637577	0.2079543	0.6254604
6624	-444.5736	-601.1672	156.5936	2.106006	0.4637577	0.2079543	0.6584814
6630	-432.6386	-588.2876	155.6489	2.020052	0.7936577	0.4168067	0.785639
6636	-436.794	-593.0006	156.2066	1.836281	0.7936577	0.1932062	0.9647286
6642	-426.8345	-583.6674	156.8329	1.76624	0.4538859	0.1137477	1.16173
6648	-436.7581	-593.3344	156.5763	1.888789	0.4538859	0.1129456	1.278102
6654	-440.2668	-596.2823	156.0156	1.653016	0.919461	0.1573324	1.28074
6660	-433.5934	-588.539	154.9456	1.568485	2.855379	0.1254338	1.28074
6666	-434.5976	-590.2315	155.634	1.70728	1.561418	0.1254338	1.187626
6672	-442.4058	-597.9054	155.4996	1.85963	1.657549	0.1552855	1.010046
6678	-439.0671	-594.6357	155.5686	1.525987	1.657549	0.1084422	1.389827
6684	-433.1865	-588.1143	154.9278	1.323234	1.043718	0.1084422	2.313515
6690	-445.8913	-601.6037	155.7124	1.334571	1.018254	0.05571283	1.967255
6696	-440.4492	-595.7779	155.3287	1.504465	1.253082	0.05571283	1.967255
6702	-450.2349	-604.7931	154.5582	1.48964	1.470184	0.0788828	2.295042
6708	-433.7953	-589.5531	155.7578	1.57516	1.425224	0.1704379	1.143355
6714	-447.0834	-602.11	155.0267	1.584009	1.086583	0.3159418	1.6285
6720	-444.3758	-599.0642	154.6883	1.676518	3.278226	0.1492104	1.184183
6726	-436.3434	-592.3517	156.0083	2.137223	1.002476	0.1492104	0.7378561
6732	-430.6401	-586.5918	155.9517	2.044049	0.7535021	0.284591	0.7879545
6738	-453.6082	-609.1878	155.5796	1.596545	0.7535021	0.284591	1.529338
6744	-436.1854	-592.6932	156.5078	2.049526	0.5615358	0.127101	0.9865822
6750	-448.8375	-604.121	155.2836	1.966777	2.072765	0.1904461	0.6818183
6756	-437.5565	-592.8848	155.3283	1.918704	2.322067	0.1245893	0.8220244
6762	-439.5193	-595.771	156.2517	1.722227	1.094576	0.1245893	0.9516838
6768	-436.5753	-592.7098	156.1345	1.73946	0.9728483	0.1110979	1.206245
6774	-429.8727	-585.7373	155.8645	1.634009	0.9728483	0.1265152	1.458569
6780	-442.5352	-598.0721	155.5369	1.662914	1.288843	0.2342615	1.188311
6786	-435.6075	-590.793	155.1855	1.701051	1.288843	0.2342615	1.441554
6792	-432.4972	-588.618	156.1208	1.455957	1.288843	0.09829282	1.257844
6798	-436.7294	-592.1756	155.4462	1.473463	1.374039	0.09829282	1.703799
6804	-427.5549	-583.6934	156.1386	1.484998	0.7668225	0.09829282	1.620245
6810	-434.5523	-590.2432	155.6909	1.46976	0.9133572	0.0569822	1.959049
6816	-430.2256	-584.0302	153.8045	1.593875	7.689629	0.04017867	1.383298
6822	-428.5534	-583.5393	154.9859	1.449286	2.901196	0.1079795	1.383298
6828	-439.5716	-594.0053	154.4338	1.353189	2.055304	0.1079795	2.135286
6834	-437.8424	-593.3961	155.5537	1.29588	1.952282	0.1079795	1.435621
6840	-441.9027	-596.6666	154.7639	1.208884	2.091891	0.08675669	2.059348
6846	-432.9741	-587.3251	154.351	1.222373	2.623644	0.08675669	2.141209
6852	-436.3401	-591.3535	155.0134	1.61542	3.151304	0.1052135	1.144719
6858	-432.6994	-588.4498	155.7503	1.638746	1.317246	0.1052135	1.367114
6864	-436.329	-592.4186	156.0895	1.819412	1.317246	0.1052135	0.8958086
6870	-439.3802	-594.713	155.3329	2.022195	1.798026	0.1794403	0.8244193
6876	-437.6971	-593.1768	155.4798	1.809677	1.798026	0.1794403	0.9024543
6882	-447.4269	-601.6149	154.1879	2.761065	0.6873471	1.143443	0.6875888
6888	-458.2786	-612.808	154.5295	2.580677	0.5185406	1.243256	0.6819747
6894	-447.5774	-601.598	154.0206	2.753251	0.8030235	1.243256	0.5140346
6900	-448.1007	-602.165	154.0644	2.623374	0.8030235	1.243256	0.7377072
6906	-447.4084	-600.9257	153.5173	2.851099	0.5442136	2.251583	0.7343902
6912	-435.4707	-592.0323	156.5616	2.201838	0.5397212	0.1240412	0.803852
6918	-433.0713	-589.4849	156.4136	2.144525	0.5397212	0.2171778	0.6353075
6924	-433.6569	-590.0726	156.4156	2.132661	0.5397212	0.2171778	0.6571247
6930	-428.0435	-584.4521	156.4087	2.087326	0.5397212	0.2171778	0.7481038
6936	-427.6987	-584.1148	156.4161	2.012488	0.5224534	0.2171778	0.8722093
6942	-438.4749	-594.7953	156.3205	1.910144	0.768174	0.1575006	0.920014
6948	-429.0641	-585.9547	156.8907	1.785613	0.4061747	0.1402284	1.079961
6954	-434.0953	-589.2975	155.2021	2.055137	0.6219687	0.6439679	1.079961
6960	-440.7155	-595.8871	155.1716	2.349623	1.113934	0.3820109	0.5156937
6966	-442.1126	-598.2476	156.135	2.265378	0.8970852	0.129201	0.5891978
6972	-441.2991	-596.4182	155.1191	2.624359	1.297144	0.2102277	0.3907957
6978	-456.1494	-612.8212	156.6719	2.460534	0.4523669	0.09769735	0.4147974
6984	-445.5223	-602.276	156.7537	2.394891	0.4523669	0.09769735	0.50907
6990	-435.0681	-591.9587	156.8907	2.531005	0.3423184	0.08274241	0.4432571
6996	-434.2097	-590.3371	156.1274	2.593946	0.4441735	0.196548	0.3181247
7002	-426.4007	-582.0177	155.617	2.248963	1.225586	0.196548	0.556825
7008	-444.5492	-600.5361	155.9869	2.097245	0.5883296	0.2030497	1.154559
7014	-437.6321	-593.4051	155.7731	1.649231	0.5966252	0.4205135	1.278226
7020	-451.4309	-606.9925	155.5616	1.828956	0.5966252	0.4092466	1.321264
7026	-445.4524	-601.0076	155.5552	1.862645	0.6474227	0.3591183	1.321264
7032	-447.1921	-603.3178	156.1257	2.03448	0.6474227	0.2818009	0.7603639
7038	-433.3289	-588.8912	155.5623	2.263242	0.797831	0.3447853	0.7603639
7044	-429.6711	-586.2141	156.543	2.046529	0.797831	0.07210541	0.8624919
7050	-446.6387	-602.9762	156.3375	1.929579	0.7895241	0.137287	0.9302343
7056	-448.9898	-605.5228	156.5329	1.852012	0.7128032	0.137287	0.9049765
7062	-450.1317	-605.9691	155.8374	2.128714	0.7128032	0.3238518	0.7742456
7068	-432.9657	-589.3967	156.431	2.120738	0.5027453	0.2121878	0.7742456
7074	-440.0634	-595.2105	155.1472	2.103698	1.14454	0.2875375	1.133531
7080	-441.0289	-596.0962	155.0674	1.813614	1.68747	0.2875375	1.087805
7086	-439.1149	-594.7814	155.6665	1.9845	0.7167956	0.2320056	1.301884
7092	-429.823	-586.2633	156.4403	1.850216	0.5875101	0.1437192	1.143739
7098	-435.9766	-592.3117	156.3351	1.770418	1.044168	0.1368902	0.7997685
7104	-432.0235	-588.1866	156.1631	2.11211	0.4443521	0.2844978	0.9908258
7110	-427.4332	-582.5309	155.0978	2.540877	0.6272458	0.6368845	0.4299735
7116	-432.6978	-588.3504	155.6526	2.401577	0.6248989	0.3834533	0.596649
7122	-436.2047	-592.013	155.8083	2.380093	0.5953598	0.3389891	0.596649
7128	-428.7797	-584.2022	155.4225	2.402083	0.8643217	0.3389891	0.6520394
7134	-432.9119	-588.7045	155.7926	2.499411	0.5291653	0.3389891	0.4213869
7140	-435.5774	-590.8182	155.2408	2.383349	0.9655754	0.3791856	0.670242
7146	-443.1061	-598.7413	155.6352	2.169843	0.9655754	0.2684361	0.7771841
7152	-439.4218	-596.0287	156.6069	2.194674	0.3867872	0.2224736	0.6564049
7158	-433.5698	-590.4432	156.8734	1.768644	0.3867872	0.2187087	0.8984021
7164	-434.8072	-589.5336	154.7263	2.17184	2.095595	0.2872672	0.8012722
7170	-443.7097	-600.0119	156.3022	2.170149	1.08623	0.06308866	0.6494969
7176	-437.3149	-592.4249	155.11	2.475889	1.08623	0.354838	0.5978716
7182	-450.2797	-605.2992	155.0194	2.485362	1.360497	0.2920746	0.4736731
7188	-454.3062	-610.4883	156.1821	2.013406	1.360497	0.06136453	0.7379479
7194	-455.3544	-611.5513	156.1968	1.71027	0.7813766	0.2031929	1.08258
7200	-447.4057	-604.0016	156.596	2.190993	0.4422604	0.155754	0.8354005
7206	-457.9468	-614.5803	156.6335	1.887844	0.5888184	0.155754	0.868723
7212	-448.0856	-603.3781	155.2925	2.276662	1.087981	0.1161258	1.347636
7218	-445.0651	-600.3072	155.242	1.957422	1.087981	0.2658999	1.267803
7224	-434.9336	-590.7316	155.798	1.63654	0.5729107	0.2658999	1.553666
7230	-441.0829	-596.3377	155.2548	1.555059	1.590508	0.1373559	1.555633
7236	-432.7791	-588.1456	155.3665	1.776545	0.7249793	0.1822163	1.780124
7242	-427.6985	-583.6549	155.9564	1.610624	0.7249793	0.1806807	1.477347
7248	-422.6705	-578.346	155.6755	1.74935	0.7231755	0.2688125	1.398651
7254	-431.2431	-586.8842	155.6411	1.92414	0.7231755	0.2688125	1.286779
7260	-428.7172	-585.0503	156.3332	1.894677	0.3501799	0.2678179	1.237568
7266	-436.2319	-592.2423	156.0104	2.293691	0.42608	0.3747497	0.763485
7272	-436.7474	-593.0937	156.3463	2.195024	0.42608	0.2766825	0.7335901
7278	-443.063	-599.2775	156.2146	2.10107	0.5974733	0.2810808	0.6025486
7284	-437.3819	-594.0988	156.7169	1.983233	0.4306303	0.2200916	0.703366
7290	-437.586	-593.535	155.949	2.306061	0.7745878	0.2200916	0.4566002
7296	-440.5342	-596.1451	155.6109	2.261144	1.136442	0.2200916	0.5734207
7302	-453.4174	-609.8196	156.4022	2.177466	0.5417987	0.2109209	0.6185381
7308	-449.817	-606.808	156.991	2.075191	0.5641285	0.06945187	0.6273541
7314	-460.1747	-616.9466	156.7719	1.67885	0.494183	0.06945187	1.38759
7320	-452.074	-608.4304	156.3564	1.74741	0.6826864	0.1471519	1.180167
7326	-447.7628	-603.6778	155.9149	2.034146	0.6826864	0.2374862	1.069119
7332	-439.1603	-594.6447	155.4845	1.892709	1.008332	0.4412916	0.8045905
7338	-439.6574	-595.1353	155.4778	2.119899	0.7194234	0.2969191	1.20686
7344	-435.4128	-591.4513	156.0384	2.165669	0.7194234	0.2394217	0.7115625
7350	-444.1594	-598.5306	154.3711	2.542176	0.7194234	1.121941	0.7115625
7356	-460.1897	-614.5672	154.3775	2.395951	0.7194234	1.121941	0.8976652
7362	-441.9398	-596.5551	154.6154	2.360666	0.7194234	0.9756302	0.8245245
7368	-452.3616	-607.0187	154.6571	2.203069	0.8272796	0.9756302	0.8053811
7374	-448.711	-603.0639	154.3529	2.109656	0.8272796	0.9756302	1.20613
7380	-438.1652	-593.9847	155.8195	1.905174	0.7333459	0.3945206	0.8626519
7386	-433.6982	-589.7844	156.0862	1.890776	0.7333459	0.1860246	1.120396
7392	-432.8478	-588.4064	155.5586	1.795892	0.6925426	0.1992523	1.622904
7398	-437.8002	-593.2214	155.4212	1.937474	0.6925426	0.432326	1.202128
7404	-443.434	-599.1748	155.7408	1.650686	0.6925426	0.315894	1.368341
7410	-435.1654	-591.0892	155.9239	1.638808	0.5398154	0.1953813	1.638749
7416	-443.135	-599.7528	156.6179	1.494706	0.5237458	0.09495392	1.51983
7422	-437.9353	-594.1608	156.2255	1.623893	0.8686704	0.05550041	1.513826
7428	-427.6449	-583.9994	156.3545	1.620022	0.4639475	0.3033607	1.195475
7434	-441.3336	-596.4694	155.1358	1.515815	0.4639475	0.3033607	2.150523
7440	-447.4655	-602.7833	155.3179	1.372086	0.9716308	0.1594982	1.949148
7446	-443.114	-599.3454	156.2314	1.696558	0.8361024	0.1264207	1.234424
7452	-443.3644	-599.5873	156.2229	2.206944	0.6753455	0.2043228	0.4811421
7458	-427.5835	-583.6775	156.0939	2.477571	0.5754849	0.2043228	0.48984
7464	-434.1626	-589.3957	155.2331	2.504392	0.5754849	0.6276878	0.498507
7470	-432.194	-587.1301	154.9361	2.372426	0.8854049	0.6276878	0.6429449
7476	-440.2119	-596.0823	155.8705	2.299953	0.5004906	0.430429	0.5167756
7482	-428.8267	-583.6748	154.8481	2.4636	1.118037	0.4940562	0.5372966
7488	-429.2101	-585.8589	156.6488	1.952093	0.4626874	0.2227647	0.7578673
7494	-433.99	-590.3588	156.3687	1.879419	0.697776	0.2227647	0.7578673
7500	-436.8221	-592.763	155.9409	1.939871	1.14432	0.1844599	0.7578673
7506	-423.5999	-579.5318	155.9318	2.169347	1.084566	0.1417824	0.7240144
7512	-424.8892	-580.8056	155.9164	1.781268	1.084566	0.2304362	0.8899521
7518	-417.4036	-573.247	155.8434	1.848629	1.084566	0.221399	0.924272
7524	-423.8005	-579.7662	155.9657	2.12258	0.7293911	0.221399	0.9119584
7530	-426.498	-583.167	156.6689	2.16383	0.6719298	0.08015098	0.6887226
7536	-413.8352	-570.6718	156.8366	2.176141	0.4216707	0.1416211	0.6042234
7542	-423.0023	-579.727	156.7247	2.174283	0.4216707	0.1749975	0.6042234
7548	-429.3234	-585.9526	156.6292	2.25716	0.5016918	0.1391509	0.5898573
7554	-423.168	-579.8398	156.6718	2.228689	0.5016918	0.1391509	0.5138058
7560	-424.0097	-580.9288	156.9191	2.228689	0.2911618	0.1878328	0.5398869
7566	-423.6791	-580.3088	156.6297	2.17842	0.3523168	0.1878328	0.8932951
7572	-429.8348	-585.7034	155.8687	1.814529	1.236287	0.1878328	0.8932951
7578	-439.2827	-595.8539	156.5712	2.018969	0.4163879	0.2360169	0.8358225
7584	-442.6918	-599.7961	157.1044	2.018969	0.4163879	0.09506351	0.7616325
7590	-446.7341	-602.7612	156.027	2.145266	0.3958578	0.3522351	1.031621
7596	-446.2119	-601.2461	155.0342	2.050839	0.7796476	0.6950399	0.9808656
7602	-435.2901	-590.1045	154.8145	2.366712	0.8768026	0.6950399	0.7273859
7608	-428.789	-584.2025	155.4135	2.359498	1.366829	0.1597991	0.7585221
7614	-433.224	-588.8237	155.5997	2.311377	1.072223	0.2159778	0.6595044
7620	-433.374	-589.0787	155.7047	2.08226	1.114301	0.2270016	0.751955
7626	-425.4465	-581.3985	155.952	2.344306	0.6797535	0.2270016	0.7000667
7632	-432.663	-588.9195	156.2565	2.332155	0.453228	0.2469575	0.6990645
7638	-434.8513	-590.3718	155.5205	2.621459	0.5383053	0.4033397	0.4090397
7644	-446.9319	-600.5593	153.6274	3.186565	0.5383053	1.662892	0.5237027
7650	-438.7026	-594.1906	155.488	2.255053	0.5917626	0.5673342	0.690865
7656	-436.6957	-592.3322	155.6365	2.438577	0.6689361	0.3245963	0.6905495
7662	-443.1129	-599.0277	155.9149	2.227684	1.426672	0.07812938	0.5651442
7668	-437.0487	-593.4493	156.4006	1.804344	0.7495681	0.1026267	1.166845
7674	-436.6327	-592.122	155.4893	2.049852	0.6639603	0.3216728	1.269577
7680	-428.8749	-586.024	157.1491	2.152023	0.4001563	0.06765071	0.7291677
7686	-428.5101	-585.1411	156.6309	2.244743	0.4001563	0.1943438	0.6140194
7692	-433.4559	-589.2294	155.7734	2.334726	0.4723059	0.4794839	0.6168224
7698	-436.8066	-593.043	156.2364	2.333409	0.4157386	0.2850615	0.6832526
7704	-436.4752	-591.9622	155.4869	2.126022	1.269137	0.2555319	0.6898933
7710	-441.8123	-598.5228	156.7105	2.357608	0.5523699	0.07731618	0.4442526
7716	-443.91	-600.4083	156.4983	2.553572	0.5523699	0.07731618	0.4005282
7722	-437.7952	-593.1437	155.3485	2.777808	1.184085	0.1178004	0.3547698
7728	-433.3472	-588.7902	155.443	2.695585	0.4410469	0.4443033	0.3007893
7734	-427.1433	-582.7742	155.631	2.285867	1.38979	0.1421514	0.4917865
7740	-433.4025	-588.6331	155.2306	2.494468	1.312393	0.2200523	0.4480443
7746	-443.2172	-598.1908	154.9736	2.445733	1.312393	0.345431	0.4480443
7752	-436.3033	-591.5142	155.2109	2.488576	1.322851	0.2227308	0.4173671
7758	-439.8193	-595.9346	156.1152	2.513663	0.5041135	0.2227308	0.4704685
7764	-442.1993	-598.5634	156.3641	2.384513	0.4704003	0.1949654	0.4069531
7770	-441.1284	-597.9821	156.8537	2.338908	0.2761333	0.1857654	0.4797491
7776	-448.0485	-605.0247	156.9763	2.338908	0.2290701	0.1857654	0.4814705
7782	-435.4574	-591.2978	155.8405	2.517569	0.4526425	0.373589	0.5461028
7788	-441.2715	-596.3816	155.1101	2.565018	1.181571	0.2839166	0.5018124
7794	-434.6508	-590.0105	155.3597	2.585809	0.8947991	0.2859983	0.4538327
7800	-429.8416	-586.1203	156.2787	2.353296	0.4742663	0.2399859	0.5284688
7806	-438.7668	-595.0054	156.2386	2.367846	0.4742663	0.2474524	0.5625582
7812	-438.1476	-594.6429	156.4954	2.41024	0.3070225	0.2531208	0.3994917
7818	-442.6882	-598.9968	156.3086	1.909876	0.4734808	0.1944394	1.218491
7824	-432.099	-588.0554	155.9564	1.962382	0.9510414	0.1944394	0.906507
7830	-440.4363	-594.3641	153.9277	1.977064	0.9510414	1.033858	1.496099
7836	-442.4389	-598.3078	155.8689	1.592852	1.040901	0.1171876	1.462607
7842	-437.6435	-592.7075	155.064	2.075681	1.040901	0.3786118	1.141802
7848	-431.3075	-587.5688	156.2613	1.643405	0.3962671	0.2383397	1.480435
7854	-432.1551	-588.2709	156.1158	1.835585	0.6442789	0.2461366	1.09382
7860	-429.984	-586.8462	156.8621	1.886787	0.4171211	0.1347786	1.009578
7866	-425.0728	-581.4291	156.3563	2.032312	0.8326587	0.1386053	0.6988047
7872	-435.4624	-591.017	155.5545	1.909918	0.7161622	0.4792422	1.001057
7878	-424.646	-581.024	156.378	1.910382	0.5622669	0.2026569	1.001351
7884	-433.0735	-589.5843	156.5108	1.792922	0.6186694	0.2026569	0.8974295
7890	-430.9099	-587.6382	156.7283	1.792922	0.4184202	0.1983392	1.023184
7896	-430.9889	-588.0644	157.0754	1.866394	0.3791112	0.1328326	0.8910586
7902	-431.0904	-587.2041	156.1137	1.94425	1.23752	0.1212992	0.6956855
7908	-421.0223	-576.9262	155.9039	1.950616	1.23752	0.1616087	0.7845343
7914	-435.2845	-591.5564	156.2719	1.69481	0.6836141	0.1616087	1.253159
7920	-446.7239	-601.9968	155.2729	1.754993	1.71494	0.1616087	1.253771
7926	-452.9643	-608.2578	155.2935	1.670819	0.8738345	0.1671411	1.81563
7932	-443.5477	-599.9747	156.427	1.68105	0.7394971	0.1432335	1.124153
7938	-448.0016	-602.9221	154.9204	1.960082	0.7757752	0.5619948	1.332345
7944	-440.784	-596.6419	155.8579	1.69656	0.5144509	0.3359611	1.408665
7950	-435.003	-590.7084	155.7054	1.688405	0.884125	0.3359611	1.138393
7956	-437.9021	-593.4492	155.5471	2.110664	0.950296	0.3157415	0.8436563
7962	-431.8207	-587.5308	155.7101	2.163548	0.950296	0.2245822	0.8582755
7968	-427.8403	-584.0244	156.1841	2.322141	0.5853402	0.2180293	0.578305
7974	-437.6597	-594.0862	156.4265	2.322141	0.4454188	0.2109136	0.5960269
7980	-430.7466	-586.145	155.3985	2.479601	1.251842	0.1829647	0.5863472
7986	-424.7831	-579.3181	154.5351	1.928866	0.6912791	0.8655934	1.434086
7992	-427.8042	-584.3342	156.53	1.715879	0.483283	0.1443658	1.318086
7998	-440.2842	-596.4098	156.1256	1.638147	0.483283	0.2549424	1.434564
8004	-448.7111	-604.5457	155.8346	1.611102	0.6445931	0.2479501	1.502965
8010	-447.7005	-603.6326	155.9321	1.980497	0.8711617	0.1658137	1.090127
8016	-451.1093	-606.796	155.6868	1.637515	0.8280792	0.2276034	1.461756
8022	-443.3937	-599.3132	155.9195	1.839231	0.8135587	0.1821319	1.236294
8028	-446.7545	-603.9302	157.1757	1.884818	0.3629794	0.1049021	0.9179083
8034	-444.1653	-600.6361	156.4708	1.961037	0.7692837	0.1004495	0.9353025
8040	-441.377	-597.563	156.1861	1.383624	0.7140003	0.1458638	1.572645
8046	-440.281	-595.897	155.616	1.534636	0.6469594	0.2582383	1.695862
8052	-452.4818	-607.4207	154.939	1.500816	2.078578	0.07478566	1.785897
8058	-449.5296	-604.989	155.4594	1.883489	0.7758167	0.1984654	1.556695
8064	-436.5925	-591.9647	155.3722	1.841573	0.7758167	0.4255934	1.246579
8070	-431.1148	-587.0897	155.9749	1.722474	0.7758167	0.2469947	1.167439
8076	-430.3952	-586.456	156.0608	1.902062	0.7758167	0.2469947	0.9103146
8082	-442.708	-600.0413	157.3333	1.851812	0.2464175	0.1579885	0.8561751
8088	-444.0103	-600.0912	156.081	1.940361	0.8833853	0.190099	0.8871798
8094	-443.9852	-601.1748	157.1897	1.763459	0.2799251	0.190099	0.9061225
8100	-431.2256	-588.5546	157.329	1.911848	0.2799251	0.1097116	0.9016997
8106	-435.7146	-591.8196	156.105	1.859954	0.981004	0.1877831	0.8404146
8112	-436.5762	-593.6628	157.0867	2.117163	0.419439	0.07885216	0.7412948
8118	-448.3894	-603.5736	155.1842	2.445356	0.6605196	0.6079413	0.4185071
8124	-440.3583	-595.3367	154.9784	2.420164	0.8540171	0.6079413	0.5630694
8130	-438.359	-594.491	156.132	2.02549	0.8540171	0.2072389	0.6673654
8136	-439.8924	-595.6265	155.7341	2.246255	0.8540171	0.2731863	0.6673654
8142	-461.9994	-618.2327	156.2333	2.035279	0.8293931	0.1711041	0.7186225
8148	-445.5745	-603.0013	157.4268	1.988003	0.2919542	0.09258746	0.7325243
8154	-458.1163	-614.5386	156.4223	2.090516	0.6064208	0.1928985	0.6707486
8160	-443.7736	-599.4063	155.6327	1.975076	1.287832	0.2076217	0.8615
8166	-438.2213	-594.078	155.8567	2.280194	0.4674148	0.4587065	0.6535636
8172	-445.9342	-600.749	154.8148	2.365353	1.15091	0.5559868	0.5530699
8178	-443.0402	-598.4731	155.4329	2.161104	1.15091	0.2926509	0.7393011
8184	-438.5901	-594.0697	155.4796	2.522742	0.9179405	0.254973	0.4996889
8190	-441.1265	-597.2804	156.1539	2.318276	0.5698482	0.2424897	0.5238038
8196	-440.9579	-596.4684	155.5105	2.420711	1.018261	0.2424897	0.4775547
8202	-440.0025	-595.4535	155.451	2.228298	1.729976	0.1405546	0.5162337
8208	-438.8974	-594.3991	155.5017	2.113068	1.729976	0.1405546	0.702656
8214	-427.9807	-584.1828	156.2021	2.24661	0.8150383	0.1405546	0.5948559
8220	-435.0966	-591.3834	156.2869	2.22515	0.7955979	0.1141467	0.7213078
8226	-438.9	-594.6399	155.7398	2.262517	0.7297893	0.3309223	0.6502805
8232	-440.2064	-596.3414	156.135	2.257242	0.6558003	0.2249518	0.4488294
8238	-438.8066	-594.8307	156.0241	2.485103	0.5647393	0.2249518	0.4075527
8244	-437.4356	-593.7137	156.2782	2.468848	0.5647393	0.1543595	0.4909693
8250	-439.4549	-595.4936	156.0387	2.652504	0.4135781	0.25888	0.4698874
8256	-437.0026	-593.8538	156.8512	2.349412	0.4135781	0.1007904	0.5561427
8262	-438.6617	-595.2747	156.613	2.423366	0.3488989	0.1796557	0.5774876
8268	-433.5156	-589.9822	156.4666	2.251509	0.5291913	0.1796557	0.4845649
8274	-439.2962	-594.4075	155.1113	2.325129	0.9511994	0.5174546	0.4664444
8280	-428.6223	-584.0434	155.4211	2.479424	0.5774437	0.5174546	0.4942178
8286	-431.1844	-586.8485	155.664	2.479424	1.287533	0.10458	0.5224712
8292	-420.4734	-576.7836	156.3101	2.314733	0.5279361	0.2070349	0.5824895
8298	-422.2196	-577.8296	155.61	2.235458	0.7145706	0.4242479	0.6243995
8304	-425.8768	-581.9184	156.0416	2.135386	0.8974707	0.1515858	0.8334984
8310	-431.1683	-587.6345	156.4662	2.061618	0.6432679	0.1515858	0.7799871
8316	-435.1502	-591.9112	156.761	1.958386	0.4911987	0.1395323	0.8832374
8322	-442.6012	-598.0971	155.4958	1.870489	0.5169569	0.363856	1.504071
8328	-429.5976	-585.9178	156.3202	2.003651	0.5999285	0.2361166	0.7892398
8334	-428.86	-584.8751	156.0152	1.999517	0.8462247	0.2361166	0.7814078
8340	-429.96	-585.5986	155.6386	1.925128	1.04577	0.332018	0.7952263
8346	-424.0661	-579.6052	155.5391	2.037531	0.961803	0.2546921	1.071228
8352	-445.22	-601.4877	156.2678	1.604418	0.961803	0.1099529	1.221314
8358	-438.1218	-594.6969	156.5751	1.787482	0.3996593	0.09984522	1.479757
8364	-429.9768	-586.569	156.5922	2.043834	0.6194342	0.09984522	0.9298554
8370	-443.5612	-599.161	155.5999	2.24895	0.5798353	0.5145866	0.6805885
8376	-440.8643	-596.9036	156.0394	2.045013	0.5798353	0.3420722	0.8091703
8382	-450.7675	-606.8643	156.0968	2.045013	0.440451	0.3420722	1.000704
8388	-453.0836	-609.8577	156.7741	1.540865	0.5490348	0.1319976	1.210365
8394	-449.5668	-606.1935	156.6267	2.059831	0.4888415	0.141606	0.9162402
8400	-437.2888	-593.1339	155.8451	1.935541	0.7738219	0.2532629	1.079816
8406	-434.1447	-590.2647	156.12	1.973241	0.6058689	0.2532629	0.9917212
8412	-430.0017	-585.948	155.9463	2.056386	0.7423211	0.3081494	0.7155067
8418	-426.4495	-582.1086	155.6591	2.230987	0.5415253	0.5515175	0.5799434
8424	-422.0748	-578.9272	156.8524	1.912213	0.5356996	0.1252016	0.8046953
8430	-423.7909	-580.8852	157.0943	1.99716	0.3642666	0.1234947	0.7867757
8436	-424.533	-581.556	157.023	2.144203	0.3642666	0.1234947	0.6641659
8442	-423.1887	-580.4319	157.2432	1.9102	0.3642666	0.1234947	0.6906124
8448	-430.0905	-587.0955	157.005	1.889028	0.4172751	0.1234947	0.9017296
8454	-436.7024	-593.1241	156.4218	1.895618	0.6674612	0.1361347	1.040393
8460	-432.7598	-589.2142	156.4544	2.150197	0.4667433	0.2069944	0.8056992
8466	-429.86	-586.3804	156.5204	2.162485	0.4667433	0.2069944	0.686508
8472	-431.1901	-586.8892	155.6992	2.142766	0.6660877	0.3798005	0.861892
8478	-425.7768	-581.5087	155.7319	2.241152	0.6596671	0.4060391	0.5550869
8484	-438.6437	-594.1953	155.5516	2.174565	1.740832	0.1127502	0.6803921
8490	-441.3324	-596.7124	155.38	2.365082	1.131859	0.2671471	0.594377
8496	-448.0793	-603.8271	155.7478	2.195114	1.020272	0.2319508	0.594377
8502	-437.6405	-593.8871	156.2466	2.272602	0.5797049	0.214756	0.594377
8508	-441.9134	-598.0764	156.163	2.424629	0.5797049	0.19667	0.5177142
8514	-432.9317	-588.6285	155.6968	2.779482	0.5797049	0.228623	0.4069733
8520	-428.6911	-584.8079	156.1168	2.257274	0.6658303	0.228623	0.5020828
8526	-434.8757	-590.9948	156.1191	2.139472	0.6658303	0.2596968	0.6398209
8532	-441.547	-597.3652	155.8182	2.176232	1.009614	0.2112602	0.6398209
8538	-436.0137	-591.5061	155.4925	2.41328	1.009614	0.2516348	0.4294297
8544	-427.5476	-583.5169	155.9694	2.462503	1.009614	0.09591591	0.5144999
8550	-433.5965	-589.979	156.3825	2.299493	0.5904675	0.1620842	0.5144999
8556	-450.1819	-606.3666	156.1848	2.342563	0.67445	0.1620842	0.6495637
8562	-436.2323	-592.42	156.1877	2.373045	0.67445	0.1617142	0.5530825
8568	-449.208	-606.1052	156.8972	2.393926	0.3109565	0.1268814	0.6141118
8574	-435.0207	-591.249	156.2283	1.723801	1.009996	0.1367279	1.010429
8580	-437.2981	-593.0453	155.7472	2.001212	1.267079	0.1367279	0.9801846
8586	-437.2363	-593.3607	156.1244	1.817138	0.7500409	0.1367279	1.276014
8592	-436.9499	-592.6423	155.6924	2.120881	0.7264222	0.2798885	1.041131
8598	-441.9922	-597.9575	155.9654	1.511267	0.6270795	0.1699059	1.665087
8604	-444.4103	-600.6244	156.2141	1.525672	0.9675832	0.1131978	1.314871
8610	-439.9959	-596.5901	156.5942	1.497598	0.6667336	0.1131978	1.314871
8616	-449.6681	-605.1873	155.5192	1.575508	0.6667336	0.08163849	2.120029
8622	-450.6633	-606.4592	155.7959	1.715263	1.011403	0.04980575	1.672043
8628	-438.0478	-593.8773	155.8295	1.948468	1.011403	0.2297273	0.8810544
8634	-445.2957	-601.9251	156.6294	2.200563	0.5063845	0.1370001	0.7127941
8640	-445.233	-601.6471	156.4141	1.976521	0.8208764	0.1370001	0.7280149
8646	-446.4202	-602.6718	156.2516	1.831554	0.8357089	0.1370001	1.062001
8652	-439.1324	-595.0865	155.9541	1.608905	0.8357089	0.1605728	1.428983
8658	-443.9345	-601.112	157.1775	1.496699	0.4902988	0.07546983	1.186599
8664	-444.1125	-599.1206	155.0081	1.517506	2.004362	0.1075325	1.653911
8670	-442.8651	-598.4147	155.5496	1.517506	2.004362	0.1075325	1.238581
8676	-441.3553	-597.6766	156.3214	2.115919	0.8823635	0.06165813	0.9791773
8682	-447.1074	-600.654	153.5466	2.131678	0.8343559	1.391016	1.528531
8688	-448.6825	-603.3133	154.6308	1.836417	1.077495	0.4637809	1.526226
8694	-441.5168	-596.2591	154.7423	2.286892	1.077495	0.5945272	0.8460701
8700	-446.6703	-601.9816	155.3113	2.308915	1.283645	0.2700617	0.5293288
8706	-433.892	-589.3879	155.4958	2.100998	1.241526	0.2700617	0.6944427
8712	-442.9932	-598.4241	155.4309	2.158057	2.359179	0.07032552	0.6037201
8718	-445.203	-600.4277	155.2247	2.219987	2.687307	0.07032552	0.5391192
8724	-459.4551	-614.7181	155.263	2.301488	2.435185	0.07032552	0.5504443
8730	-447.7536	-604.1034	156.3498	2.113393	0.5889362	0.1954455	0.7796773
8736	-423.3875	-580.0155	156.628	2.018545	0.8407317	0.06628267	0.759404
8742	-437.069	-593.478	156.409	2.060831	0.9465815	0.101752	0.5294876
8748	-446.6484	-602.7551	156.1067	2.072623	1.022682	0.133641	0.7415774
8754	-430.327	-586.7639	156.437	2.001938	0.5656529	0.2404134	0.6678468
8760	-441.598	-597.7939	156.1959	2.054275	1.153615	0.09151576	0.7032379
8766	-424.7995	-581.7907	156.9912	2.012623	0.4815111	0.1013238	0.7259063
8772	-426.0975	-582.2011	156.1037	1.930874	1.186412	0.1341694	0.7270887
8778	-425.5206	-581.6832	156.1625	2.0341	0.6283254	0.2867406	0.7270887
8784	-421.5353	-577.6779	156.1426	2.0341	0.6764949	0.2867406	0.6412554
8790	-419.255	-575.248	155.993	1.960922	0.6764949	0.3289042	0.8381941
8796	-429.7655	-585.7807	156.0152	1.982167	0.6764949	0.3289042	0.7814649
8802	-424.2952	-581.7557	157.4605	2.117018	0.2741624	0.08358974	0.5440934
8808	-430.4069	-586.5953	156.1884	2.310513	0.7932975	0.1381723	0.501617
8814	-431.1326	-586.8934	155.7609	1.863511	0.7932975	0.3898128	0.9044118
8820	-446.133	-601.7257	155.5927	2.063179	1.381576	0.1561376	0.9067925
8826	-436.8901	-593.8803	156.9902	2.344292	0.4348152	0.05931055	0.6164995
8832	-435.9713	-592.8112	156.8399	2.235617	0.521604	0.0871332	0.5382753
8838	-450.5241	-606.5265	156.0024	2.413782	0.8297569	0.143711	0.6071232
8844	-449.4225	-604.6486	155.2261	2.433762	0.8297569	0.4497663	0.6232688
8850	-464.2034	-618.6641	154.4607	2.94771	0.3936384	1.124382	0.3249489
8856	-454.981	-609.2379	154.2569	2.649877	0.7411937	1.124382	0.6696124
8862	-444.9219	-599.9216	154.9997	2.365477	0.3398589	1.280273	0.7555666
8868	-439.1432	-593.3823	154.2391	2.526071	0.7392051	1.117846	0.8828289
8874	-433.678	-589.0066	155.3286	2.491369	0.6097264	0.5357638	0.5466011
8880	-446.0014	-601.1298	155.1285	2.491369	0.4223193	0.9286772	0.5620762
8886	-440.1499	-595.0981	154.9482	2.380705	0.5384829	0.9286772	0.7582321
8892	-447.7448	-602.8569	155.1121	1.975797	0.5384829	0.5570401	1.430654
8898	-446.329	-603.2594	156.9304	1.805665	0.3580737	0.1648591	1.032694
8904	-448.4895	-603.7644	155.2749	1.863459	1.093488	0.412636	1.035554
8910	-438.7425	-595.4245	156.682	2.098534	0.4218879	0.1833773	0.7732279
8916	-434.7403	-590.3706	155.6303	2.052256	1.100781	0.1977931	0.9901448
8922	-439.785	-595.1918	155.4067	1.463925	1.110037	0.2833715	1.476632
8928	-442.4858	-598.9846	156.4987	1.529507	0.4069458	0.2094936	1.432181
8934	-453.4822	-609.5881	156.106	1.841479	0.7726901	0.2716762	0.8598286
8940	-449.3817	-605.0792	155.6976	1.864466	0.8029256	0.303784	1.134788
8946	-447.4877	-603.2676	155.7799	2.056429	0.7996623	0.2514672	1.00092
8952	-447.573	-603.6622	156.0892	1.711909	0.7996623	0.1664552	1.256805
8958	-428.7829	-584.6189	155.836	1.95297	0.7996623	0.329782	0.8487872
8964	-435.5654	-590.8272	155.2618	1.954169	1.844633	0.235745	0.7482792
8970	-441.6153	-596.9543	155.3391	1.822341	1.844633	0.2063604	0.9206046
8976	-434.0959	-589.8045	155.7086	1.823853	1.504435	0.2063604	0.7425437
8982	-436.3174	-592.0144	155.697	2.025985	1.504435	0.1309723	0.8241157
8988	-428.6605	-584.3388	155.6783	2.268343	0.891849	0.1941305	0.9456296
8994	-437.5519	-593.4917	155.9398	1.846555	0.5681458	0.3494281	1.123041
9000	-448.8644	-605.2143	156.3499	1.534336	1.049059	0.1215376	1.093482
9006	-434.9514	-590.7405	155.7891	1.891182	1.25176	0.1245078	1.102463
9012	-445.6039	-602.2322	156.6283	1.957793	0.662239	0.1245078	0.8001985
9018	-453.2513	-610.3062	157.0549	1.721438	0.4844751	0.1245078	0.8952661
9024	-449.3192	-605.7829	156.4637	1.736318	0.7708152	0.1245078	1.06814
9030	-439.99	-595.7084	155.7184	2.061801	1.36892	0.1135371	0.9540465
9036	-445.1873	-600.8218	155.6345	1.937146	1.922081	0.1135371	0.7432894
9042	-435.1531	-590.2282	155.0751	1.785772	2.059724	0.2125266	1.075163
9048	-436.445	-592.916	156.471	1.94421	0.490199	0.2125266	0.9598852
9054	-434.1802	-591.1056	156.9254	2.071978	0.3188351	0.2125266	0.5942879
9060	-437.6972	-593.2698	155.5726	2.1275	0.8729995	0.3541408	0.7882916
9066	-452.1096	-608.431	156.3214	1.670543	0.7647608	0.2400428	0.9133629
9072	-439.6249	-595.6672	156.0423	1.842951	0.7647608	0.2400428	1.023794
9078	-450.9853	-606.8373	155.8519	1.848779	2.022802	0.06556092	0.7781968
9084	-449.1221	-605.1878	156.0657	1.91719	1.045633	0.1368835	0.9424902
9090	-436.4123	-591.2764	154.8641	1.671316	1.810429	0.09719057	1.761258
9096	-445.9488	-600.1241	154.1753	1.604349	2.51985	0.09719057	2.008056
9102	-446.1712	-601.7252	155.554	1.825971	2.255617	0.04336433	1.103676
9108	-438.934	-595.2936	156.3596	1.836437	0.9734578	0.06889406	1.08562
9114	-447.5065	-602.011	154.5045	2.077636	1.003113	0.4757688	1.478725
9120	-438.8363	-594.2295	155.3932	2.122916	0.7674453	0.2770283	1.265164
9126	-432.6643	-588.7652	156.1009	1.905475	0.7719303	0.2217515	0.9427101
9132	-436.0276	-591.6511	155.6235	2.020413	0.7719303	0.3211208	1.057295
9138	-432.9906	-588.8016	155.811	2.249746	0.719518	0.3211208	0.5885866
9144	-433.1362	-589.1071	155.9709	2.430088	0.4863603	0.3211208	0.5885866
9150	-446.7299	-603.4602	156.7303	2.320963	0.4863603	0.1054649	0.4469206
9156	-448.4029	-603.2559	154.853	2.68161	1.387034	0.2678139	0.4328574
9162	-450.9314	-605.8596	154.9283	2.728683	1.179803	0.285767	0.417608
9168	-443.775	-598.2903	154.5152	2.688028	1.179803	0.5015701	0.3673174
9174	-448.8741	-603.9014	155.0273	2.750726	0.6740922	0.5015701	0.4265555
9180	-447.0711	-602.4756	155.4045	2.728679	0.8272502	0.2205338	0.3433702
9186	-445.4689	-599.9387	154.4698	2.669716	0.9508875	0.6796939	0.3433702
9192	-435.746	-591.7954	156.0493	2.2584	0.9508875	0.1302826	0.3636766
9198	-433.324	-589.4483	156.1243	2.261843	0.9179692	0.1302826	0.4701127
9204	-435.6003	-591.5478	155.9475	2.582612	0.7874237	0.1302826	0.4510802
9210	-441.5889	-597.6824	156.0935	2.262607	0.6520429	0.2341026	0.6113373
9216	-449.0336	-604.6299	155.5963	2.262607	0.8303106	0.3329032	0.6863635
9222	-439.5494	-595.2734	155.724	2.102382	0.8303106	0.3329032	0.740742
9228	-441.0605	-597.0766	156.0161	2.108157	0.9029045	0.2067752	0.6245314
9234	-439.679	-596.1641	156.4851	2.370453	0.4931747	0.1482916	0.6245314
9240	-446.1501	-601.9833	155.8333	2.6757	0.4411071	0.2256002	0.2362754
9246	-441.2574	-597.7668	156.5094	2.896569	0.2464705	0.08885505	0.2362754
9252	-443.2077	-599.5563	156.3486	2.842987	0.3148539	0.08637114	0.2123807
9258	-446.6905	-602.1613	155.4708	2.915515	0.9968442	0.06760861	0.25249
9264	-439.3296	-594.6743	155.3447	2.920122	0.7179268	0.2168394	0.331606
9270	-443.4622	-598.7549	155.2927	2.920122	0.7496031	0.2168394	0.3202284
9276	-455.0241	-610.7261	155.702	2.920122	0.4415454	0.2041581	0.2623633
9282	-444.6544	-601.2139	156.5596	2.691232	0.3122305	0.1213012	0.3242252
9288	-450.8912	-608.4436	157.5524	2.157372	0.318995	0.03256387	0.5842398
9294	-440.5903	-597.6603	157.0701	2.262614	0.4917101	0.04442679	0.5174179
9300	-435.6617	-592.8278	157.1661	2.101385	0.3427277	0.08426194	0.8302391
9306	-428.0977	-585.1162	157.0185	2.01934	0.3427277	0.106006	0.9818306
9312	-434.4411	-590.9509	156.5098	1.907537	0.6518424	0.106006	1.077267
9318	-432.481	-588.7589	156.2779	1.993568	0.6518424	0.143899	1.077267
9324	-441.459	-598.5816	157.1227	1.804828	0.6518424	0.04307211	0.8516086
9330	-436.9745	-592.2147	155.2402	1.840584	1.631888	0.1945159	1.166823
9336	-432.2285	-587.6061	155.3776	1.821301	1.631888	0.1945159	1.059557
9342	-439.4315	-595.2367	155.8052	1.859256	1.102565	0.1797351	1.060682
9348	-427.1445	-582.9867	155.8422	1.803152	1.034737	0.2051485	1.066293
9354	-434.2704	-590.4453	156.1749	1.750357	0.6756386	0.268805	1.023072
9360	-431.5825	-587.5866	156.0041	1.635759	0.6756386	0.3197367	1.174741
9366	-435.3728	-591.2124	155.8397	1.806339	0.575155	0.3197367	1.289121
9372	-431.952	-588.0668	156.1147	1.452919	0.575155	0.3197367	1.352174
9378	-438.8228	-595.6907	156.8679	1.493063	0.575155	0.1223865	1.167889
9384	-442.2721	-600.0119	157.7397	1.904085	0.3078563	0.0474657	0.6373313
9390	-434.5062	-591.3334	156.8272	1.99739	0.4729316	0.1368205	0.8042945
9396	-431.0902	-587.2263	156.1361	2.091543	0.5760269	0.3252596	0.6463021
9402	-437.3474	-593.5714	156.224	2.40887	0.8014499	0.101368	0.4789987
9408	-435.1845	-591.6728	156.4883	2.295529	0.6799576	0.101368	0.5314401
9414	-429.3423	-586.1514	156.8091	2.324198	0.4482588	0.101368	0.4422748
9420	-424.5005	-581.39	156.8895	2.118419	0.497387	0.101368	0.671474
9426	-438.5539	-593.9794	155.4255	1.856638	2.318264	0.09024115	0.9469943
9432	-436.9716	-593.2785	156.307	1.762222	0.8402694	0.1443401	1.04504
9438	-442.1754	-598.4043	156.229	1.720239	0.2932237	0.3632445	1.390751
9444	-440.8643	-596.7244	155.8601	1.590976	0.4808629	0.3632445	1.48628
9450	-436.9191	-592.8661	155.947	1.944964	0.6233547	0.3632445	0.9106657
9456	-436.5052	-592.055	155.5498	2.268623	1.23386	0.2020145	0.6329313
9462	-446.8807	-602.8762	155.9955	2.209234	0.6543911	0.1851331	1.00555
9468	-444.2687	-600.8873	156.6186	1.974457	0.6138282	0.0810143	1.064577
9474	-437.8966	-594.5804	156.6838	2.003803	0.6138282	0.07212961	1.013354
9480	-434.9313	-591.3733	156.442	1.78741	0.6291645	0.07212961	1.38939
9486	-437.5508	-594.1477	156.597	1.813713	0.6291645	0.0978469	1.14319
9492	-432.8091	-588.5911	155.782	1.881895	1.01502	0.2513266	0.9395012
9498	-437.8837	-593.97	156.0863	1.994867	0.568709	0.3639123	0.7740719
9504	-437.1026	-592.9725	155.87	1.92755	0.568709	0.3639123	1.084466
9510	-439.3686	-595.0377	155.6692	2.207027	0.6260171	0.4820067	0.5833876
9516	-441.0931	-596.666	155.573	2.38854	1.029321	0.224954	0.5646011
9522	-452.0751	-607.6308	155.5557	2.154063	1.301815	0.224954	0.5946743
9528	-459.8814	-616.3106	156.4292	2.194837	0.7452691	0.1184517	0.5664179
9534	-453.6252	-610.4586	156.8334	2.062517	0.4205343	0.1184517	0.9146939
9540	-432.0819	-589.0049	156.923	1.712765	0.6895313	0.07855396	0.9286597
9546	-431.4525	-587.9134	156.4609	1.88667	0.6895313	0.1880693	0.7772377
9552	-436.8856	-593.169	156.2834	1.985956	1.046622	0.09902477	0.7772377
9558	-444.7964	-600.4189	155.6225	2.288954	1.458966	0.1256843	0.587856
9564	-439.3064	-595.1381	155.8317	2.409074	1.321526	0.07604459	0.4696716
9570	-434.1847	-590.5501	156.3654	2.34281	0.8790552	0.05745536	0.6545421
9576	-438.251	-594.1378	155.8869	2.243857	1.532401	0.05745536	0.6567911
9582	-445.2667	-601.6118	156.3451	1.972709	0.4345105	0.3309676	0.8462158
9588	-441.7714	-597.4229	155.6515	1.995781	1.110134	0.2477127	0.8668383
9594	-445.654	-601.5596	155.9056	2.058631	0.864924	0.2477127	0.7793301
9600	-442.9259	-599.5797	156.6538	2.006813	0.4203674	0.2233343	0.7793301
9606	-438.624	-595.4557	156.8317	1.811787	0.399131	0.2233343	0.8534772
9612	-447.0314	-603.8351	156.8037	1.829036	0.3830228	0.1721656	1.060161
9618	-448.6488	-605.3615	156.7127	1.849911	0.3830228	0.1944865	1.060161
9624	-428.6294	-584.9927	156.3634	1.779615	0.793658	0.1345846	1.060161
9630	-430.0225	-586.9532	156.9308	1.732582	0.3754693	0.1545574	1.10061
9636	-426.1514	-582.9057	156.7543	2.052067	0.4543853	0.1545574	0.7873458
9642	-439.9156	-596.413	156.4973	1.866745	0.5670146	0.1671782	1.029092
9648	-433.3642	-589.7939	156.4297	1.462146	0.3513076	0.1671782	1.71031
9654	-441.6451	-598.043	156.3979	1.567788	0.3513076	0.2704682	1.439857
9660	-429.9708	-586.5269	156.5561	1.618706	0.3884872	0.14972	1.492753
9666	-431.7404	-587.5057	155.7652	1.759374	0.7194622	0.14972	1.590533
9672	-436.9377	-592.3406	155.4029	1.617297	0.4057856	0.14972	2.260825
9678	-438.76	-593.6805	154.9205	1.250605	0.7394721	0.2644821	2.260825
9684	-433.5173	-589.8901	156.3728	1.719424	0.7394721	0.1214589	1.209262
9690	-437.0163	-592.1112	155.0949	1.715591	0.8532259	0.1239624	2.039118
9696	-435.592	-590.7333	155.1413	1.855641	0.4749598	0.2087298	2.072235
9702	-421.6673	-578.0551	156.3878	1.67304	0.4074673	0.09824508	1.694234
9708	-428.4735	-584.8253	156.3518	1.726832	0.5485425	0.1266611	1.418249
9714	-444.3891	-600.9489	156.5598	1.618494	0.6392585	0.1266611	1.231177
9720	-435.2569	-591.0652	155.8083	1.947616	1.061026	0.1266611	1.180148
9726	-429.8406	-586.1544	156.3138	2.126649	0.8032853	0.1266611	0.7427027
9732	-426.0906	-582.4021	156.3115	2.387823	0.5714469	0.1414413	0.7328516
9738	-432.6673	-589.5439	156.8766	2.372495	0.314716	0.1414413	0.5336215
9744	-437.5761	-593.168	155.5919	2.092452	0.6081231	0.4352658	1.005075
9750	-430.3089	-586.0434	155.7344	1.912394	0.9670128	0.324925	0.8096357
9756	-431.939	-588.1881	156.2491	1.762111	0.6547413	0.324925	0.8138869
9762	-450.2405	-606.1621	155.9216	1.945266	0.5843181	0.4193483	0.878666
9768	-444.8631	-600.1419	155.2787	1.938557	0.5843181	0.707298	1.089191
9774	-445.1819	-600.1838	155.0019	1.37521	2.70533	0.1257266	1.441788
9780	-449.1692	-604.1211	154.9519	2.061415	0.7819737	0.707298	1.033478
9786	-444.2441	-598.7653	154.5212	1.9558	1.021743	0.707298	1.277761
9792	-443.2511	-598.4796	155.2285	1.786815	0.5169767	0.707298	1.349281
9798	-434.9038	-591.0208	156.117	1.970742	0.7603226	0.1544085	1.083158
9804	-432.1993	-588.8166	156.6173	1.970742	0.6204816	0.1544085	0.7229674
9810	-440.8808	-597.1538	156.273	1.949531	0.5265834	0.2652461	0.9507712
9816	-455.6994	-611.2039	155.5045	1.979717	0.5265834	0.6788279	0.9507712
9822	-448.1356	-603.318	155.1824	1.821536	1.158231	0.3408291	1.232292
9828	-445.9516	-601.0293	155.0777	1.708335	1.13989	0.1981299	1.686134
9834	-431.2179	-586.889	155.6711	1.966955	1.13989	0.1981299	0.9978192
9840	-429.8356	-584.8858	155.0502	1.906948	1.13989	0.3937483	1.194204
9846	-447.4357	-604.0778	156.6421	1.965685	0.8054232	0.06399244	0.8764783
9852	-443.1051	-598.5168	155.4117	2.100418	1.063246	0.3324844	0.8387183
9858	-430.5579	-586.5937	156.0357	1.933472	0.6025291	0.3324844	0.9300501
9864	-435.5975	-591.3921	155.7946	2.123281	0.766359	0.3294792	0.7276808
9870	-430.926	-586.4604	155.5345	1.807345	0.9196732	0.3922276	1.044215
9876	-445.23	-600.9926	155.7626	1.522649	0.6584695	0.3922276	1.36183
9882	-433.9957	-588.9233	154.9276	1.550107	0.8055529	0.2483605	2.035784
9888	-442.9306	-599.613	156.6824	1.984228	0.538428	0.1536944	0.7911585
9894	-439.2078	-594.5207	155.3129	2.154322	0.9033679	0.4637722	0.7757152
9900	-432.0383	-587.4026	155.3644	1.996045	0.3632529	0.8177204	1.182983
9906	-430.4004	-586.2079	155.8075	1.972908	0.9032081	0.2366817	0.979058
9912	-438.8241	-594.1974	155.3733	2.011055	1.150681	0.2366817	1.124758
9918	-432.5262	-588.2727	155.7465	1.61945	1.055939	0.2390832	1.212171
9924	-440.6517	-596.1815	155.5297	1.502562	1.055939	0.2731991	1.410983
9930	-433.8241	-588.3489	154.5248	1.689162	1.055939	0.5071663	1.672175
9936	-441.5023	-596.2644	154.7621	1.644439	1.015785	0.3483113	1.771412
9942	-443.4824	-599.6709	156.1886	1.723407	0.6543493	0.09062228	1.539659
9948	-439.1864	-594.9834	155.7969	1.718619	0.9632105	0.2881933	1.048914
9954	-435.6978	-590.7843	155.0866	2.081931	1.629189	0.2881933	0.8244825
9960	-440.5331	-595.9976	155.4644	1.970049	1.171902	0.3265115	0.8272021
9966	-448.6167	-603.9235	155.3068	1.952623	1.699526	0.2638544	0.7111284
9972	-428.8859	-582.5153	153.6294	1.995474	6.089035	0.2638544	0.6859898
9978	-445.4843	-598.3447	152.8604	1.553067	9.289	0.2638544	1.289587
9984	-445.1674	-597.9325	152.765	1.770038	9.289	0.2638544	1.18761
9990	-431.5464	-586.8154	155.2689	1.537401	1.476634	0.2638544	1.328585
9996	-433.8376	-589.2473	155.4097	1.857629	1.094812	0.2638544	1.209863
10002	-436.435	-591.3322	154.8971	1.96554	1.952368	0.3501849	0.7704295
10008	-438.9159	-593.3225	154.4066	2.586252	2.076249	0.3035703	0.5697946
10014	-426.4772	-581.7006	155.2234	2.263135	2.729947	0.05761523	0.5429727
10020	-447.1688	-602.395	155.2262	2.532709	2.145215	0.05761523	0.3956863
10026	-437.3073	-592.9697	155.6624	2.225265	1.609517	0.1065271	0.5525665
10032	-435.4758	-591.2567	155.781	1.944753	1.298025	0.1352668	0.9827091
10038	-438.313	-594.1571	155.8442	1.799027	1.123287	0.1291866	1.218623
10044	-434.2575	-590.6809	156.4233	1.834199	1.123287	0.07124919	0.860832
10050	-441.5408	-597.6437	156.103	1.986557	0.5948143	0.1405715	1.313873
10056	-441.7064	-597.7752	156.0688	2.120216	0.4157195	0.4441495	0.7671429
10062	-439.7434	-596.5802	156.8368	2.120216	0.4247797	0.146025	0.6815104
10068	-434.7638	-590.8571	156.0933	2.180075	0.9570711	0.1082704	0.8386925
10074	-428.6365	-584.314	155.6775	2.186508	1.594666	0.1098795	0.6214207
10080	-435.8273	-591.136	155.3086	2.106057	1.594666	0.1782901	0.9182337
10086	-441.6225	-597.1842	155.5617	1.889354	1.593578	0.1782901	0.8781188
10092	-433.6045	-589.0472	155.4427	1.933153	1.593578	0.1782901	0.9605424
10098	-439.9745	-595.4779	155.5034	1.980665	1.593578	0.1782901	0.8385544
10104	-443.5774	-599.0681	155.4906	2.088459	1.641063	0.140634	0.8385544
10110	-438.3963	-594.6846	156.2882	1.785	1.074489	0.140634	0.7856783
10116	-432.0841	-588.4722	156.3881	1.932108	0.6087575	0.140634	1.098984
10122	-434.6029	-591.2216	156.6187	1.702272	0.4947892	0.1796783	1.137991
10128	-439.4273	-594.7691	155.3418	1.882852	0.7889661	0.530229	1.065122
10134	-447.2308	-603.1536	155.9228	2.007071	0.8341819	0.229183	0.9238809
10140	-441.0967	-597.1492	156.0526	1.932667	0.7342452	0.2856271	0.8298829
10146	-442.3831	-598.6582	156.2751	1.829099	0.7342452	0.1639327	1.067806
10152	-442.8611	-599.4262	156.565	1.738185	0.7342452	0.0893122	1.147709
10158	-451.3376	-606.8033	155.4657	1.557789	1.312481	0.1815932	1.439915
10164	-445.4929	-601.3651	155.8723	1.842092	0.5689495	0.08528039	1.785834
10170	-443.5465	-599.7926	156.246	2.123903	0.5680906	0.1171789	1.187085
10176	-438.3536	-593.8032	155.4497	1.895273	0.7743802	0.405323	1.168591
10182	-440.5907	-596.0648	155.4741	1.768728	0.7743802	0.405323	1.255522
10188	-448.061	-603.5285	155.4675	1.662658	0.7743802	0.4563458	1.271379
10194	-441.5857	-596.7022	155.1165	1.995246	0.8562615	0.4950556	1.149258
10200	-435.6205	-591.5695	155.949	2.087599	0.6791102	0.2031125	1.082481
10206	-436.8563	-592.9784	156.1221	1.949866	0.6837751	0.1893553	1.082481
10212	-439.0716	-595.3011	156.2295	1.552077	0.3433386	0.09281793	1.990799
10218	-431.6975	-588.5007	156.8032	1.562145	0.8831891	0.09281793	0.900071
10224	-437.8292	-594.1561	156.3269	2.09063	0.8831891	0.1223813	0.6515127
10230	-425.528	-580.8506	155.3226	2.558456	0.9417561	0.2920083	0.4536987
10236	-446.7155	-602.2411	155.5256	2.044659	1.299002	0.2128805	0.8768616
10242	-431.2447	-587.8444	156.5997	1.998185	0.4979901	0.1783798	0.8573024
10248	-436.989	-592.5692	155.5801	1.680232	1.522391	0.0775003	1.439593
10254	-440.4115	-596.4036	155.9921	1.73203	1.251415	0.07013762	1.267237
10260	-444.6346	-600.2142	155.5796	1.495877	1.522391	0.1506602	1.353851
10266	-441.1712	-596.48	155.3088	1.640124	1.825808	0.1603274	1.263472
10272	-451.7144	-606.9005	155.186	1.824421	1.991613	0.1767263	1.074005
10278	-443.7403	-599.1289	155.3887	1.570977	1.991613	0.1469833	1.208513
10284	-430.2234	-586.1288	155.9053	1.988898	0.666703	0.2870412	1.021495
10290	-441.8513	-598.4207	156.5694	2.044365	0.666703	0.1287955	0.7276035
10296	-447.3503	-604.1888	156.8384	2.550926	0.3159267	0.10496	0.5155726
10302	-447.3611	-603.7261	156.365	2.11413	0.7937437	0.1241701	0.7141348
10308	-428.3257	-584.4898	156.164	2.269792	0.8824392	0.1266574	0.5587902
10314	-432.0344	-587.7262	155.6918	2.370006	0.569385	0.4271842	0.5587902
10320	-439.8237	-596.005	156.1813	2.41655	0.7987286	0.1092523	0.5587902
10326	-429.3849	-585.8702	156.4853	2.440164	0.4599873	0.1520661	0.5109981
10332	-432.7373	-588.9968	156.2596	2.500213	0.5615036	0.1520661	0.511783
10338	-429.0838	-584.4322	155.3484	2.554606	1.337748	0.157852	0.4984819
10344	-429.5026	-585.696	156.1934	2.519152	0.6508222	0.1278818	0.4455159
10350	-424.5799	-580.6614	156.0816	2.428228	0.7693119	0.1430897	0.4911762
10356	-444.6146	-600.6358	156.0212	2.557749	0.9724421	0.07180656	0.4911762
10362	-448.1436	-604.1837	156.0401	2.538833	0.9724421	0.07180656	0.4911762
10368	-452.7575	-610.3167	157.5592	2.366941	0.1689098	0.07180656	0.4388224
10374	-440.8624	-598.8167	157.9543	2.383297	0.1109951	0.03080198	0.5631045
10380	-431.4935	-589.5556	158.0621	2.206504	0.1092191	0.03397539	0.7105233
10386	-433.7355	-590.8904	157.1549	2.542456	0.188656	0.1074784	0.4161311
10392	-428.367	-585.3113	156.9443	2.369219	0.3386393	0.1074784	0.4161311
10398	-441.1371	-597.7429	156.6058	2.297534	0.6812057	0.07087789	0.6002426
10404	-447.5335	-604.0379	156.5044	2.242163	0.4305566	0.2269394	0.5017666
10410	-432.2647	-588.9098	156.6451	1.979084	0.5246987	0.1684385	0.8104257
10416	-434.9293	-591.3529	156.4236	1.778375	0.7995404	0.1684385	0.8682351
10422	-429.0097	-585.9916	156.9819	2.100504	0.2997445	0.1856034	0.6848619
10428	-433.9767	-589.9881	156.0114	2.190546	0.4676755	0.4038727	0.7182673
10434	-434.6792	-590.9779	156.2987	1.957802	0.7116193	0.148466	0.9995043
10440	-429.0938	-585.3719	156.2781	1.822871	0.8403256	0.148466	0.9995043
10446	-431.2535	-585.8302	154.5767	2.413073	1.229263	0.6028098	0.6886109
10452	-438.5811	-593.7731	155.1919	1.98182	1.495	0.3296133	0.8187234
10458	-439.712	-594.7973	155.0853	1.98182	1.266533	0.3296133	1.11683
10464	-435.4718	-591.7325	156.2607	2.155448	0.6959927	0.1841445	0.6724506
10470	-443.1219	-598.9918	155.8699	2.155219	1.359903	0.1194616	0.4826153
10476	-441.8072	-596.8094	155.0022	2.095048	3.32187	0.08770282	0.4973925
10482	-439.464	-594.3287	154.8646	2.412385	3.007976	0.07112608	0.3971415
10488	-440.4924	-594.9897	154.4973	2.67102	3.21872	0.05963176	0.3065957
10494	-441.0699	-595.7349	154.665	2.67102	3.21872	0.02299011	0.3065957
10500	-444.79	-599.5739	154.7839	2.559477	3.21872	0.0338054	0.3526321
10506	-448.0702	-603.0614	154.9913	2.549912	2.754097	0.0339326	0.3526321
10512	-440.0997	-593.9887	153.889	2.108778	8.78583	0.01466764	0.5983459
10518	-444.5787	-598.848	154.2694	2.289972	6.101427	0.01466764	0.4716871
10524	-436.1563	-589.9074	153.7511	2.221139	8.658708	0.01466764	0.7028564
10530	-446.008	-600.2867	154.2787	1.832101	5.607699	0.02982803	1.22025
10536	-449.4109	-603.673	154.2621	1.69708	5.607699	0.07497233	1.16259
10542	-448.8023	-602.6699	153.8676	1.849911	8.868163	0.02831368	0.9576484
10548	-453.3947	-607.0498	153.6551	2.056945	8.868163	0.01938701	0.9872664
10554	-463.7432	-617.9587	154.2155	2.381552	5.893187	0.01938701	0.6067196
10560	-450.5128	-603.5326	153.0198	2.243162	14.07514	0.01938701	0.4642485
10566	-437.659	-590.9719	153.3129	2.156361	12.43675	0.01938701	0.4995739
10572	-438.7589	-591.5281	152.7692	2.29003	15.8197	0.01717088	0.4309873
10578	-446.7149	-598.7288	152.0139	2.402984	22.71825	0.01717088	0.3969367
10584	-434.1171	-586.2375	152.1204	2.423362	21.28398	0.01717088	0.4225267
10590	-445.5396	-598.2769	152.7373	2.440125	14.83195	0.01717088	0.4808494
10596	-440.6619	-593.6323	152.9704	1.902124	14.83195	0.0675362	0.7480713
10602	-435.0692	-588.2499	153.1807	2.013504	12.75773	0.06152608	0.675828
10608	-441.6061	-594.9245	153.3184	1.890548	11.27382	0.0944194	0.7328231
10614	-443.8165	-598.2812	154.4647	1.992853	6.120852	0.03703977	0.6613545
10620	-430.1483	-584.0026	153.8543	1.929426	9.934189	0.01576003	0.6613545
10626	-433.6384	-587.9975	154.3591	1.825006	6.711572	0.0574946	0.7274014
10632	-442.6924	-598.8043	156.1119	1.506689	1.433964	0.0574946	1.284699
10638	-436.5551	-592.7105	156.1553	1.758684	0.8815518	0.1020663	1.284699
10644	-434.5363	-590.7673	156.231	1.913164	1.248819	0.08243913	0.7989101
10650	-436.674	-592.4289	155.7549	1.645739	1.161484	0.2442981	1.08239
10656	-431.6756	-588.4762	156.8007	1.733909	0.4274405	0.1468916	1.150616
10662	-437.4181	-594.5497	157.1316	1.864034	0.4274405	0.129267	0.7131458
10668	-433.0608	-589.435	156.3741	2.133766	0.5848355	0.1971745	0.7131458
10674	-431.2533	-587.7084	156.4551	1.927722	0.5077013	0.2618615	0.8100858
10680	-435.628	-591.6985	156.0705	2.14384	0.5730734	0.2618615	0.8903511
10686	-440.982	-597.0298	156.0477	2.148654	0.6115622	0.2618615	0.8448539
10692	-441.3071	-597.4743	156.1672	1.977954	0.5834517	0.2460072	0.9915613
10698	-447.3002	-603.198	155.8978	1.829428	0.5834517	0.2460072	1.357598
10704	-441.5689	-597.2758	155.7069	1.8862	1.138788	0.2460072	0.9041385
10710	-436.8789	-592.5866	155.7077	1.526305	1.138788	0.1809331	1.394057
10716	-436.9913	-592.9084	155.9172	1.614753	1.138788	0.1060428	1.372367
10722	-439.242	-594.9326	155.6905	1.614753	1.138788	0.2248354	1.231128
10728	-436.2267	-591.5698	155.3431	1.857802	1.617992	0.2248354	0.9804464
10734	-436.3613	-592.904	156.5427	2.250371	0.5761473	0.1047023	0.7932269
10740	-435.7048	-591.4073	155.7025	1.929131	1.120992	0.1017416	1.320286
10746	-436.7774	-592.9436	156.1663	1.934087	1.120992	0.1017416	0.8870592
10752	-433.1305	-588.7262	155.5958	1.751004	1.230788	0.1875329	1.220268
10758	-444.9811	-598.8011	153.82	2.115031	3.829682	0.3539107	0.8689425
10764	-448.2623	-603.6829	155.4206	2.321461	0.7646973	0.3539107	0.8925382
10770	-437.9257	-593.6121	155.6864	2.219439	0.9312674	0.2479437	0.7591594
10776	-437.6213	-592.7441	155.1227	2.20008	1.615301	0.2479437	0.7652607
10782	-436.0468	-591.6305	155.5837	2.19996	1.068823	0.2479437	0.7358116
10788	-434.6564	-590.4016	155.7452	2.045231	1.068823	0.2479437	0.7249702
10794	-425.2093	-580.4455	155.2361	2.052226	1.2562	0.3860047	0.7584283
10800	-456.0068	-610.2341	154.2273	2.441113	1.078523	0.8701138	0.8586468
10806	-442.2364	-596.1745	153.9381	2.416669	1.393086	0.9111077	0.8586468
10812	-430.6876	-585.9683	155.2807	1.891598	1.284831	0.2548015	1.167813
10818	-436.1077	-591.6111	155.5033	1.810957	1.455093	0.1608974	1.167813
10824	-424.2025	-580.4591	156.2565	1.797911	0.5462751	0.1608974	1.343658
10830	-433.5893	-589.8429	156.2536	1.441603	0.5462751	0.1608974	1.615326
10836	-426.3702	-582.8614	156.4912	1.675744	0.5139052	0.1608974	1.294439
10842	-433.5831	-589.845	156.2619	1.891125	0.696997	0.1608974	1.076291
10848	-447.9158	-603.5598	155.6439	1.437083	1.985021	0.07830936	1.340854
10854	-444.4683	-600.2175	155.7492	1.616368	1.286644	0.1975904	1.136491
10860	-443.9823	-599.7803	155.798	1.857712	1.135804	0.1975904	0.9853644
10866	-457.7827	-612.5731	154.7904	1.991146	1.135804	0.3787991	1.365684
10872	-446.6623	-601.9788	155.3166	1.58645	0.9973407	0.3787991	1.374007
10878	-437.8013	-593.143	155.3418	1.909896	0.9973407	0.3787991	1.0787
10884	-429.4311	-585.2342	155.803	2.035909	0.7198534	0.3880184	0.751368
10890	-433.7221	-589.0981	155.376	2.36109	0.4913767	0.6791806	0.6991933
10896	-442.0302	-598.157	156.1268	2.016793	0.4913767	0.3418716	0.9061421
10902	-443.6523	-599.3803	155.728	2.193002	0.7619431	0.3418716	0.6856063
10908	-448.33	-604.5496	156.2195	2.030856	0.4940567	0.2514068	1.012562
10914	-446.6849	-603.2183	156.5334	2.049262	0.4153651	0.2514068	0.7951497
10920	-434.6833	-590.9096	156.2264	2.383169	0.5716445	0.1867164	0.6103903
10926	-434.913	-589.4218	154.5088	2.279676	1.065146	0.7904626	0.8393641
10932	-434.3184	-588.962	154.6436	2.149053	0.9603332	0.7904626	0.952393
10938	-441.7784	-596.2619	154.4835	2.167573	0.9603332	0.7904626	1.091167
10944	-441.347	-598.0223	156.6753	1.76008	0.8485245	0.04642249	1.091167
10950	-439.9672	-595.703	155.7358	2.096038	1.96452	0.04054038	0.8151908
10956	-440.0331	-595.4049	155.3718	2.044909	1.96452	0.1067484	0.9383366
10962	-431.5951	-587.1621	155.567	2.092022	1.96452	0.1067484	0.5509237
10968	-445.3935	-600.7096	155.316	2.318591	1.986216	0.1067484	0.596127
10974	-441.3764	-597.3736	155.9972	2.034453	0.8179695	0.2460175	0.7657705
10980	-436.6993	-593.2067	156.5074	2.150522	0.6044071	0.1515154	0.6557558
10986	-424.4188	-581.0354	156.6166	2.034492	0.6044071	0.1515154	0.6697606
10992	-440.9798	-596.9184	155.9386	1.958331	0.6044071	0.359184	0.943841
10998	-431.9266	-587.8794	155.9527	1.836233	0.6044071	0.359184	1.052076
11004	-434.868	-591.1408	156.2728	1.810863	0.6044071	0.2235704	1.08028
11010	-440.9779	-596.4061	155.4282	1.498543	1.61308	0.2235704	1.237326
11016	-428.004	-583.3083	155.3043	1.452254	1.61308	0.2189015	1.385563
11022	-430.3971	-585.8304	155.4332	1.817095	1.61308	0.2111228	0.9731991
11028	-439.716	-595.8834	156.1675	1.964388	0.5522347	0.2324916	1.084974
11034	-441.1947	-596.2281	155.0334	2.099087	1.079312	0.4322808	1.018715
11040	-433.9031	-589.6584	155.7553	2.105742	0.5576945	0.4322808	0.9037295
11046	-434.792	-590.3877	155.5957	2.067903	0.9200697	0.275794	0.9769447
11052	-438.1128	-594.115	156.0022	1.646101	1.022776	0.1253291	1.305546
11058	-433.3346	-589.5765	156.242	1.940166	0.8369126	0.1253291	1.007277
11064	-430.3945	-587.3942	156.9997	1.952223	0.4020882	0.1253291	0.8599465
11070	-429.9145	-586.214	156.2995	2.045311	0.4785198	0.08438293	1.436176
11076	-435.6449	-591.7346	156.0897	1.648886	0.700286	0.1547132	1.436176
11082	-431.4604	-587.667	156.2066	1.551004	0.6180237	0.1547132	1.506475
11088	-434.6654	-591.2499	156.5845	2.035081	0.7754716	0.06708353	0.8866887
11094	-446.7823	-603.9043	157.122	2.117519	0.5818077	0.02303767	0.6620634
11100	-429.6712	-586.5824	156.9112	2.27599	0.4519441	0.08900081	0.4888246
11106	-427.8445	-584.9412	157.0968	2.387069	0.3020242	0.08900081	0.4456085
11112	-444.3186	-600.3746	156.056	2.319581	0.8057762	0.1685076	0.5429184
11118	-451.7783	-608.3101	156.5318	2.239731	0.3938257	0.2419889	0.5429184
11124	-434.0981	-591.3375	157.2394	1.933959	0.2590354	0.1711547	0.7719063
11130	-426.9661	-583.8202	156.854	2.062442	0.4149507	0.1711547	0.6244486
11136	-433.1689	-588.6883	155.5195	2.029714	0.4149507	0.6225445	1.147349
11142	-430.1896	-586.2814	156.0917	1.871281	0.70048	0.1730528	1.205706
11148	-432.7584	-588.9245	156.1661	1.933069	0.70048	0.1730528	1.084741
11154	-427.7029	-584.0319	156.329	1.854195	0.70048	0.1730528	1.004135
11160	-442.3644	-599.3806	157.0162	1.710983	0.6478152	0.04464912	1.060107
11166	-434.0954	-591.819	157.7236	1.684669	0.3310398	0.04464912	0.9195041
11172	-441.1993	-598.0915	156.8921	1.752849	0.7143445	0.04464912	1.054274
11178	-445.7796	-602.6124	156.8329	2.24971	0.4390791	0.04464912	1.033685
11184	-441.5493	-598.1795	156.6302	1.768142	0.9468858	0.04464912	1.033685
11190	-434.441	-590.8111	156.3702	2.0515	0.7138919	0.1864679	0.5836815
11196	-438.4629	-596.0289	157.566	1.956577	0.2342581	0.1034286	0.7200258
11202	-450.6084	-606.9136	156.3053	2.355144	0.4377611	0.2519866	0.4480723
11208	-456.3436	-612.6111	156.2675	2.321708	0.7255789	0.1250021	0.6595867
11214	-443.375	-599.8662	156.4912	1.986368	0.5266259	0.2313791	0.7472425
11220	-435.6531	-591.9955	156.3424	2.171117	0.5266259	0.2313791	0.6879392
11226	-421.7573	-577.9585	156.2012	2.431817	0.4872096	0.2313791	0.5310983
11232	-434.2926	-589.9111	155.6185	1.946888	1.348483	0.2313791	0.7651859
11238	-435.6037	-591.0293	155.4256	1.884752	1.838393	0.2106502	0.7165375
11244	-426.429	-581.6738	155.2448	1.639056	3.690952	0.05039594	0.9451793
11250	-437.9593	-592.1936	154.2343	1.645376	8.175225	0.03041844	0.9084593
11256	-436.4924	-590.3387	153.8463	1.839963	5.301731	0.01808343	1.632964
11262	-449.1552	-602.7453	153.5901	1.863452	4.159727	0.5377771	0.912869
11268	-438.5568	-592.3667	153.81	2.118505	2.611656	0.6997435	0.7891841
11274	-439.6537	-594.0458	154.3922	2.087884	2.611656	0.3100645	0.9185082
11280	-438.4403	-593.8921	155.4517	1.907189	2.388016	0.1085117	0.7021971
11286	-429.0963	-585.2506	156.1543	2.073852	1.107404	0.1085117	0.6891663
11292	-425.1545	-580.8593	155.7047	2.153208	0.9313069	0.2841689	0.6891663
11298	-427.5514	-583.911	156.3596	2.236605	0.430765	0.2841689	0.5339394
11304	-422.247	-578.2324	155.9854	2.164793	0.5839762	0.3711961	0.5479758
11310	-440.3694	-596.814	156.4446	2.081175	0.5839762	0.2100477	0.5965519
11316	-438.482	-594.2591	155.7771	2.135331	0.5839762	0.373616	0.9275883
11322	-432.1764	-587.8376	155.6611	2.047953	0.7331313	0.373616	0.9275883
11328	-424.9348	-580.8173	155.8826	1.960124	0.552525	0.373616	1.046566
11334	-432.2173	-588.6732	156.4559	1.986842	0.552525	0.1835049	0.9167196
11340	-433.0054	-589.9344	156.9289	1.783205	0.4767303	0.1474037	0.8872652
11346	-432.8999	-589.66	156.7601	1.684957	0.4816915	0.1474037	1.143402
11352	-440.1087	-596.7849	156.6762	1.60432	0.5908025	0.1474037	1.136661
11358	-439.1708	-596.0125	156.8417	1.835924	0.4402786	0.1474037	0.9926719
11364	-427.3329	-582.7163	155.3834	1.941986	1.223562	0.3686005	0.7944293
11370	-435.9349	-591.3317	155.3968	1.923942	0.7010522	0.465866	1.173735
11376	-422.7988	-579.0266	156.2277	1.977657	0.6146259	0.2992835	0.6950205
11382	-434.2664	-590.1653	155.8989	2.137336	0.5051654	0.4187214	0.8243395
11388	-427.9771	-583.7639	155.7868	2.35219	0.6259956	0.3451298	0.5695932
11394	-430.5166	-585.8736	155.357	2.329268	0.9272106	0.3916372	0.5192382
11400	-428.2686	-584.0403	155.7717	2.283108	0.8370913	0.2633153	0.5930432
11406	-446.2688	-600.949	154.6802	2.379675	1.38418	0.4931961	0.6344791
11412	-447.5245	-602.9687	155.4442	2.124543	0.7887141	0.5152326	0.6832646
11418	-445.4472	-600.6942	155.247	2.238406	0.8499653	0.5007008	0.7435727
11424	-437.292	-592.2465	154.9545	2.265858	0.8184275	0.7026833	0.7534675
11430	-435.801	-591.8258	156.0248	2.128922	0.8184275	0.2105566	0.7286191
11436	-439.8579	-595.0643	155.2063	2.115601	1.773905	0.2105566	0.7623678
11442	-430.6687	-585.9645	155.2958	2.075818	1.26057	0.2611734	0.9849191
11448	-426.1623	-582.7297	156.5674	1.917665	0.6752651	0.1352528	0.8545592
11454	-437.2342	-593.4215	156.1873	1.929454	0.8742146	0.1352528	0.993352
11460	-431.9232	-587.4824	155.5592	1.995003	0.8742146	0.3547205	0.9568679
11466	-431.9378	-587.3916	155.4538	1.52494	0.7953417	0.3450089	1.536861
11472	-434.3947	-590.3934	155.9987	1.746411	0.5916598	0.2035051	1.426791
11478	-442.493	-599.1042	156.6111	1.472916	0.2189009	0.2035051	1.721305
11484	-457.5233	-609.9618	152.4386	2.679738	0.9393498	3.535135	0.9584797
11490	-462.631	-619.8209	157.19	1.615774	0.2641733	0.1242515	1.288417
11496	-447.1823	-604.1519	156.9696	1.571494	0.3789456	0.138625	1.250219
11502	-442.685	-599.1781	156.4931	1.548419	0.3336724	0.1733653	1.615714
11508	-452.9961	-609.2618	156.2657	1.551416	0.6196925	0.2226534	1.294214
11514	-452.6176	-607.9199	155.3023	1.802735	1.371581	0.2226534	1.239499
11520	-446.2472	-601.5419	155.2947	1.698091	1.463608	0.1982189	1.331614
11526	-447.3227	-602.8857	155.5629	1.701266	0.9357564	0.2690076	1.331614
11532	-444.3394	-599.9299	155.5905	1.583787	0.9357564	0.3448313	1.26275
11538	-447.3743	-602.9066	155.5323	1.545732	1.851964	0.09347825	1.353134
11544	-441.6868	-596.5484	154.8616	1.862743	3.17799	0.05940322	1.233312
11550	-437.2734	-594.2519	156.9785	1.952732	0.2735457	0.1107852	1.208629
11556	-423.8627	-580.3426	156.4798	1.976959	0.8018857	0.1246368	0.7319157
11562	-425.0208	-581.4031	156.3823	2.055696	0.8018857	0.1246368	0.7604301
11568	-429.6897	-586.576	156.8863	2.045974	0.253779	0.198751	0.9706086
11574	-423.4781	-579.2535	155.7754	2.141695	1.17529	0.1592144	0.7839024
11580	-429.9416	-586.8573	156.9157	2.124695	0.5004772	0.09924025	0.6053337
11586	-425.2525	-580.7184	155.4659	2.129835	0.9256964	0.3174762	0.9392919
11592	-428.996	-585.1607	156.1647	1.962005	0.4482139	0.3066845	1.077434
11598	-435.118	-591.2164	156.0984	1.504729	0.7315097	0.1496032	1.521739
11604	-418.3909	-574.0656	155.6747	1.991982	0.9608829	0.2671349	0.9516781
11610	-436.9601	-592.4026	155.4425	2.036609	0.9608829	0.3320561	0.9887279
11616	-422.4836	-578.7572	156.2736	1.832246	0.9608829	0.1040164	1.033914
11622	-424.0067	-580.5175	156.5108	1.855801	0.7344144	0.1040164	1.030329
11628	-428.4871	-585.4662	156.9792	1.722066	0.5145067	0.1317279	0.8930471
11634	-430.7218	-586.1932	155.4714	1.959319	1.039139	0.3015972	1.027102
11640	-439.8401	-595.3777	155.5375	1.731208	1.579213	0.1725597	1.092975
11646	-429.7266	-585.7501	156.0235	2.045572	0.9737758	0.2008236	0.6207638
11652	-446.817	-602.3759	155.5589	2.170564	0.9737758	0.3006844	0.7621198
11658	-438.0436	-593.7236	155.68	2.444072	0.7390682	0.2878101	0.5397175
11664	-431.4605	-587.536	156.0755	2.020414	0.7390682	0.2878101	0.6354127
11670	-441.7281	-597.7453	156.0172	2.138649	0.6975989	0.2878101	0.6181756
11676	-428.1101	-584.0807	155.9705	2.004017	0.9114787	0.2596396	0.6143999
11682	-430.9088	-586.7694	155.8606	2.068018	0.9114787	0.2596396	0.7088888
11688	-424.2106	-580.4254	156.2148	2.007119	0.6000427	0.2596396	0.8408505
11694	-436.3343	-592.4778	156.1436	2.044083	0.7633011	0.1894382	0.8574906
11700	-432.6616	-588.0181	155.3565	2.203214	0.7633011	0.4719298	0.8461441
11706	-446.1161	-601.9631	155.8471	2.247171	0.4136995	0.4719298	0.8335181
11712	-430.4767	-587.8541	157.3775	1.950975	0.292304	0.1253535	0.6431413
11718	-421.889	-578.8087	156.9198	2.178898	0.292304	0.175864	0.7387939
11724	-422.0258	-579.304	157.2782	1.865661	0.292304	0.1443963	0.8242017
11730	-425.8071	-583.7572	157.9501	1.775947	0.1176569	0.1210429	0.8631007
11736	-434.9118	-592.7855	157.8737	1.728635	0.1811573	0.1210429	0.7275564
11742	-434.0659	-591.5772	157.5113	2.188129	0.1811573	0.1166995	0.4990261
11748	-435.5385	-592.645	157.1065	2.241187	0.1811573	0.2228351	0.4987062
11754	-447.3571	-603.3033	155.9462	2.587365	0.9842444	0.07331154	0.3937811
11760	-431.7493	-587.4412	155.6919	2.792679	0.9842444	0.07331154	0.3301677
11766	-427.9292	-583.038	155.1089	2.64704	0.9842444	0.329487	0.4825221
11772	-431.8982	-587.1753	155.277	2.478883	0.9842444	0.329487	0.4825221
11778	-428.6663	-584.3445	155.6782	2.400344	0.6993501	0.329487	0.5447798
11784	-435.3142	-591.4779	156.1637	2.284935	0.6993501	0.1866649	0.5447798
11790	-437.3003	-593.3737	156.0734	2.133002	0.8890382	0.1866649	0.6075833
11796	-439.7484	-595.7855	156.0371	2.177567	0.8890382	0.1866649	0.5815165
11802	-432.1312	-588.0725	155.9412	2.163513	0.7966606	0.2505056	0.6661719
11808	-435.6674	-590.8638	155.1964	2.065567	1.33121	0.37744	0.7306028
11814	-437.7575	-593.7124	155.9549	2.009699	1.33121	0.1098565	0.7898696
11820	-430.9017	-586.8576	155.9559	2.122384	1.180694	0.1319732	0.6735762
11826	-427.4532	-583.8723	156.4191	2.038034	0.8493338	0.1191037	0.6735762
11832	-440.7273	-596.0154	155.2881	2.353608	0.8726793	0.4139083	0.6965174
11838	-452.8713	-606.8011	153.9298	2.269171	0.9982471	1.459983	0.8756542
11844	-444.7255	-600.9391	156.2136	2.037363	0.7586161	0.1840542	0.8062415
11850	-446.52	-600.218	153.698	2.562105	0.9982471	1.459983	0.7998356
11856	-447.7284	-603.8692	156.1407	2.526249	0.8523425	0.08029208	0.5237048
11862	-446.2748	-602.5505	156.2757	2.149836	0.8169143	0.132434	0.7058794
11868	-442.7116	-598.3306	155.619	2.185149	0.9539699	0.3089306	0.6312539
11874	-446.1802	-602.5313	156.3511	2.540485	0.2624667	0.3089306	0.4356688
11880	-446.7641	-601.7131	154.949	2.527963	1.313975	0.3089306	0.3918906
11886	-439.8836	-595.063	155.1794	2.417656	1.313975	0.2684889	0.545436
11892	-448.7454	-604.686	155.9407	2.08562	1.233883	0.1205102	0.756496
11898	-451.6546	-607.3902	155.7357	2.040201	0.9672013	0.2714633	0.804344
11904	-455.228	-611.4107	156.1827	2.274526	0.5307669	0.2714633	0.5322972
11910	-444.9661	-600.4366	155.4706	2.296571	1.452904	0.1607294	0.6479124
11916	-434.4815	-590.1094	155.628	2.044407	2.116188	0.06654907	0.7342238
11922	-442.2581	-597.8243	155.5663	2.006592	1.945742	0.06654907	0.9754225
11928	-431.8379	-589.0722	157.2343	2.053214	0.3989679	0.06480469	0.7736465
11934	-439.9796	-597.1162	157.1366	2.164342	0.4266475	0.06776485	0.6344645
11940	-443.2661	-599.6606	156.3945	2.234888	0.5925309	0.1741201	0.5752298
11946	-448.5794	-605.0402	156.4607	2.277323	0.4034719	0.2457953	0.5671381
11952	-437.6277	-594.2026	156.5749	2.326744	0.3506744	0.2204486	0.6061558
11958	-428.83	-585.0507	156.2207	2.52046	0.3294234	0.2970951	0.3887411
11964	-432.9607	-588.4315	155.4707	2.382597	1.035431	0.2625952	0.5735531
11970	-444.8278	-601.1941	156.3664	2.380507	0.3830211	0.2592427	0.5483682
11976	-435.7462	-591.9644	156.2182	2.142301	0.6166374	0.2592427	0.5156873
11982	-443.4157	-600.4627	157.047	1.944546	0.4770725	0.1059329	0.726838
11988	-441.8897	-598.1477	156.2581	1.876658	0.7837385	0.2034411	0.8403428
11994	-430.473	-585.308	154.835	2.181555	0.4755161	1.05495	1.078574
12000	-445.2444	-600.5274	155.2829	2.179029	0.4755161	0.7987982	0.9033329
12006	-431.9598	-586.7654	154.8055	1.987356	0.5749786	0.8288477	1.336726
12012	-433.2542	-588.3917	155.1375	1.735214	0.5749786	0.5531928	1.554844
12018	-434.7781	-589.7623	154.9842	1.759714	0.6381127	0.5531928	1.582542
12024	-439.0361	-594.1923	155.1562	2.245133	1.23601	0.266592	0.9616744
12030	-438.6102	-593.4682	154.858	2.351463	0.7077662	0.6827256	0.9616744
12036	-430.0725	-585.9015	155.8291	2.456893	0.6180846	0.2872662	0.5438578
12042	-432.5355	-588.8047	156.2692	2.305483	0.6705406	0.1597901	0.5403145
12048	-429.8659	-586.0551	156.1892	2.268829	0.6705406	0.1970833	0.517216
12054	-433.0046	-588.9935	155.9889	2.229657	0.6705406	0.2855484	0.5375814
12060	-434.2378	-590.2383	156.0005	2.152717	0.7184132	0.2866476	0.5375814
12066	-432.2154	-588.011	155.7955	2.216655	0.7184132	0.3403342	0.6123118
12072	-439.7927	-595.0163	155.2236	2.199502	0.9368653	0.5364061	0.4849828
12078	-439.8663	-595.1612	155.2949	2.343083	0.6480713	0.5364061	0.8015792
12084	-427.0145	-583.5895	156.575	2.17326	0.540646	0.1260054	0.8119307
12090	-436.8334	-593.397	156.5637	2.305904	0.540646	0.1260054	0.6001763
12096	-436.7714	-592.9761	156.2047	2.561559	0.540646	0.1260054	0.2925578
12102	-431.1188	-587.9011	156.7823	2.350967	0.540646	0.06556844	0.5936539
12108	-431.7815	-588.0813	156.2998	2.123938	0.540646	0.2163411	0.8464039
12114	-443.4808	-599.6883	156.2075	1.966719	0.604077	0.2163411	1.013624
12120	-438.6204	-594.4573	155.8369	1.51141	0.9527494	0.07387676	1.745772
12126	-440.2019	-596.7064	156.5045	1.691035	0.4267331	0.2062205	1.277682
12132	-438.7548	-594.9947	156.2399	1.515667	0.6381598	0.2062205	1.360629
12138	-439.352	-595.0544	155.7024	1.714835	1.140148	0.1891887	1.223786
12144	-431.0005	-586.6132	155.6127	1.906843	0.96822	0.2729473	1.07529
12150	-432.4654	-588.4873	156.0219	2.014677	0.6419202	0.2729473	0.9459886
12156	-429.4396	-585.5115	156.0719	1.855393	0.5299053	0.1821437	1.409276
12162	-443.9799	-599.7756	155.7957	1.452871	0.8086767	0.1845847	1.627967
12168	-427.2063	-583.1725	155.9662	1.603562	0.9687726	0.2218094	1.151573
12174	-433.2931	-588.5878	155.2947	1.819843	1.496666	0.2218094	1.151573
12180	-443.9562	-599.0954	155.1392	1.601989	1.496666	0.2218094	1.455259
12186	-441.7742	-597.4565	155.6823	1.877952	1.159686	0.1853425	1.092909
12192	-429.29	-585.2353	155.9454	1.989513	0.8557731	0.1853425	1.02561
12198	-430.7891	-587.0583	156.2691	1.822191	0.8557731	0.1635394	0.9379202
12204	-424.3465	-580.4521	156.1056	1.885047	0.7783056	0.2134975	0.9756453
12210	-428.7194	-584.9733	156.2539	1.690879	0.6207917	0.192666	1.260097
12216	-434.6979	-589.977	155.279	1.846463	1.280762	0.3343883	1.04167
12222	-432.5626	-589.2669	156.7042	1.687514	0.416768	0.2100672	1.115232
12228	-436.9423	-593.4963	156.554	1.687514	0.7305258	0.1300148	1.056176
12234	-441.8886	-598.213	156.3244	1.682986	0.723237	0.1319031	1.264214
12240	-442.0122	-598.4353	156.4231	1.605646	0.4769042	0.1365546	1.516335
12246	-439.4633	-596.6837	157.2204	1.78501	0.3043149	0.1365546	0.980372
12252	-437.1302	-594.2603	157.1301	1.996325	0.4113629	0.09051281	0.7981937
12258	-446.9629	-603.7704	156.8075	1.733447	0.4113629	0.1510043	1.158708
12264	-452.3595	-607.8019	155.4424	2.255057	1.067977	0.2778086	0.752993
12270	-448.9941	-603.898	154.9039	2.537329	1.473875	0.2827288	0.4859941
12276	-443.8858	-598.9121	155.0264	2.414062	1.473875	0.2827288	0.5244938
12282	-439.9364	-595.9633	156.0269	2.111259	1.372011	0.08206889	0.647308
12288	-434.0531	-590.0365	155.9834	1.911598	1.372011	0.1253326	0.7557495
12294	-429.3157	-584.4516	155.1359	1.563482	1.835555	0.1140165	1.583142
12300	-445.2652	-601.2029	155.9377	1.4262	0.3006744	0.1140165	2.267955
12306	-430.8279	-587.2345	156.4067	1.207871	0.3006744	0.04700994	2.303962
12312	-432.6422	-588.2521	155.6098	1.601763	1.385931	0.08547065	1.526325
12318	-439.2954	-595.3033	156.0079	1.846386	0.7684853	0.1587233	1.265208
12324	-437.1343	-593.7239	156.5895	1.852657	0.7684853	0.1587233	0.5887767
12330	-430.2105	-585.0826	154.872	2.003864	3.579986	0.07505133	0.8643277
12336	-430.2961	-585.0688	154.7727	1.740195	3.579986	0.1324634	0.9967444
12342	-431.1213	-586.7663	155.645	2.015806	1.563887	0.1324634	0.841244
12348	-439.2896	-594.3573	155.0677	1.671364	1.563887	0.2296963	1.402702
12354	-443.3629	-598.4388	155.0759	1.855084	1.789652	0.1721152	1.264982
12360	-440.7046	-596.7462	156.0416	1.750169	0.909916	0.1721152	1.142495
12366	-450.4936	-604.3168	153.8232	1.911285	0.6307071	1.32517	1.71182
12372	-446.9538	-600.9238	153.9701	2.134371	0.7269324	1.387624	1.300652
12378	-455.6199	-608.7766	153.1567	2.129532	1.223768	1.387624	1.536433
12384	-458.4693	-612.1594	153.6901	2.135349	0.4888747	1.754242	1.57982
12390	-462.0599	-617.085	155.0251	1.913392	0.4888747	0.7903822	1.365251
12396	-446.9153	-602.2075	155.2922	1.753391	0.6784654	0.5164006	1.356
12402	-445.2218	-600.1008	154.8789	1.466447	0.7237095	0.1374207	2.406553
12408	-446.8083	-602.3266	155.5183	1.432168	1.201423	0.09108762	1.803932
12414	-436.3762	-591.3687	154.9925	1.557994	1.201423	0.2024343	1.803932
12420	-440.6193	-597.8358	157.2165	1.748839	0.4538187	0.1012169	0.845763
12426	-448.6876	-605.0657	156.378	1.494255	0.8855818	0.1012169	1.317903
12432	-437.0439	-593.5639	156.52	1.422933	0.4908469	0.09378011	1.685981
12438	-429.1737	-584.8399	155.6662	1.73657	1.298293	0.1987935	1.090709
12444	-435.8906	-592.028	156.1374	1.802758	0.987026	0.1236679	1.090709
12450	-440.4506	-596.3635	155.9129	1.837945	1.532885	0.06127642	1.090709
12456	-437.8446	-594.7249	156.8803	1.790333	0.601127	0.06264574	1.090709
12462	-441.3504	-597.4479	156.0974	1.797191	1.419243	0.07186619	0.9838816
12468	-428.04	-583.8868	155.8468	1.839985	1.636181	0.07186619	1.034052
12474	-430.9826	-582.388	151.4054	2.84911	21.62306	0.008208265	0.2492065
12480	-439.7659	-590.4559	150.69	2.888381	29.0681	0.009776881	0.1839095
12486	-436.7342	-588.1117	151.3776	2.5299	29.0681	0.009776881	0.3732387
12492	-443.2266	-595.5099	152.2833	2.608211	16.50363	0.007630882	0.4292126
12498	-451.2775	-603.5558	152.2783	2.520928	17.44503	0.007630882	0.4370717
12504	-435.1872	-592.5196	157.3324	1.926101	0.3256395	0.0987544	0.8076151
12510	-428.0782	-584.5103	156.4322	1.720984	0.7212878	0.1833726	0.9741375
12516	-426.61	-582.8547	156.2448	1.826724	0.7212878	0.2131136	0.9661596
12522	-442.5031	-599.2961	156.793	1.817681	0.3523088	0.184438	1.102553
12528	-438.3764	-594.853	156.4766	1.90142	0.6726353	0.184438	0.7819083
12534	-439.3435	-595.1156	155.7722	1.90142	1.94021	0.05511045	0.9323142
12540	-428.709	-585.3868	156.6778	1.751947	0.5518154	0.1834082	0.9323142
12546	-423.062	-579.1419	156.0799	1.812559	1.130835	0.1416245	0.9351677
12552	-417.3611	-573.744	156.3828	1.692573	1.130835	0.07254053	1.039867
12558	-435.6061	-591.0233	155.4172	1.781142	3.240727	0.03696829	0.8579574
12564	-434.3094	-589.5804	155.271	2.07221	2.635448	0.05761959	0.8754048
12570	-439.2318	-594.7856	155.5538	1.812507	2.635448	0.0300701	0.9941942
12576	-447.1034	-602.2423	155.1389	1.987224	2.426896	0.09190934	1.040605
12582	-439.5342	-595.0038	155.4696	2.019741	2.426896	0.07761696	0.6746184
12588	-434.7405	-590.6718	155.9313	2.226917	1.107212	0.1393607	0.5676488
12594	-428.9572	-584.2064	155.2492	2.119456	0.9474105	0.5031685	0.7542347
12600	-434.6917	-590.0633	155.3716	2.418744	0.5079322	0.5581595	0.8321238
12606	-422.7776	-578.7756	155.998	2.484014	0.5698104	0.2384395	0.4678593
12612	-416.0143	-572.0318	156.0175	2.454376	0.5698104	0.2384395	0.5825863
12618	-418.9812	-574.8275	155.8463	2.436445	0.5361116	0.3412422	0.5627887
12624	-421.4051	-577.1003	155.6952	2.470139	0.5864683	0.3636275	0.4789016
12630	-414.7516	-571.2016	156.45	2.470139	0.4315127	0.1624087	0.4038699
12636	-422.0345	-577.3823	155.3478	2.41853	0.8627719	0.379374	0.4185998
12642	-431.5044	-586.683	155.1786	2.374638	1.075368	0.379374	0.4332403
12648	-431.8293	-586.8048	154.9755	2.600717	1.075368	0.3626832	0.4051092
12654	-431.423	-587.1119	155.6889	2.483854	1.075368	0.1401931	0.4051092
12660	-439.4291	-595.618	156.1889	2.54529	0.6244196	0.1280913	0.4051092
12666	-432.7284	-588.6811	155.9528	2.485434	0.6244196	0.2236824	0.4441751
12672	-439.4406	-596.0306	156.59	2.248281	0.4113408	0.2066478	0.5312802
12678	-443.5055	-599.7673	156.2618	2.125067	0.6848472	0.2066478	0.6185142
12684	-447.2076	-602.9288	155.7212	2.274488	0.6848472	0.3774895	0.4512836
12690	-445.2104	-601.1122	155.9018	2.055474	0.6848472	0.3774895	0.6621838
12696	-452.8011	-609.2317	156.4306	2.243804	0.5382075	0.1799915	0.6300982
12702	-432.8389	-589.7948	156.9559	2.038836	0.4083072	0.1364708	0.7292073
12708	-438.9331	-594.9225	155.9893	1.892836	0.8689586	0.1805814	1.07612
12714	-429.0037	-585.7002	156.6965	1.586733	0.4231753	0.1805814	1.275213
12720	-431.5104	-588.2742	156.7638	1.798788	0.3644695	0.1913365	1.103918
12726	-434.7968	-591.1676	156.3708	1.705178	0.6647753	0.2055087	1.056905
12732	-442.9336	-600.0662	157.1326	1.862583	0.3333628	0.1669941	0.7952342
12738	-441.1454	-598.3809	157.2355	1.78597	0.2841161	0.1669941	0.90076
12744	-434.8892	-591.8024	156.9132	1.869576	0.398817	0.1669941	0.8915823
12750	-433.946	-591.2924	157.3464	1.76011	0.398817	0.0931523	0.8397213
12756	-431.406	-588.4498	157.0438	1.885963	0.4666035	0.07110126	1.007583
12762	-447.9694	-602.0387	154.0693	1.481284	0.5463068	0.5210932	2.500602
12768	-444.832	-600.9084	156.0764	1.531066	0.5463068	0.1295838	1.757164
12774	-441.0044	-597.4851	156.4808	2.557014	0.384784	0.1469708	0.6667992
12780	-433.8856	-590.4016	156.516	2.44566	0.5381329	0.1076094	0.4647277
12786	-439.9256	-597.2589	157.3333	1.938208	0.2874041	0.1076094	0.8551415
12792	-437.8174	-595.6044	157.787	1.938229	0.2201027	0.06450224	0.7407225
12798	-424.857	-582.0519	157.1949	1.919976	0.4780706	0.06450224	0.8150262
12804	-440.4226	-598.584	158.1614	1.472404	0.1425858	0.07899944	1.049189
12810	-428.759	-585.5408	156.7817	1.865131	0.4932708	0.1438546	0.9423537
12816	-430.6605	-586.5995	155.939	1.886299	0.4932708	0.4262746	1.056862
12822	-437.7792	-593.1167	155.3375	1.886299	0.7631685	0.4262746	1.249957
12828	-444.8592	-599.9909	155.1317	2.059735	0.7631685	0.4440564	1.249957
12834	-430.586	-586.4395	155.8534	2.017983	0.7198011	0.3662135	0.7679414
12840	-446.2037	-601.0755	154.8718	2.078288	2.819155	0.1702626	0.6599844
12846	-445.1802	-601.1254	155.9452	2.301975	0.8745237	0.1797316	0.5988813
12852	-444.0102	-599.2304	155.2202	2.406649	1.525192	0.1996246	0.5044286
12858	-442.8296	-598.372	155.5424	2.489969	0.897847	0.2279863	0.7003459
12864	-457.5848	-609.9462	152.3613	2.441774	6.268611	0.6914701	0.7221145
12870	-440.5382	-593.2097	152.6715	1.995493	5.049428	0.7877682	1.091216
12876	-433.2509	-586.7829	153.532	1.756459	2.877019	0.4560309	1.57882
12882	-428.7471	-583.8694	155.1224	1.579917	1.192918	0.4931789	1.218606
12888	-428.577	-583.6756	155.0986	1.85362	1.192918	0.1447736	1.658389
12894	-431.2428	-587.2683	156.0254	1.895809	1.192918	0.1287211	0.8949535
12900	-432.6903	-587.8552	155.1649	1.91953	1.395081	0.2721441	1.128507
12906	-432.7294	-588.3117	155.5822	1.645511	1.101846	0.2721441	1.220275
12912	-436.8567	-591.985	155.1283	1.825877	1.717168	0.1968206	1.220275
12918	-437.6958	-593.3484	155.6527	1.995861	0.7114201	0.334902	1.095222
12924	-430.7859	-586.4117	155.6259	1.921691	0.7508177	0.334902	1.141618
12930	-444.7249	-601.3554	156.6304	1.761875	0.3800773	0.2190707	1.155037
12936	-440.1087	-596.5341	156.4255	1.970888	0.3762134	0.3209659	0.9101709
12942	-437.0684	-593.722	156.6536	2.288052	0.5168728	0.1112418	0.6583992
12948	-436.8949	-592.7952	155.9003	1.999117	0.8893911	0.2288392	0.890164
12954	-437.0189	-592.8854	155.8664	1.780677	0.8849824	0.1893618	1.243293
12960	-431.1036	-587.5977	156.4941	1.924589	0.408262	0.07733167	1.500522
12966	-428.9488	-585.2254	156.2766	2.032386	0.8079357	0.1456056	0.8207705
12972	-431.4018	-587.8491	156.4473	1.999182	0.8079357	0.07556269	0.9876412
12978	-434.3063	-590.6675	156.3611	1.924933	0.8079357	0.1124082	0.9876412
12984	-426.5139	-582.4472	155.9333	1.806079	0.9383419	0.2134617	1.04658
12990	-429.2146	-585.7307	156.5161	1.955689	0.7694137	0.1265537	0.7570481
12996	-422.5466	-578.154	155.6074	1.944516	1.297439	0.1918601	0.9665507
13002	-428.2123	-584.7201	156.5078	1.828259	0.4931272	0.1918601	1.092348
13008	-423.689	-579.905	156.2161	1.953016	0.3125633	0.3540166	1.190062
13014	-428.6805	-584.8254	156.1448	1.73383	1.188413	0.09657795	1.074505
13020	-438.9377	-595.8747	156.9371	1.809012	0.4241881	0.1262522	1.030926
13026	-432.8488	-589.4595	156.6106	1.608157	0.3455876	0.1439704	1.540487
13032	-431.3852	-588.3284	156.9431	1.861582	0.3477813	0.1465148	1.048115
13038	-437.0353	-593.4765	156.4412	1.805094	0.4403224	0.2797579	1.037867
13044	-433.1806	-589.8166	156.636	1.688576	0.4403224	0.2797579	0.9594529
13050	-449.1539	-605.7446	156.5907	1.753569	0.4295032	0.2797579	0.9594529
13056	-442.6467	-599.3213	156.6746	1.605172	0.4295032	0.06828425	1.605331
13062	-445.5739	-600.7857	155.2118	2.252447	0.4515628	0.6623322	1.114149
13068	-442.183	-598.1368	155.9539	1.919169	0.6330146	0.2683224	1.127487
13074	-444.1122	-600.3447	156.2325	1.585491	0.6330146	0.2134069	1.299591
13080	-448.0118	-604.0393	156.0275	1.818067	0.5727356	0.3581817	1.044632
13086	-432.0954	-587.8192	155.7238	1.929835	0.7727347	0.3222742	1.044632
13092	-441.9852	-598.1011	156.1159	1.749591	0.6116786	0.3222742	1.044632
13098	-438.629	-594.8014	156.1723	1.776813	0.6116786	0.189547	1.275156
13104	-434.0125	-590.3939	156.3814	1.642733	0.6623823	0.1296307	1.322544
13110	-438.2885	-594.7174	156.4289	1.527292	0.6623823	0.1296307	1.376546
13116	-428.2242	-584.7524	156.5282	1.829799	0.7074803	0.1130342	1.036096
13122	-436.8572	-592.5318	155.6746	1.983213	0.7074803	0.4005615	0.9604241
13128	-426.0088	-582.0974	156.0886	2.10761	1.132531	0.1194127	0.6139213
13134	-437.1224	-592.7953	155.673	2.28105	0.9362208	0.2642877	0.5529778
13140	-440.3593	-596.9662	156.607	2.138276	0.6028147	0.1389726	0.4946171
13146	-442.919	-599.2311	156.312	2.084633	0.8614701	0.1432526	0.5535837
13152	-453.3169	-607.0494	153.7325	2.552088	1.174882	1.314058	0.681055
13158	-444.9675	-598.6858	153.7183	2.468259	1.174882	1.314058	0.8273826
13164	-439.5642	-594.5202	154.956	2.4409	0.7758532	0.6612558	0.6217149
13170	-436.2856	-592.369	156.0833	1.831675	1.085011	0.1667385	0.8595593
13176	-451.186	-607.3493	156.1633	1.919185	0.7097476	0.2965978	0.6954273
13182	-442.6631	-598.6735	156.0104	1.929916	0.7097476	0.2965978	0.8896634
13188	-443.3959	-598.6224	155.2265	2.131044	1.53281	0.2965978	0.5649522
13194	-450.0964	-605.3362	155.2398	2.219526	1.047641	0.3355317	0.9101735
13200	-464.1469	-619.6694	155.5225	2.118697	1.030332	0.2495062	0.9526934
13206	-447.3657	-603.0713	155.7057	1.807049	1.189071	0.1968936	1.079968
13212	-434.0311	-590.1269	156.0959	2.262585	0.7201268	0.1968936	0.6462422
13218	-437.1025	-592.3607	155.2582	2.262585	1.172793	0.3558136	0.4776134
13224	-444.5909	-600.504	155.9131	2.108486	0.6488634	0.3575435	0.7083628
13230	-442.5415	-598.3427	155.8012	2.282333	0.6607771	0.336387	0.644256
13236	-440.8272	-597.07	156.2428	2.189318	0.4219938	0.336387	0.6995593
13242	-439.8104	-596.3334	156.523	2.217069	0.367446	0.2723439	0.5723705
13248	-447.7501	-605.2446	157.4944	2.273069	0.2997442	0.030097	0.5723705
13254	-450.3557	-608.2644	157.9087	2.048628	0.1811794	0.04947509	0.6698844
13260	-440.3698	-597.7504	157.3807	2.158516	0.3140143	0.06257617	0.6698844
13266	-434.9745	-591.6606	156.6861	2.461072	0.5291508	0.06257617	0.3798346
13272	-440.132	-596.1406	156.0086	2.444248	1.083836	0.06257617	0.3442997
13278	-442.6843	-599.0811	156.3968	2.449326	0.7157991	0.07219238	0.3990663
13284	-437.998	-594.7027	156.7047	1.975324	0.4854463	0.1849017	0.7487855
13290	-442.5119	-598.0533	155.5413	2.286237	1.074997	0.2528864	0.6138026
13296	-444.8861	-601.1815	156.2953	2.14941	0.5558048	0.2528864	0.6138026
13302	-446.1678	-602.5397	156.3719	2.191965	0.6235683	0.1691803	0.6698106
13308	-441.0347	-598.7673	157.7326	2.037089	0.2457772	0.04321895	0.7272833
13314	-438.7741	-595.0455	156.2714	2.497867	0.4840616	0.1763606	0.3809203
13320	-442.0543	-597.2383	155.184	2.362229	1.072031	0.3878021	0.5414634
13326	-437.526	-594.1583	156.6323	2.156638	0.6889938	0.09512381	0.5798285
13332	-424.9058	-581.9307	157.0249	2.273927	0.3716413	0.09388522	0.6044345
13338	-427.984	-584.81	156.8259	1.974297	0.4723007	0.1078451	0.9636501
13344	-424.2769	-581.4802	157.2034	2.046097	0.3678215	0.07555894	0.8374409
13350	-423.4328	-579.9549	156.5221	1.94667	0.6202138	0.1641499	0.8431821
13356	-428.7609	-585.1406	156.3797	2.110624	0.6202138	0.1641499	0.8160405
13362	-436.5017	-593.6127	157.111	1.628945	0.2589221	0.1641499	1.23556
13368	-437.9043	-594.5172	156.6129	1.73669	0.5932625	0.1802735	0.9617014
13374	-435.9266	-592.447	156.5204	1.854808	0.4492767	0.1802735	1.157692
13380	-445.4795	-601.2372	155.7577	2.152875	0.5745782	0.4817697	0.6815283
13386	-441.5148	-598.1069	156.5921	2.114459	0.5342221	0.1608156	0.7039106
13392	-434.0476	-590.9202	156.8726	1.72911	0.5342221	0.08112405	1.164713
13398	-441.4927	-598.4803	156.9876	1.555035	0.5342221	0.08112405	1.215594
13404	-454.2654	-610.8278	156.5624	1.751609	0.5342221	0.1687351	1.118567
13410	-438.0455	-592.3788	154.3333	1.804886	0.9549267	0.7047389	1.592673
13416	-445.692	-600.6951	155.0031	1.758049	0.9103142	0.7047389	1.135569
13422	-439.1443	-593.9583	154.8141	1.518862	1.223168	0.4554306	1.539413
13428	-434.7509	-590.3394	155.5884	2.018412	1.223168	0.2601722	0.7446294
13434	-434.0678	-589.7131	155.6452	1.979578	1.162787	0.2601722	0.7944619
13440	-423.2207	-580.0507	156.83	1.624991	0.4719575	0.1085421	1.275171
13446	-435.0597	-591.1928	156.1331	1.479761	0.3902264	0.4314322	1.387446
13452	-428.3654	-584.8666	156.5012	1.920557	0.6250973	0.08997929	1.168636
13458	-433.0281	-589.6142	156.5861	1.863791	0.5110021	0.06956077	1.36606
13464	-437.6769	-593.5915	155.9147	1.543841	0.6221762	0.2308686	1.550826
13470	-424.8235	-580.8398	156.0163	1.670073	0.6651968	0.2308686	1.330567
13476	-440.7924	-596.6742	155.8818	1.619232	0.6449097	0.3168225	1.330567
13482	-435.5852	-591.0392	155.454	1.906068	0.5947519	0.3401712	1.456084
13488	-435.2254	-591.763	156.5376	1.682864	0.6551705	0.1655689	1.050594
13494	-449.0904	-605.8454	156.7549	1.71919	0.447714	0.1655689	1.114447
13500	-444.1335	-599.0526	154.9191	1.722844	2.925315	0.2068756	0.8750943
13506	-444.5477	-601.0616	156.5139	1.88697	0.4847576	0.2068756	1.0007
13512	-437.5701	-593.5062	155.936	2.02238	0.7112847	0.3146362	0.8150743
13518	-438.3951	-594.0261	155.631	1.401063	0.7112847	0.106212	2.05227
13524	-428.4437	-584.7173	156.2735	1.371266	0.7090275	0.1881885	1.415501
13530	-435.486	-591.9795	156.4934	1.554768	0.4488608	0.09130347	1.670389
13536	-432.5903	-589.0686	156.4783	1.721315	0.4488608	0.1472263	1.394074
13542	-440.0086	-597.5118	157.5031	1.610653	0.1914383	0.09121977	1.312645
13548	-435.9409	-593.021	157.0801	1.412983	0.2339158	0.1123554	1.623386
13554	-441.2508	-597.602	156.3513	1.504231	0.5941081	0.09603588	1.625934
13560	-440.4916	-597.1677	156.6761	1.613234	0.4563911	0.1097816	1.42438
13566	-458.9117	-616.2132	157.3015	1.488745	0.2268469	0.1097816	1.42438
13572	-448.478	-604.8361	156.358	1.842981	0.6805109	0.1097816	1.220903
13578	-444.4879	-601.2515	156.7637	1.607046	0.4855586	0.1367671	1.234974
13584	-446.0908	-602.4284	156.3375	1.499873	0.4855586	0.1001107	1.747537
13590	-435.6977	-592.6194	156.9217	1.500351	0.384113	0.1031687	1.44699
13596	-437.5702	-594.5191	156.9489	1.692977	0.3748608	0.09689449	1.309804
13602	-430.2029	-586.9081	156.7052	1.59618	0.3357019	0.1178906	1.5675
13608	-427.2977	-583.6485	156.3508	1.547403	0.4179517	0.143991	1.668617
13614	-438.0794	-594.0413	155.9619	1.779678	0.6326946	0.3127963	1.150749
13620	-434.615	-591.1404	156.5254	2.057941	0.2729005	0.3127963	0.9752203
13626	-428.3121	-584.7283	156.4163	2.148861	0.6834364	0.1296773	0.7625454
13632	-434.6581	-591.4056	156.7474	2.109096	0.5537138	0.1265355	0.5679329
13638	-428.6608	-586.5695	157.9087	1.931094	0.167896	0.07977392	0.6946811
13644	-437.1325	-594.9142	157.7817	2.301147	0.1389067	0.05150025	0.6846464
13650	-441.099	-598.8175	157.7185	2.413239	0.1389067	0.05150025	0.5572478
13656	-431.1914	-588.9734	157.7819	2.108585	0.1983932	0.05671586	0.6197251
13662	-436.8194	-594.5366	157.7172	1.855039	0.1983932	0.05671586	1.035631
13668	-428.1843	-584.0353	155.851	1.717532	1.039711	0.08235404	1.494736
13674	-428.5037	-585.2538	156.7501	2.122766	0.4390985	0.1506985	0.7504485
13680	-429.8394	-586.7385	156.8991	1.973747	0.4390985	0.1506985	0.7504485
13686	-434.3822	-591.0479	156.6657	2.050611	0.5482513	0.1506985	0.7091384
13692	-433.2071	-589.8156	156.6085	1.891105	0.456769	0.1506985	1.122755
13698	-435.3579	-591.4668	156.1089	1.732967	0.8322222	0.1815651	1.14757
13704	-430.0764	-587.6591	157.5826	1.745328	0.2266574	0.06512794	1.14757
13710	-434.631	-591.8053	157.1743	1.751149	0.3731237	0.07921174	1.139643
13716	-447.0553	-603.2353	156.18	1.690394	1.045649	0.1508376	1.006661
13722	-448.8946	-606.1569	157.2624	1.824006	0.3217252	0.09325144	1.032941
13728	-447.2085	-603.6624	156.4539	1.996861	0.8174786	0.1233015	0.7205792
13734	-452.4597	-608.3711	155.9114	1.768685	1.569438	0.1233015	0.8553597
13740	-445.7803	-601.1727	155.3924	2.409476	1.569438	0.1302086	0.6219344
13746	-443.2173	-598.8936	155.6762	2.203028	1.387267	0.1524262	0.5419134
13752	-428.0224	-584.6367	156.6143	2.216633	0.5082965	0.1524262	0.5808109
13758	-429.0599	-585.6552	156.5953	2.250525	0.5037499	0.1524262	0.54824
13764	-431.8151	-587.3486	155.5335	2.187366	1.518649	0.1524262	0.6986871
13770	-439.6195	-595.566	155.9465	1.96982	1.518649	0.06973053	0.8919994
13776	-431.5577	-588.1477	156.59	2.121399	0.4764226	0.1465779	0.8919994
13782	-432.4152	-587.9258	155.5106	2.363572	1.205842	0.1974786	0.4263839
13788	-431.35	-587.437	156.087	1.769355	1.205842	0.1520497	0.8588137
13794	-447.5888	-603.7784	156.1896	1.553185	1.205842	0.1520497	0.9833013
13800	-442.6801	-598.0263	155.3462	2.012617	0.8205243	0.3757547	1.159315
13806	-452.8437	-608.3372	155.4935	1.727246	0.8205243	0.3757547	1.276537
13812	-449.307	-604.9109	155.6039	1.750472	0.5485019	0.3818458	1.447881
13818	-446.6564	-602.1322	155.4758	1.738958	0.8814142	0.4155226	1.157719
13824	-447.8447	-603.338	155.4933	1.744589	1.242161	0.1372164	1.435979
13830	-443.502	-598.9693	155.4673	1.523407	0.9165609	0.2796166	1.537255
13836	-438.9628	-595.7285	156.7657	2.058129	0.4955991	0.1212504	0.8317245
13842	-452.781	-609.4776	156.6966	1.924935	0.4955991	0.1147729	1.072989
13848	-446.2157	-602.3997	156.184	2.296555	0.5111434	0.2539993	0.6836185
13854	-457.5298	-613.61	156.0802	2.164608	0.8263328	0.2002988	0.5768989
13860	-444.8953	-600.3694	155.4741	2.132267	1.080121	0.3089361	0.7617847
13866	-444.6875	-600.1616	155.4741	2.132267	1.080121	0.3089361	0.7617847
13872	-440.8513	-597.2085	156.3571	2.111964	0.5438169	0.2169701	0.7786524
13878	-435.1659	-591.5566	156.3907	2.06267	0.5438169	0.2169701	0.8000941
13884	-416.9345	-573.4426	156.5081	2.16356	0.5438169	0.1485517	0.7973098
13890	-430.174	-586.1076	155.9336	1.643791	0.543736	0.2275879	1.555711
13896	-429.9942	-586.4829	156.4887	1.422726	0.434462	0.1582708	1.601264
13902	-435.445	-591.8926	156.4476	2.082038	0.6593578	0.1721429	0.6129047
13908	-430.3891	-586.3852	155.9961	2.236912	0.6593578	0.277768	0.6129047
13914	-434.9588	-590.3972	155.4384	2.43935	0.9753035	0.277768	0.5638538
13920	-433.7909	-589.3322	155.5413	2.285505	0.9753035	0.3002144	0.5514547
13926	-438.5025	-593.5801	155.0777	1.932635	1.131738	0.4945632	0.9836947
13932	-428.9967	-585.8906	156.8939	1.954351	0.6147835	0.1003264	0.636513
13938	-436.8769	-592.5375	155.6606	2.141816	1.131229	0.2005006	0.8145129
13944	-428.0425	-583.9864	155.9439	1.914124	0.9921392	0.1860031	0.9548731
13950	-429.1914	-585.6234	156.432	1.914124	0.5723332	0.141954	1.119878
13956	-431.2446	-586.673	155.4284	1.729661	1.024377	0.2440935	1.394966
13962	-427.573	-584.4856	156.9126	2.02038	0.4740771	0.05474022	1.069281
13968	-426.1794	-582.6353	156.4559	2.257071	0.3553742	0.2599928	0.7470837
13974	-415.9615	-573.5634	157.6018	2.078231	0.2263174	0.04964889	0.8746109
13980	-424.4888	-581.8019	157.313	2.238892	0.2263174	0.1182746	0.5640882
13986	-423.6786	-580.5335	156.855	2.06981	0.5633657	0.06608601	0.8705431
13992	-430.7535	-587.4772	156.7237	2.133231	0.3373681	0.2264022	0.7213374
13998	-434.302	-591.0863	156.7843	2.040249	0.4747048	0.132145	0.8228508
14004	-435.1355	-591.6633	156.5278	1.709761	0.4871331	0.2374319	1.07165
14010	-443.2111	-597.7854	154.5743	2.121417	0.8074569	0.7933877	1.197568
14016	-434.213	-588.8932	154.6802	1.868716	0.9964267	0.7933877	1.147221
14022	-440.0612	-595.0051	154.944	1.868716	0.9964267	0.5597092	1.190653
14028	-437.7457	-592.4351	154.6894	1.8613	1.683451	0.4711577	1.052622
14034	-435.1515	-590.4207	155.2692	1.921667	1.160142	0.4174109	0.9094109
14040	-445.2688	-601.1022	155.8334	2.562265	0.3908259	0.3870273	0.3524046
14046	-450.2717	-605.5912	155.3195	2.825137	0.3908259	0.5496117	0.4007164
14052	-436.6507	-593.0566	156.4059	1.888696	0.6785761	0.1485078	1.004542
14058	-433.7781	-590.0814	156.3034	1.657063	0.8275719	0.07791768	1.381617
14064	-437.0745	-592.9062	155.8317	1.791223	1.377	0.0871038	1.200394
14070	-443.156	-599.3813	156.2253	1.801729	1.377	0.0871038	0.7876193
14076	-435.7079	-592.2023	156.4944	2.213221	0.7761704	0.0871038	0.6018162
14082	-444.8925	-601.3724	156.4799	2.28097	0.3246602	0.3048013	0.5331482
14088	-443.9195	-600.9327	157.0132	2.148704	0.3246602	0.1435222	0.6930305
14094	-432.3356	-589.3417	157.0061	2.200628	0.3246602	0.1435222	0.4189494
14100	-424.9331	-581.802	156.8689	2.347396	0.3246602	0.1435222	0.450448
14106	-429.5731	-585.9588	156.3857	2.061106	0.7869327	0.1435222	0.6558133
14112	-436.875	-592.3482	155.4732	2.460804	1.24763	0.1435222	0.7483043
14118	-444.8858	-599.9866	155.1008	2.22056	2.054518	0.1435222	0.8240895
14124	-441.021	-595.8692	154.8482	2.101483	2.054518	0.3283377	0.5686639
14130	-444.9535	-600.3141	155.3606	2.071448	1.667404	0.2157202	0.6718377
14136	-445.1757	-600.3313	155.1556	2.064643	2.423641	0.08224113	0.9922153
14142	-437.8633	-593.9849	156.1216	2.43677	0.943143	0.08224113	0.5348517
14148	-442.2592	-597.7769	155.5177	2.462858	1.998345	0.03331887	0.5613308
14154	-443.7243	-599.0042	155.2799	2.501031	2.05804	0.06831912	0.4944318
14160	-450.1024	-606.4899	156.3876	2.33647	0.9614335	0.04366798	0.4504285
14166	-445.5717	-601.6225	156.0508	2.553832	0.8664926	0.08737324	0.4170519
14172	-435.4633	-591.3362	155.8729	2.636435	0.7963744	0.1259832	0.3847111
14178	-441.2704	-596.353	155.0825	2.69574	0.7963744	0.4191506	0.5360125
14184	-430.8484	-587.1896	156.3411	1.939406	0.7963744	0.1484528	0.860232
14190	-438.666	-594.2474	155.5814	1.880009	1.742112	0.1484528	0.8654072
14196	-435.2538	-591.2982	156.0443	1.688052	0.6036773	0.1372079	1.586361
14202	-445.0787	-600.498	155.4193	1.73847	0.8241448	0.155636	1.747159
14208	-438.3044	-593.7051	155.4007	1.746566	0.6997774	0.5057592	1.265124
14214	-445.8038	-601.8742	156.0704	1.857765	0.514134	0.1555384	1.494698
14220	-442.0768	-597.3998	155.323	2.056547	0.7003014	0.5577149	0.9796019
14226	-436.66	-592.5209	155.8609	2.327986	0.6703944	0.2806351	0.6640943
14232	-452.6896	-607.8782	155.1887	2.327986	1.365639	0.2806351	0.5849852
14238	-439.5169	-595.2733	155.7563	2.016789	1.345129	0.1790972	0.6828207
14244	-436.9816	-592.5462	155.5646	2.016789	1.602328	0.1790972	0.6828207
14250	-436.8557	-592.4675	155.6118	2.016789	1.602328	0.1790972	0.5605439
14256	-436.5295	-593.0736	156.5441	1.941682	0.5782354	0.1790972	0.8373988
14262	-439.2427	-595.8455	156.6027	1.592866	0.5782354	0.2189662	1.022595
14268	-435.2349	-591.2624	156.0276	1.849228	0.5782354	0.27895	1.170994
14274	-434.7829	-591.4531	156.6702	1.670088	0.5500777	0.1637169	1.087127
14280	-433.6887	-588.8136	155.1249	2.084717	0.7410452	0.5910391	1.046757
14286	-427.2232	-583.0982	155.875	2.090529	0.5697306	0.3652779	0.9113083
14292	-425.6046	-582.0048	156.4002	2.087962	0.3473977	0.3652779	0.7495766
14298	-425.4794	-581.404	155.9246	2.168737	0.3473977	0.5676646	0.8064949
14304	-425.6914	-580.7118	155.0204	2.319481	0.8185894	0.5676646	0.8458755
14310	-442.364	-597.4636	155.0996	1.604267	0.7363841	0.4089487	1.695024
14316	-436.9678	-594.3008	157.333	1.214781	0.2890268	0.1058792	1.49942
14322	-434.6921	-590.8044	156.1123	1.955956	0.5997319	0.07885522	1.520252
14328	-437.6157	-592.375	154.7593	2.013495	1.43524	0.5256661	0.9147777
14334	-445.5298	-600.0513	154.5216	2.161054	0.7487557	1.033488	1.040084
14340	-437.9595	-593.3869	155.4275	1.806745	2.190978	0.08513479	1.08381
14346	-432.6485	-588.3978	155.7493	1.66265	1.407735	0.1704405	1.08381
14352	-433.8785	-590.2011	156.3227	1.71073	0.9277384	0.1174029	1.08381
14358	-426.3332	-583.6357	157.3026	1.864164	0.2981463	0.1317892	0.8361567
14364	-427.7483	-584.1607	156.4124	2.061069	0.3701091	0.3202707	0.8361567
14370	-422.628	-578.9246	156.2966	2.249192	0.5167527	0.2228686	0.7007612
14376	-429.69	-584.9697	155.2797	2.367195	0.6163315	0.6026147	0.7055759
14382	-421.2474	-577.6432	156.3958	2.036698	0.4093495	0.2718341	0.9262712
14388	-437.151	-593.8394	156.6883	1.845259	0.6257217	0.1237682	0.9262712
14394	-434.6865	-590.9489	156.2623	1.936919	0.4737145	0.325859	0.9162201
14400	-438.5291	-594.7779	156.2487	1.834509	0.9799217	0.1538397	0.8327575
14406	-443.0088	-599.1256	156.1168	2.041856	1.035846	0.1183328	0.8327575
14412	-440.652	-596.5433	155.8913	2.058499	1.440759	0.1127836	0.6547063
14418	-441.1965	-596.6875	155.4909	2.130393	1.915932	0.1127836	0.669629
14424	-444.6135	-600.3933	155.7798	2.524532	0.6495549	0.2613729	0.5526566
14430	-443.2918	-599.5403	156.2485	2.431412	0.6495549	0.1380695	0.4635937
14436	-451.1262	-606.4866	155.3604	2.438017	1.82375	0.09528771	0.5087739
14442	-451.6736	-607.0939	155.4203	2.0617	1.40945	0.1758785	0.9981507
14448	-442.3578	-597.4482	155.0904	1.88853	1.937914	0.2127481	1.030229
14454	-449.3182	-604.8581	155.5399	1.958467	1.640001	0.1080042	1.058756
14460	-437.1815	-593.6718	156.4903	2.15471	0.6426081	0.137384	0.6748122
14466	-435.5494	-591.9939	156.4445	2.081066	0.5720334	0.1939832	0.7311549
14472	-440.0681	-596.3136	156.2455	2.108251	1.113351	0.08741481	0.5969613
14478	-439.1864	-595.3591	156.1727	2.074869	0.6620811	0.1930746	0.9248005
14484	-433.6939	-590.0303	156.3364	2.100969	0.6620811	0.1633729	0.8128056
14490	-429.1576	-584.6399	155.4823	1.998698	0.9503465	0.3428002	0.9742736
14496	-423.8658	-579.2263	155.3605	2.092536	1.426391	0.2623808	0.7191135
14502	-425.5686	-581.6622	156.0936	2.308424	0.5958793	0.2480491	0.6005322
14508	-429.6186	-585.7823	156.1637	2.258587	0.7824	0.1638354	0.5041058
14514	-432.4296	-588.4222	155.9926	2.248984	0.8640278	0.1875697	0.5736842
14520	-451.3359	-608.3598	157.0238	2.312013	0.311379	0.1165848	0.5981858
14526	-425.4823	-582.369	156.8868	1.907467	0.311379	0.1714695	1.053314
14532	-424.9421	-582.0222	157.0801	2.017354	0.311379	0.1023779	1.006592
14538	-430.6494	-586.8647	156.2154	1.746281	0.7212621	0.1894115	1.138456
14544	-430.8529	-586.8183	155.9654	1.667818	0.6702512	0.1489439	1.560115
14550	-429.1378	-585.2461	156.1083	1.758067	0.9723906	0.1538689	1.070587
14556	-425.5601	-581.0247	155.4646	2.028406	1.658748	0.1538689	0.8713261
14562	-427.0203	-582.7694	155.7491	2.028406	1.173621	0.171043	0.9084664
14568	-429.9615	-586.397	156.4355	1.736363	0.4749099	0.2643164	1.086834
14574	-427.7206	-583.7645	156.0439	1.707294	1.047144	0.1086299	1.255928
14580	-415.6684	-570.9916	155.3232	1.878011	1.211792	0.2886165	1.122414
14586	-424.0413	-579.5367	155.4954	1.967375	0.9489155	0.2833375	1.122414
14592	-425.9331	-580.8807	154.9477	1.937449	0.9489155	0.2833375	1.583215
14598	-422.861	-578.2433	155.3823	2.425637	0.9489155	0.2833375	0.7446184
14604	-428.4524	-584.4141	155.9617	2.120462	0.7724526	0.2275169	0.837009
14610	-429.3436	-585.2986	155.9549	2.483437	0.7724526	0.1466824	0.6846062
14616	-435.8296	-591.1244	155.2948	2.253907	1.261946	0.2814617	0.6996122
14622	-428.4212	-583.9178	155.4966	1.834344	1.167534	0.2814617	1.054313
14628	-434.8025	-589.4085	154.6059	2.053379	1.167534	0.497479	1.267337
14634	-437.735	-593.5425	155.8075	1.758217	0.9722935	0.06740936	1.598339
14640	-436.3841	-593.5632	157.1791	1.982036	0.4096676	0.06740936	0.8906763
14646	-433.9465	-590.2352	156.2887	2.030276	0.4520281	0.2258148	1.082022
14652	-436.9652	-593.3774	156.4122	2.089137	0.6705107	0.1490431	0.7774954
14658	-443.322	-599.6404	156.3184	2.157245	0.8643688	0.1100958	0.6749867
14664	-440.7944	-596.3442	155.5498	2.377094	0.8643688	0.2924634	0.6576654
14670	-438.9797	-594.2168	155.237	2.150714	1.36188	0.2286574	0.9721118
14676	-446.4636	-602.2042	155.7407	1.960541	1.36188	0.2014827	0.6628802
14682	-460.0803	-614.2919	154.2115	1.451761	1.429054	0.4562116	1.893979
14688	-463.3097	-618.7389	155.4292	1.291006	0.7925014	0.2424471	1.893979
14694	-479.6311	-634.4107	154.7796	1.37641	1.817296	0.1796708	1.810937
14700	-448.4466	-602.3264	153.8799	1.828981	1.495847	0.9487237	1.348625
14706	-454.4514	-609.9792	155.5278	1.761157	0.5614566	0.5850734	1.205765
14712	-451.679	-606.8892	155.2102	1.76025	0.5614566	0.5850734	1.46099
14718	-462.8916	-618.5612	155.6696	1.873334	1.435381	0.144522	1.023312
14724	-446.4444	-603.0221	156.5777	1.567894	0.4001112	0.144522	1.511428
14730	-443.8905	-598.8811	154.9906	1.718669	1.630597	0.2737536	1.298134
14736	-444.8934	-600.8513	155.958	1.824518	1.377677	0.09966007	1.003267
14742	-431.4073	-587.6221	156.2148	2.126573	0.7016223	0.2011418	0.7009952
14748	-437.6103	-594.3593	156.749	2.041171	0.7364146	0.0699676	0.7009952
14754	-433.6183	-589.9869	156.3685	2.057375	0.9181795	0.0699676	0.9070754
14760	-439.6669	-595.8742	156.2072	2.293977	0.9181795	0.09425509	0.6380679
14766	-433.4939	-589.3394	155.8455	2.552943	0.5518756	0.2633816	0.3606927
14772	-429.0181	-584.731	155.7129	2.552943	0.8283318	0.1912933	0.4193138
14778	-435.2343	-590.7879	155.5536	2.509796	0.7184561	0.3183159	0.4086528
14784	-432.4468	-588.5489	156.1021	2.200874	0.526306	0.3183159	0.6805928
14790	-444.4062	-599.8388	155.4326	2.055275	1.14777	0.3183159	0.8096872
14796	-428.6601	-584.5794	155.9193	2.241518	0.5912263	0.3183159	0.7516985
14802	-438.1333	-594.3656	156.2323	2.148918	0.4541281	0.3183159	0.7516985
14808	-435.5572	-592.3016	156.7443	2.155173	0.6058865	0.08208032	0.7169118
14814	-426.1948	-582.8511	156.6562	2.160444	0.3858005	0.2214528	0.6334883
14820	-439.0867	-594.475	155.3884	2.401151	1.236236	0.2214528	0.4804091
14826	-440.796	-596.7355	155.9396	2.407041	0.7008002	0.2214528	0.47661
14832	-435.4883	-591.5067	156.0184	2.560135	0.5224395	0.2214528	0.3945418
14838	-438.0513	-593.7081	155.6569	2.146432	0.9588926	0.3101061	0.6136409
14844	-436.8194	-592.1322	155.3128	2.345823	0.6710795	0.5839998	0.5596278
14850	-438.68	-593.8121	155.1321	2.189204	1.152944	0.433169	0.7068856
14856	-431.3194	-586.4844	155.165	2.3548	0.911783	0.4822234	0.6034093
14862	-437.8959	-593.3504	155.4545	2.287535	0.8267314	0.4202926	0.5239243
14868	-433.4777	-588.8679	155.3902	2.521231	0.7284307	0.3825706	0.4005584
14874	-439.4767	-594.5787	155.102	2.668823	0.5967767	0.5816367	0.470808
14880	-434.8564	-590.1671	155.3107	2.609029	0.5967767	0.4613553	0.362613
14886	-436.2245	-591.5814	155.3569	2.574995	0.5967767	0.4613553	0.3801742
14892	-427.3738	-583.2619	155.888	2.549861	0.721307	0.1601564	0.3332306
14898	-433.0054	-587.87	154.8647	2.548595	1.142294	0.4248005	0.4836997
14904	-425.3527	-580.9645	155.6118	2.369108	1.142294	0.1847704	0.4836997
14910	-442.0439	-598.0303	155.9864	2.263633	0.8642374	0.1847704	0.5739707
14916	-442.0588	-598.2815	156.2227	2.22477	0.6959143	0.1847704	0.5928096
14922	-428.956	-585.3456	156.3897	2.387355	0.534572	0.15882	0.4728368
14928	-443.0624	-599.5848	156.5223	2.20687	0.5440873	0.15882	0.6429996
14934	-442.6753	-599.4156	156.7402	2.10791	0.4528012	0.15882	0.7060779
14940	-450.4316	-605.8125	155.3808	2.348019	1.472729	0.1773575	0.5541805
14946	-440.5813	-596.7483	156.167	2.348019	0.48546	0.2721799	0.5965643
14952	-422.0647	-577.8123	155.7476	2.497232	0.48546	0.3964546	0.5925556
14958	-429.687	-586.0369	156.3498	2.310828	0.48546	0.2208246	0.5591777
14964	-433.3813	-589.847	156.4657	2.2581	0.4525106	0.2208246	0.4879981
14970	-429.0917	-584.8427	155.751	2.486455	0.7863165	0.2208246	0.5541409
14976	-430.9486	-586.8044	155.8558	2.444993	0.6751798	0.2498965	0.5436847
14982	-427.4983	-583.4475	155.9492	2.31591	0.971503	0.1476585	0.5444445
14988	-433.9266	-590.1723	156.2458	2.189767	0.4795839	0.31693	0.5135572
14994	-434.5456	-590.9556	156.41	2.309919	0.5486088	0.1696956	0.5135572
15000	-433.2952	-589.4271	156.1319	2.054472	0.8105909	0.1696956	0.8665078
15006	-424.234	-579.8829	155.6488	2.154607	0.8105909	0.3244785	0.829442
15012	-432.0334	-589.0667	157.0333	1.871044	0.2733122	0.2101298	0.9118505
15018	-433.5341	-589.8786	156.3446	2.387012	0.463442	0.2101298	0.545584
15024	-427.9671	-584.1396	156.1724	2.319832	0.539621	0.2101298	0.782893
15030	-437.2542	-592.1505	154.8963	2.285723	3.721921	0.03428965	0.6154842
15036	-423.1753	-579.5546	156.3793	2.087394	1.259252	0.03428965	0.6363574
15042	-429.6437	-587.1677	157.5241	2.54578	0.1835172	0.03428965	0.47172
15048	-433.353	-588.7979	155.4449	2.748591	0.5036494	0.3120391	0.2403465
15054	-434.547	-590.4012	155.8542	2.665755	0.6204464	0.1741783	0.3263447
15060	-432.0884	-588.2192	156.1309	2.468263	0.6204464	0.1741783	0.4928489
15066	-428.8567	-585.6623	156.8056	1.807728	0.4613405	0.2021944	0.8248792
15072	-443.8215	-599.4015	155.58	1.836986	0.9494917	0.4527643	0.8039024
15078	-438.5568	-595.5429	156.9861	2.029584	0.4053848	0.1187897	0.8039024
15084	-437.2538	-594.0664	156.8126	2.043195	0.4617156	0.1162072	0.8863551
15090	-445.8174	-602.8779	157.0605	1.983439	0.4778045	0.09602024	0.70737
15096	-440.0076	-596.5916	156.5839	1.937575	0.8600641	0.09602024	0.70737
15102	-440.2318	-597.3744	157.1426	1.801119	0.431162	0.09602024	0.9418708
15108	-446.4908	-603.5901	157.0992	1.656653	0.3472062	0.1706935	1.016811
15114	-442.2154	-598.8091	156.5937	1.658091	0.3763471	0.278113	1.148684
15120	-433.5084	-590.0929	156.5846	1.385286	0.3808897	0.1340709	1.694284
15126	-427.6385	-583.8402	156.2017	1.467592	0.4619894	0.2518845	1.539241
15132	-443.0764	-598.7322	155.6558	1.689275	0.6752262	0.2518845	1.539241
15138	-440.0375	-596.0788	156.0413	1.932761	0.8488679	0.2832483	0.6408729
15144	-445.7123	-601.2713	155.5589	1.793282	0.9170619	0.2832483	1.247303
15150	-439.658	-595.0522	155.3942	1.593487	1.627893	0.157601	1.34529
15156	-430.9788	-586.7694	155.7906	2.235706	1.170753	0.157601	0.6021262
15162	-430.3522	-586.499	156.1468	2.013592	0.9642112	0.1313222	0.8572095
15168	-423.0401	-578.583	155.543	2.187543	1.545276	0.1273351	0.7934761
15174	-447.3833	-602.5543	155.1711	2.069686	2.875944	0.08591491	0.6738391
15180	-439.1913	-594.744	155.5527	1.811661	2.34804	0.08591491	0.8591318
15186	-442.0907	-597.3469	155.2562	1.811661	2.34804	0.05738658	1.270937
15192	-446.6508	-602.7011	156.0503	1.73482	1.54138	0.05738658	1.071075
15198	-441.1002	-597.2933	156.1931	1.894044	1.407909	0.05738658	0.8599083
15204	-435.0768	-591.2606	156.1838	1.737183	0.648001	0.1951204	1.242062
15210	-431.8239	-587.7807	155.9568	1.86992	0.9832378	0.1951204	0.9676062
15216	-436.747	-592.6027	155.8556	1.824664	0.8257872	0.2670883	1.083278
15222	-422.8639	-579.7463	156.8825	1.662185	0.3685404	0.1168801	1.331985
15228	-436.481	-592.9181	156.4371	1.66701	0.4685892	0.2941649	1.092189
15234	-441.1635	-596.8659	155.7023	2.112705	1.066288	0.2187006	0.8079604
15240	-436.2318	-592.0459	155.8141	2.166653	0.9769594	0.2187006	0.6906315
15246	-426.3702	-582.9786	156.6084	2.455731	0.2977956	0.2019235	0.6284828
15252	-435.9359	-591.7451	155.8092	2.679291	0.3628062	0.3959825	0.4831408
15258	-431.5882	-586.9544	155.3662	2.817712	1.005255	0.1117738	0.253384
15264	-434.1117	-589.0088	154.8971	3.022139	1.005255	0.1716922	0.231075
15270	-434.4311	-590.8	156.3688	2.518677	0.3884692	0.1665553	0.2921506
15276	-433.532	-588.8925	155.3605	2.771594	0.9515375	0.1629386	0.304693
15282	-435.4902	-590.9298	155.4396	2.602406	0.8793166	0.2462713	0.3965419
15288	-437.8712	-593.6037	155.7325	2.737411	0.9157216	0.08792617	0.3133067
15294	-433.1697	-588.3639	155.1941	2.62933	1.051947	0.2647325	0.4102298
15300	-437.377	-593.9434	156.5664	2.590083	0.4050704	0.1133087	0.4194426
15306	-434.7023	-590.9786	156.2764	2.561302	0.4564745	0.1788806	0.551684
15312	-431.5717	-588.4311	156.8593	1.790128	0.4564745	0.1788806	0.8782737
15318	-432.7218	-588.7557	156.0339	1.876004	0.7114879	0.1938367	1.183
15324	-437.3339	-593.3134	155.9795	1.891969	0.7114879	0.2311527	1.121789
15330	-441.8668	-597.4829	155.6161	2.14196	0.9581966	0.1940976	1.06358
15336	-425.6685	-581.2837	155.6152	2.458128	1.032681	0.1849472	0.576084
15342	-430.2716	-586.9756	156.704	2.291726	0.4413255	0.1387769	0.576084
15348	-424.895	-581.0609	156.166	2.382188	0.8935564	0.09698254	0.4933704
15354	-433.6812	-590.6127	156.9315	2.294971	0.2969598	0.1518243	0.6298572
15360	-436.2632	-593.9582	157.695	1.874114	0.1947327	0.07918935	0.9402302
15366	-441.6871	-598.2721	156.585	1.951747	0.796305	0.08509531	0.8557314
15372	-466.8197	-621.6201	154.8003	1.925749	0.9458024	0.6739753	1.169158
15378	-448.2195	-604.1216	155.9021	1.810933	0.671738	0.2203944	1.325478
15384	-448.5784	-604.9124	156.3341	1.752442	0.671738	0.2203944	0.9956964
15390	-435.9606	-592.2856	156.325	1.868802	0.4855002	0.1855978	1.244966
15396	-430.9256	-587.3793	156.4536	1.390184	0.4146729	0.1101234	1.801958
15402	-432.952	-588.3207	155.3687	1.329246	1.027367	0.2167637	1.78414
15408	-434.6346	-590.4503	155.8157	1.693674	1.231051	0.2167637	0.9917414
15414	-434.6682	-590.9498	156.2815	1.885166	0.6860912	0.2167637	0.9015211
15420	-438.9342	-595.3444	156.4102	1.973844	0.576505	0.2167637	0.8260504
15426	-437.7454	-593.7759	156.0305	2.095995	0.5161408	0.3312396	0.9054095
15432	-439.6018	-595.667	156.0652	2.128414	0.4704701	0.391544	0.7604458
15438	-432.6999	-588.7641	156.0642	1.970536	0.4704701	0.391544	0.9525286
15444	-437.3324	-593.1368	155.8044	1.938537	0.6401215	0.391544	0.9836101
15450	-434.0453	-589.687	155.6417	2.391409	0.6401215	0.391544	0.5147049
15456	-427.6809	-583.4508	155.7699	2.026958	1.208785	0.19127	0.7662564
15462	-427.3377	-583.3554	156.0177	2.020966	0.4131385	0.4761278	0.892332
15468	-420.324	-576.093	155.7689	1.777282	1.470665	0.1823568	0.8553248
15474	-430.4855	-585.4815	154.996	1.889449	1.186316	0.1823568	1.619931
15480	-432.8228	-587.7996	154.9767	1.788927	1.186316	0.2226941	1.619931
15486	-432.3652	-588.6931	156.3279	1.573492	0.5459372	0.08334878	1.685338
15492	-422.0406	-578.2535	156.2128	1.517291	0.5982746	0.170669	1.508261
15498	-431.6355	-587.5813	155.9458	1.668725	0.6814343	0.170669	1.508261
15504	-430.5684	-587.0845	156.5161	1.655126	0.3971897	0.3141186	1.108165
15510	-435.2594	-590.746	155.4867	1.416865	1.116488	0.1658732	1.690194
15516	-429.8233	-584.82	154.9967	1.817644	1.833744	0.05071146	1.708527
15522	-427.0918	-582.6595	155.5677	1.576305	1.380704	0.07912388	1.600342
15528	-422.9654	-578.7708	155.8054	1.464518	0.7546369	0.2117656	1.600342
15534	-435.1362	-590.7505	155.6143	1.541144	0.6829974	0.1846195	1.803992
15540	-423.6973	-579.9362	156.2389	1.73821	0.6829974	0.1846195	1.181598
15546	-429.6953	-585.5476	155.8523	1.803424	0.9716141	0.2638525	0.9603231
15552	-430.3698	-586.2569	155.8871	1.832971	0.9716141	0.2761209	0.8544235
15558	-433.3055	-589.6504	156.3449	2.223687	0.4733822	0.2573722	0.6092174
15564	-440.1635	-595.3102	155.1466	2.237685	1.624308	0.2573722	0.5839097
15570	-437.8774	-593.3262	155.4489	2.175315	0.8502014	0.3866893	0.8343244
15576	-448.5254	-603.862	155.3366	2.339625	1.143543	0.2728372	0.6936977
15582	-442.3867	-598.6282	156.2415	2.595474	0.4829193	0.151259	0.3555563
15588	-443.6264	-598.3638	154.7374	2.568177	1.947025	0.1706709	0.2834756
15594	-435.2046	-590.922	155.7174	2.437689	1.175352	0.117165	0.3805506
15600	-437.915	-593.1413	155.2263	2.455315	1.397893	0.2111128	0.5609853
15606	-438.1638	-594.2902	156.1265	2.246985	0.5912828	0.254771	0.6457571
15612	-430.9001	-586.8438	155.9437	1.930806	1.274557	0.1180287	0.9154639
15618	-432.6553	-588.9729	156.3175	2.034911	0.984407	0.1122154	0.648702
15624	-432.425	-588.9764	156.5514	2.204837	0.5258151	0.1664512	0.5764442
15630	-438.2611	-593.7606	155.4995	2.516458	0.7588364	0.3248412	0.5270348
15636	-439.2316	-594.7445	155.513	2.366045	0.8729483	0.3248412	0.5541293
15642	-440.2315	-596.4538	156.2223	2.431524	0.484441	0.2220214	0.4274909
15648	-440.4388	-596.4108	155.9721	2.557279	0.5565006	0.2220214	0.4061115
15654	-439.4923	-595.288	155.7957	2.753833	0.615625	0.1689505	0.3318444
15660	-446.8805	-602.828	155.9476	2.369591	0.6104788	0.2801725	0.4852022
15666	-433.3768	-589.4545	156.0777	2.2905	0.6104788	0.2580318	0.5500205
15672	-432.8485	-588.864	156.0155	2.208319	0.7171325	0.2580318	0.5500205
15678	-454.9006	-611.6996	156.799	2.200291	0.4404331	0.1195712	0.7293971
15684	-442.4064	-598.3229	155.9165	2.150061	0.8370881	0.2303317	0.7441072
15690	-456.8676	-612.8959	156.0282	2.09149	0.8932297	0.1867411	0.7612921
15696	-436.56	-593.0957	156.5357	1.800606	0.604007	0.2045411	0.8778598
15702	-457.6167	-614.3166	156.6999	1.930435	0.2887764	0.2311851	1.089245
15708	-446.6118	-603.5067	156.8949	1.951469	0.2887764	0.2236904	0.891406
15714	-451.7259	-607.4085	155.6826	1.778541	1.213985	0.2226174	1.037431
15720	-438.2592	-594.4044	156.1452	1.754714	0.6304916	0.2226174	1.212748
15726	-441.5333	-598.0773	156.5441	1.73751	0.6304916	0.08008612	1.317034
15732	-437.0464	-593.5041	156.4578	1.740112	0.9573748	0.08008612	1.04983
15738	-443.2303	-599.6575	156.4272	2.10475	0.5863814	0.1466374	0.8973285
15744	-445.3166	-601.1777	155.8611	2.296741	0.8717777	0.2023357	0.6555967
15750	-447.5444	-603.8071	156.2627	2.296741	0.5693927	0.2023357	0.3919816
15756	-437.8023	-593.3913	155.589	2.697936	0.5693927	0.3184627	0.4709802
15762	-444.4112	-600.4623	156.0511	2.488376	0.8989914	0.07619224	0.3115695
15768	-436.3027	-592.7596	156.4568	2.648635	0.5565295	0.06848622	0.4529556
15774	-430.8774	-587.2805	156.4031	2.322348	0.4162776	0.2362955	0.6122846
15780	-436.3042	-592.1921	155.888	2.357725	0.6419302	0.2909286	0.5293347
15786	-440.5457	-596.6402	156.0945	2.481345	0.6405185	0.1713364	0.4540926
15792	-446.0533	-601.5453	155.4921	2.223143	0.6405185	0.4689981	0.8573971
15798	-448.2977	-604.4153	156.1176	2.241412	0.5874358	0.2515352	0.7012001
15804	-434.4465	-590.3804	155.9339	2.241412	0.5874358	0.3516213	0.5900405
15810	-440.4765	-595.1248	154.6483	2.527023	1.029122	0.6308871	0.5900405
15816	-449.4108	-603.6905	154.2797	2.548536	1.090161	0.8349472	0.6660711
15822	-450.3292	-604.4566	154.1274	2.70198	1.090161	0.8349472	0.6637808
15828	-450.4249	-604.3389	153.9139	2.73317	1.346145	0.8349472	0.5541288
15834	-430.8558	-587.4162	156.5604	2.202929	0.8063939	0.07009068	0.5541288
15840	-428.5249	-585.1463	156.6214	2.131217	0.8063939	0.07009068	0.5955228
15846	-438.8065	-595.9127	157.1061	2.085266	0.2228309	0.1996922	0.7570734
15852	-434.6956	-590.715	156.0195	2.152639	0.4212043	0.4109704	0.8555982
15858	-440.1242	-596.323	156.1989	2.062545	0.8514697	0.1634494	0.7304128
15864	-438.1717	-595.2854	157.1138	2.011954	0.362645	0.1442103	0.5824351
15870	-440.8261	-597.1239	156.2978	2.270223	0.362645	0.3515037	0.5785018
15876	-427.5781	-583.0433	155.4651	2.347761	0.9940003	0.2905486	0.614207
15882	-428.1462	-584.9426	156.7964	2.233821	0.4814068	0.1136639	0.5322307
15888	-427.4527	-583.7471	156.2945	2.096467	0.9731145	0.1136639	0.5473552
15894	-417.2834	-573.1647	155.8814	2.391328	0.7025536	0.1136639	1.119275
15900	-419.8079	-576.1288	156.3209	2.260455	0.8023778	0.1136639	0.5196974
15906	-420.0838	-575.9377	155.8539	2.29245	1.083841	0.1475757	0.5837248
15912	-430.7621	-587.6945	156.9324	2.423524	0.253284	0.1475757	0.6120529
15918	-422.8546	-579.6472	156.7926	2.433448	0.3354659	0.1334473	0.5686056
15924	-430.094	-585.2599	155.1659	2.304783	1.056427	0.4326612	0.5686056
15930	-426.8126	-582.9109	156.0982	2.48179	0.4255176	0.271544	0.691751
15936	-421.8966	-578.1803	156.2837	1.933232	0.6610227	0.1337072	1.149153
15942	-419.7495	-575.3796	155.6301	1.880975	1.488348	0.1888893	0.8572751
15948	-431.9968	-587.67	155.6731	2.107253	1.324912	0.1888893	0.6380787
15954	-424.4636	-580.0719	155.6084	2.107253	1.320594	0.2030024	0.6899621
15960	-435.6197	-591.0729	155.4532	2.186634	1.320594	0.2030024	0.8048974
15966	-437.2693	-593.7995	156.5302	2.169156	0.4120591	0.2030024	0.8262893
15972	-426.7649	-583.5151	156.7502	1.941764	0.3041345	0.2030024	1.073105
15978	-430.4151	-586.6481	156.233	1.943317	0.6783167	0.1794449	1.01947
15984	-430.4355	-585.9469	155.5114	2.044583	0.8298582	0.2523357	1.222284
15990	-430.1213	-586.0849	155.9636	1.954738	0.8298582	0.261857	0.8432923
15996	-434.7569	-591.6651	156.9082	2.059418	0.2226996	0.261857	0.8289825
16002	-436.792	-594.579	157.787	2.012234	0.2226996	0.05990454	0.632137
16008	-426.1449	-583.9702	157.8253	2.012234	0.1689855	0.07578419	0.7238553
16014	-424.068	-581.5457	157.4777	1.884493	0.1689855	0.1676301	0.8773654
16020	-438.9589	-595.5217	156.5628	2.174281	0.5558372	0.04780057	1.158402
16026	-446.3302	-603.5895	157.2593	1.826616	0.3618612	0.07253878	1.041491
16032	-428.4854	-586.916	158.4305	1.685904	0.1055179	0.03505517	0.9220571
16038	-435.3311	-593.9199	158.5888	1.75258	0.04857483	0.03505517	0.9640418
16044	-433.8198	-592.4155	158.5957	1.940856	0.05149316	0.02540658	0.7595921
16050	-442.881	-600.9378	158.0568	1.744942	0.1003264	0.08891365	1.002347
16056	-438.1126	-595.2101	157.0975	1.784449	0.2042397	0.275353	0.9492475
16062	-436.5159	-593.6286	157.1127	1.932573	0.2042397	0.275353	0.7493772
16068	-445.1229	-602.3408	157.2179	1.953536	0.2042397	0.2156304	0.7948452
16074	-435.3836	-592.2289	156.8453	1.797848	0.5750819	0.1271166	0.8712701
16080	-430.323	-586.5954	156.2724	1.757352	0.66294	0.2916302	0.8712701
16086	-422.5426	-578.2149	155.6723	2.080574	0.66294	0.4582755	0.7943393
16092	-423.8086	-579.7985	155.9899	2.058135	0.4554664	0.4582755	0.8257174
16098	-423.8382	-580.4114	156.5732	2.137247	0.584478	0.126115	0.7722131
16104	-435.0078	-592.0641	157.0563	2.165829	0.3460324	0.126115	0.5996208
16110	-438.3524	-594.3622	156.0098	2.375395	0.7622582	0.1825798	0.4817444
16116	-430.1579	-586.4509	156.293	2.375395	0.8135687	0.09006395	0.499667
16122	-423.2695	-580.1756	156.9061	2.405317	0.3643619	0.09839945	0.4690026
16128	-427.7393	-583.7943	156.055	2.071108	0.6943126	0.173112	1.066974
16134	-421.8021	-578.5973	156.7952	2.039667	0.5592344	0.1037193	0.7765458
16140	-436.931	-592.3389	155.408	2.336712	0.9167056	0.3549899	0.6265366
16146	-442.1853	-596.5015	154.3162	2.539716	0.9167056	0.8906452	0.7983937
16152	-434.1137	-590.0912	155.9774	2.086743	0.9167056	0.214233	0.6758927
16158	-431.0971	-586.9486	155.8515	2.353698	0.8227966	0.214233	0.5870621
16164	-437.8437	-594.6612	156.8175	2.353698	0.483172	0.07755696	0.5891988
16170	-433.4338	-589.8651	156.4313	2.128907	0.483172	0.2358704	0.7098206
16176	-439.2668	-594.8144	155.5477	2.033093	1.085838	0.2358704	0.9973708
16182	-438.8083	-594.1227	155.3144	2.350685	0.7713236	0.4920096	0.5981186
16188	-433.0806	-589.1288	156.0482	2.436116	0.5206874	0.2665045	0.4601951
16194	-445.8312	-601.1941	155.363	2.290423	1.170471	0.2969143	0.4822073
16200	-446.3048	-602.1911	155.8863	2.805941	0.5729438	0.1565115	0.3788153
16206	-441.084	-596.7865	155.7026	2.780313	0.5729438	0.2009603	0.3063203
16212	-442.8284	-598.5644	155.7359	2.746959	0.5729438	0.2009603	0.3063203
16218	-426.7231	-583.1505	156.4274	2.58862	0.4117155	0.1333924	0.3410084
16224	-427.5892	-584.0691	156.4799	2.367073	0.4970743	0.1489033	0.3933817
16230	-436.8411	-592.5528	155.7118	2.685589	1.121604	0.07409366	0.3933817
16236	-448.4769	-604.2313	155.7544	2.586223	1.121604	0.0881183	0.4087225
16242	-439.1492	-596.0618	156.9127	2.401275	0.384403	0.0881183	0.4569549
16248	-442.96	-599.3519	156.392	2.528495	0.6207905	0.0881183	0.4569549
16254	-450.6951	-605.3321	154.637	2.309059	2.482252	0.2392113	0.482077
16260	-446.4457	-601.9527	155.507	2.041312	2.350577	0.07896236	0.6160101
16266	-435.8212	-592.6387	156.8175	2.111097	0.6638985	0.07184331	0.5782642
16272	-435.9777	-592.7201	156.7424	2.312203	0.5820891	0.07184331	0.5221076
16278	-432.3638	-588.3892	156.0253	2.127916	0.6299662	0.2965807	0.7543399
16284	-429.6577	-585.8709	156.2132	2.111165	0.6467563	0.2300093	0.7142915
16290	-457.4022	-613.6168	156.2146	2.260416	0.6399338	0.2004231	0.5927871
16296	-452.229	-608.3193	156.0904	1.781827	0.8192369	0.2004231	1.081175
16302	-455.6395	-611.7387	156.0992	2.021735	0.8837858	0.1880471	0.7686105
16308	-450.0314	-606.1227	156.0913	2.066847	0.8837858	0.1880471	0.7111015
16314	-452.399	-608.2592	155.8602	1.604692	0.8704426	0.2599186	1.243942
16320	-437.7555	-593.2291	155.4736	1.701674	0.9682964	0.340821	1.240981
16326	-441.3334	-596.938	155.6046	1.658617	0.9682964	0.3013939	1.240981
16332	-440.619	-596.8222	156.2032	1.859288	0.4708242	0.3013939	1.111308
16338	-439.0883	-596.6651	157.5768	1.882196	0.2923055	0.05665924	0.8940405
16344	-438.5946	-594.5584	155.9637	2.183835	0.6104551	0.3188049	0.7273103
16350	-444.43	-601.4458	157.0157	1.916776	0.319779	0.1631742	0.9216517
16356	-451.6909	-609.7496	158.0586	1.756757	0.1895182	0.06715255	0.720391
16362	-438.6107	-596.4197	157.8091	1.817813	0.1895182	0.06715255	0.9562794
16368	-438.9901	-595.6804	156.6904	1.768299	0.5814831	0.06715255	1.280258
16374	-437.0534	-594.119	157.0656	2.092043	0.5374205	0.06469435	0.5182821
16380	-433.4586	-589.0364	155.5779	2.011447	1.259051	0.2524727	0.7549373
16386	-427.6094	-583.4735	155.864	2.03356	0.9621985	0.2524727	0.7023868
16392	-425.5688	-581.5121	155.9433	2.088435	0.7382281	0.2524727	0.8679573
16398	-432.1601	-588.6053	156.4452	2.0728	0.4873681	0.2524727	0.6943399
16404	-442.5623	-598.8823	156.32	1.892517	0.4873681	0.2721204	1.009059
16410	-435.0201	-590.4363	155.4162	2.272764	0.9258708	0.2511387	1.008035
16416	-433.4276	-589.0124	155.5848	2.243645	0.9258708	0.2887783	0.7301481
16422	-419.2475	-575.2487	156.0012	2.176324	0.625921	0.2887783	0.7541432
16428	-423.2339	-578.563	155.3291	2.218285	0.9464109	0.3557022	0.876794
16434	-430.375	-586.0665	155.6915	2.200236	0.7842447	0.3557022	0.6291229
16440	-426.9863	-583.2634	156.2771	2.281418	0.6489438	0.1657622	0.6291229
16446	-435.2355	-591.6409	156.4054	1.902463	0.8749931	0.1118601	0.8846377
16452	-420.9979	-576.7667	155.7687	2.070211	0.3632997	0.3784505	1.331553
16458	-431.286	-587.1044	155.8184	1.896304	0.7968796	0.3800789	0.8142519
16464	-424.2064	-580.3494	156.143	2.140846	0.7239919	0.2302396	0.5728462
16470	-429.8307	-585.7456	155.9149	2.17534	0.8974504	0.2302396	0.4940983
16476	-424.6391	-580.4328	155.7937	2.113921	0.8974504	0.2605568	0.7617099
16482	-432.6335	-587.7084	155.0749	2.241352	1.292148	0.3563936	0.7617099
16488	-446.4964	-602.8029	156.3065	2.107033	0.411809	0.3563936	0.6909844
16494	-442.6825	-598.6719	155.9894	1.931149	0.8111879	0.2436416	0.9203881
16500	-434.0073	-589.775	155.7677	1.778017	0.9196287	0.2151202	1.232777
16506	-432.4256	-588.778	156.3524	1.777165	0.5599953	0.257362	1.012866
16512	-439.351	-595.9491	156.5981	1.903895	0.5599953	0.1797196	0.8488879
16518	-430.9094	-586.5664	155.6569	2.334556	0.6792339	0.3793316	0.5851199
16524	-436.2231	-592.6927	156.4695	2.052712	0.5427028	0.1339293	1.024833
16530	-443.7905	-600.0209	156.2305	2.434779	0.6735985	0.1339293	0.4928567
16536	-444.1553	-600.9289	156.7736	2.190008	0.7280085	0.04194372	0.6548987
16542	-448.3299	-605.0936	156.7637	1.683223	0.3010996	0.1254736	1.495159
16548	-437.5474	-594.7393	157.1918	2.0729	0.3010996	0.1254736	0.7228874
16554	-439.6728	-595.9056	156.2328	1.995135	0.9678185	0.1254736	0.794996
16560	-445.7367	-602.6918	156.9551	1.84621	0.2579297	0.155762	1.209841
16566	-436.2429	-592.7315	156.4885	1.836837	0.9540109	0.08914548	0.8779404
16572	-460.8929	-616.5675	155.6745	2.408168	0.9331592	0.179342	0.7861105
16578	-445.8742	-601.5325	155.6584	2.162072	0.9331592	0.2732199	0.7861105
16584	-444.7519	-601.7793	157.0274	2.287002	0.3701368	0.08688293	0.6499053
16590	-437.1729	-593.8057	156.6327	1.941896	0.5706994	0.16811	0.7825469
16596	-441.3997	-597.2438	155.8441	1.693875	0.7402683	0.3612595	1.111854
16602	-443.8905	-600.0261	156.1356	1.660299	0.7402683	0.2714062	1.060981
16608	-454.5968	-609.8629	155.266	2.072527	0.5305326	0.6209782	1.159384
16614	-451.7147	-608.2282	156.5135	1.774783	0.5305326	0.1751767	1.128131
16620	-451.3061	-607.4024	156.0963	2.128527	0.8326066	0.08102637	1.145782
16626	-452.0187	-608.1146	156.0959	2.152639	0.6127983	0.2502409	0.8146959
16632	-431.4486	-587.37	155.9214	1.905775	0.6127983	0.3136654	1.097236
16638	-429.0796	-585.1723	156.0927	1.802979	0.6127983	0.3027115	1.056696
16644	-430.0278	-587.0274	156.9995	1.726408	0.4561566	0.1003955	1.093678
16650	-440.0605	-595.8887	155.8282	1.764868	1.126506	0.1733223	1.125149
16656	-445.5973	-601.2358	155.6384	1.94337	0.9163137	0.2781908	1.055634
16662	-443.8336	-599.3012	155.4676	2.241168	0.9546421	0.3635329	0.5557132
16668	-441.8996	-597.4665	155.5668	2.509826	0.9546421	0.2130586	0.4740329
16674	-438.6808	-594.2317	155.5509	2.04649	0.6592348	0.3831012	1.113657
16680	-438.3036	-593.4397	155.1361	2.317161	0.6592348	0.6372524	0.8278191
16686	-431.5423	-587.078	155.5357	2.440383	1.004042	0.2305506	0.5368405
16692	-440.886	-597.1604	156.2744	2.121963	1.182199	0.06708251	0.5599061
16698	-434.2874	-589.9687	155.6813	2.080754	1.182199	0.240181	0.6166552
16704	-441.0733	-596.65	155.5767	2.40243	0.9679499	0.240181	0.573478
16710	-444.3744	-599.9843	155.6098	2.307766	0.9049638	0.2908646	0.573478
16716	-439.164	-594.8022	155.6382	2.411973	0.7879582	0.2908646	0.573478
16722	-434.2882	-591.161	156.8728	2.298924	0.2606416	0.1995077	0.602525
16728	-433.9265	-590.0196	156.0931	2.212771	0.7962363	0.1871269	0.6200841
16734	-438.3811	-594.5504	156.1693	2.120081	0.4008213	0.4186684	0.7288827
16740	-453.4808	-610.6517	157.171	1.950369	0.4008213	0.09125828	0.8267229
16746	-443.245	-600.1933	156.9484	1.977951	0.298792	0.2210294	0.7703291
16752	-443.684	-600.2366	156.5526	1.931551	0.298792	0.359933	0.9056542
16758	-443.3089	-598.9566	155.6476	2.111472	0.8786358	0.2984629	0.8616812
16764	-446.5155	-602.6865	156.171	1.831168	0.8786358	0.1812591	0.9444721
16770	-433.1005	-589.6689	156.5684	1.987252	0.497662	0.1812591	0.8964436
16776	-439.1326	-595.716	156.5834	1.973823	0.4285071	0.1558767	1.100273
16782	-442.1485	-597.9434	155.795	1.947669	0.6121617	0.3673069	1.069563
16788	-444.3744	-599.7323	155.3579	1.723052	0.6121617	0.7631502	1.11264
16794	-447.5931	-603.8659	156.2728	1.549049	0.5488547	0.07169644	1.776258
16800	-437.1337	-593.024	155.8903	1.469807	0.866709	0.08802276	1.756757
16806	-440.1582	-595.0317	154.8735	1.504521	2.189025	0.2232727	1.395558
16812	-446.1839	-599.4856	153.3017	2.085787	2.029554	0.8147654	1.443063
16818	-442.76	-596.5334	153.7734	1.66757	1.468058	0.8147654	1.674847
16824	-441.3105	-596.601	155.2905	1.731101	1.468058	0.1902741	1.325188
16830	-441.2338	-597.8138	156.58	1.869872	0.7367632	0.1159237	0.8894375
16836	-447.0242	-603.4695	156.4453	1.792939	0.9249499	0.1293982	0.8205074
16842	-435.3506	-590.5817	155.2311	1.620709	1.422648	0.1542652	1.570925
16848	-439.7537	-595.88	156.1262	1.750853	0.7562225	0.1542652	1.271386
16854	-447.9335	-603.7417	155.8082	1.472232	0.7562225	0.3300009	1.367448
16860	-442.7011	-598.6191	155.918	1.958681	0.7562225	0.2599387	0.9910588
16866	-439.5709	-595.5796	156.0088	1.878196	1.197717	0.09442663	1.067809
16872	-447.4869	-603.7412	156.2543	1.658526	1.197717	0.09442663	1.043212
16878	-450.7089	-605.8511	155.1422	1.678322	1.197717	0.323222	1.383688
16884	-444.3083	-600.2783	155.9701	1.483731	1.014105	0.1734926	1.332514
16890	-442.8797	-598.1638	155.2841	1.73359	1.132144	0.3799094	1.171499
16896	-441.1082	-596.227	155.1188	1.655811	1.132144	0.3799094	1.372014
16902	-448.4344	-603.8418	155.4074	1.838344	1.132144	0.2428233	1.245034
16908	-437.9059	-593.5983	155.6925	1.648467	0.7661182	0.2222334	1.515736
16914	-430.8494	-586.4828	155.6335	1.717932	0.9576404	0.2222334	1.342601
16920	-430.5622	-586.5959	156.0337	2.100078	0.9576404	0.1623175	0.7562542
16926	-452.0783	-608.1733	156.095	1.956751	0.7391547	0.1623175	1.115556
16932	-440.7829	-597.1842	156.4013	1.794417	0.7391547	0.1388069	1.058419
16938	-438.5869	-594.9334	156.3465	1.936402	0.8033134	0.1388069	0.8882874
16944	-450.7087	-606.8769	156.1682	1.755986	0.8033134	0.1799647	1.108353
16950	-443.0258	-598.9466	155.9208	1.753822	0.7279207	0.1799647	1.393677
16956	-435.4917	-591.4497	155.958	1.968237	0.7279207	0.3058291	0.8538489
16962	-438.6688	-594.1787	155.5099	1.964393	0.6920428	0.3842523	1.181906
16968	-436.5677	-592.1092	155.5415	1.958422	1.35695	0.2391027	0.8165842
16974	-437.3353	-592.9786	155.6433	2.156797	1.35695	0.1788392	0.6024805
16980	-448.425	-604.188	155.7629	2.185646	1.35695	0.1405425	0.499222
16986	-438.313	-594.1789	155.8659	2.075486	1.35695	0.1405425	0.4422893
16992	-430.1415	-585.9739	155.8323	2.093528	1.50069	0.1061437	0.6678415
16998	-438.4212	-594.804	156.3827	2.093528	1.194914	0.03856624	0.6882203
17004	-451.9895	-603.7241	151.7347	1.964709	32.29826	0.008369082	0.6177144
17010	-450.1819	-607.0897	156.9078	2.105313	0.6968541	0.03183794	0.7244304
17016	-439.9644	-597.453	157.4886	1.913426	0.4551672	0.03183794	0.6825941
17022	-427.9106	-584.0412	156.1306	1.992296	0.7639895	0.182994	0.9515322
17028	-424.8423	-580.379	155.5366	2.007494	0.9856548	0.3069078	0.9536755
17034	-428.7959	-585.6133	156.8174	1.79872	0.684495	0.1038854	0.8297724
17040	-422.5436	-579.5477	157.004	2.064841	0.4676907	0.1038854	0.6251547
17046	-423.8539	-579.9962	156.1423	2.064841	0.4847168	0.3933302	0.6943234
17052	-440.3555	-597.2108	156.8553	2.029971	0.4518612	0.1544087	0.6687123
17058	-427.1353	-584.2885	157.1533	2.130451	0.2808984	0.1544087	0.5218095
17064	-425.9233	-583.3643	157.441	2.076187	0.1981001	0.1501387	0.554046
17070	-425.1577	-582.0363	156.8786	1.846128	0.3554031	0.242763	0.7942184
17076	-428.2455	-584.1805	155.935	1.555846	0.8391777	0.2914237	1.185876
17082	-428.1782	-584.2124	156.0342	1.547499	0.8391777	0.2914237	1.105235
17088	-430.207	-585.3695	155.1625	1.814321	0.8391777	0.5332134	1.228994
17094	-438.8827	-594.6658	155.7831	1.346711	0.8391777	0.1727811	1.714426
17100	-433.2568	-588.609	155.3522	1.460819	1.278728	0.1718878	1.639462
17106	-440.1937	-596.4312	156.2375	1.399364	0.4755159	0.1718878	1.713449
17112	-430.9234	-587.8587	156.9353	1.495319	0.4755159	0.1209866	1.249129
17118	-423.2901	-579.5304	156.2403	1.69367	0.4823485	0.1970414	1.428906
17124	-423.9671	-579.3524	155.3853	1.900174	0.9530282	0.3511092	1.140714
17130	-433.3587	-589.6626	156.3038	1.772882	0.4956453	0.1816616	1.336743
17136	-433.1433	-590.0104	156.8671	2.005045	0.4956453	0.0959054	0.897608
17142	-439.2751	-596.1474	156.8723	1.920057	0.5413242	0.0959054	0.9044655
17148	-447.2703	-602.4719	155.2016	1.920057	2.415125	0.1713924	0.6917694
17154	-443.4295	-600.0518	156.6223	1.908708	0.910042	0.0958979	0.5465562
17160	-444.098	-600.1925	156.0945	1.850509	0.910042	0.2273379	0.8128045
17166	-442.9814	-598.7393	155.758	2.033438	1.082983	0.2273379	0.7860034
17172	-451.9963	-608.9754	156.979	1.889717	0.4451597	0.09656753	0.990852
17178	-470.6026	-626.6816	156.0789	2.017418	0.7268692	0.1941493	0.990852
17184	-434.744	-591.5388	156.7948	2.276202	0.5951966	0.06092167	0.6016289
17190	-445.3501	-601.1838	155.8337	2.276202	1.191218	0.1316671	0.5718922
17196	-450.1742	-604.6533	154.4791	2.381221	1.691752	0.4311084	0.7820382
17202	-430.8924	-586.8931	156.0007	2.448022	0.8562999	0.1255285	0.3967166
17208	-440.054	-596.2275	156.1735	2.257201	0.8562999	0.1255285	0.3675925
17214	-435.3528	-591.4703	156.1175	2.45354	0.6685971	0.153691	0.386903
17220	-432.5551	-588.8779	156.3228	2.344216	0.6169027	0.153691	0.4483395
17226	-442.2494	-598.2564	156.007	2.295173	0.6389784	0.2658993	0.5759958
17232	-455.7325	-612.2571	156.5246	1.635779	0.4664051	0.118417	1.482888
17238	-444.3479	-600.9893	156.6414	1.709661	0.4664051	0.118417	1.335041
17244	-455.3217	-611.5621	156.2404	2.538495	0.8650176	0.0521634	0.4292138
17250	-448.3314	-604.2547	155.9233	2.148902	0.6692497	0.189489	1.099811
17256	-438.4137	-593.8562	155.4425	1.867317	1.070754	0.189489	1.363122
17262	-451.1413	-606.6649	155.5236	1.743409	1.070754	0.189489	1.396668
17268	-443.1908	-599.3372	156.1464	1.778454	0.5597229	0.1520319	1.452124
17274	-438.4712	-594.856	156.3848	1.626858	0.5597229	0.1643113	1.35208
17280	-430.8891	-587.5167	156.6276	1.597854	0.4322602	0.1081823	1.510615
17286	-430.727	-585.6193	154.8923	1.778197	0.5165493	0.818319	1.510615
17292	-444.0771	-599.7682	155.6911	2.224531	1.884036	0.06188992	0.4969234
17298	-444.5044	-597.4094	152.905	1.99969	15.41049	0.05705566	0.6719513
17304	-449.164	-604.6459	155.4819	1.66178	2.098339	0.07322623	1.256047
17310	-450.4327	-606.5292	156.0966	1.829944	1.22969	0.1037214	0.9625198
17316	-431.3633	-586.1597	154.7964	2.066868	1.467827	0.4321439	0.9625198
17322	-430.7331	-586.9715	156.2383	2.289395	0.9087108	0.09196161	0.6226527
17328	-437.5979	-593.623	156.0251	2.27681	1.096487	0.09196161	0.7008119
17334	-437.2599	-594.2705	157.0105	2.073444	0.3345807	0.1746302	0.5740624
17340	-443.9075	-600.6708	156.7633	2.302767	0.3345807	0.1812045	0.5612882
17346	-434.5892	-591.4156	156.8264	2.025703	0.5008812	0.1349297	0.7035353
17352	-444.1279	-600.4371	156.3092	2.014315	0.5008812	0.2729219	0.8632303
17358	-447.5772	-603.302	155.7249	2.021566	0.904649	0.291251	0.8632303
17364	-440.9796	-597.5727	156.5931	1.894814	0.6428608	0.1420679	0.8739205
17370	-439.3333	-595.4524	156.1191	2.300478	0.6428608	0.2162561	0.6084457
17376	-431.5464	-587.198	155.6517	2.440613	0.6428608	0.3548693	0.4278646
17382	-436.7422	-591.4253	154.6831	2.46817	0.8048599	0.8252883	0.6370968
17388	-433.3902	-588.5217	155.1315	2.432849	0.8048599	0.5199807	0.6370968
17394	-423.1449	-579.5164	156.3715	2.360968	0.4426545	0.2231438	0.4642932
17400	-426.9461	-582.7701	155.824	2.324377	0.6497709	0.3253043	0.5719446
17406	-436.1269	-591.1331	155.0062	2.588812	1.161721	0.3253043	0.467752
17412	-428.2904	-582.2599	153.9695	2.3425	1.321632	0.9900892	0.8790733
17418	-426.64	-580.2619	153.6219	2.157127	1.996457	0.9704779	0.9771156
17424	-434.1206	-590.2333	156.1126	2.197289	0.8061797	0.17359	0.6791
17430	-428.0031	-583.5318	155.5287	2.196968	0.8061797	0.3404128	0.8872444
17436	-427.0787	-582.9126	155.8339	1.881077	1.157198	0.2046776	0.8776498
17442	-437.0355	-592.5248	155.4893	1.881616	0.7845431	0.3812792	1.176187
17448	-441.76	-597.4034	155.6434	1.727496	0.7845431	0.3812792	1.176187
17454	-435.6356	-592.0427	156.4071	1.855074	0.7845431	0.1609306	0.8474847
17460	-439.08	-595.6026	156.5226	1.797341	0.6260931	0.1609306	1.008176
17466	-442.2446	-597.6487	155.404	2.154504	1.048664	0.2864479	0.9230354
17472	-439.2156	-595.5334	156.3178	2.177989	0.4541595	0.2864479	0.684621
17478	-434.3781	-591.1896	156.8115	1.880156	0.5269283	0.09576838	1.032805
17484	-431.3064	-588.0698	156.7634	1.985519	0.3998869	0.2017465	0.7968784
17490	-422.8756	-579.4591	156.5835	2.134317	0.3998869	0.2017465	0.8369665
17496	-429.7213	-585.838	156.1167	2.462691	0.5334642	0.2017465	0.701925
17502	-436.0625	-592.3222	156.2597	2.388376	0.5334642	0.1794052	0.701925
17508	-442.0945	-597.4184	155.3239	2.119642	1.089162	0.4024455	0.696107
17514	-449.0374	-605.6466	156.6091	2.31978	0.4084589	0.1737242	0.60128
17520	-432.4927	-587.5951	155.1024	2.734841	0.6484459	0.4775305	0.3910714
17526	-430.7317	-586.0345	155.3028	2.556862	0.6484459	0.4775305	0.4497711
17532	-432.5766	-588.2994	155.7228	2.229237	0.6484459	0.4269232	0.5386014
17538	-433.6103	-588.7489	155.1386	2.407688	0.9754789	0.4269232	0.6166952
17544	-435.3027	-590.9606	155.6579	2.567682	0.4993706	0.4016812	0.4760529
17550	-430.6362	-586.8229	156.1867	2.457186	0.5336652	0.2012708	0.4760529
17556	-426.5283	-582.7214	156.193	2.45111	0.5336652	0.2012708	0.5218825
17562	-438.1127	-594.2625	156.1497	2.464716	0.552711	0.2012708	0.5218825
17568	-441.2558	-597.2531	155.9974	2.334909	0.7592897	0.2012708	0.5006899
17574	-442.1087	-598.3945	156.2858	2.105925	0.7794163	0.1639991	0.6410833
17580	-444.7482	-600.8557	156.1076	1.797829	0.6297398	0.3138966	0.9988537
17586	-446.2062	-602.0638	155.8576	1.552586	0.6938877	0.1012862	1.826554
17592	-442.408	-598.4239	156.0159	1.434374	0.6938877	0.1012862	1.798885
17598	-443.0183	-599.9081	156.8898	1.734089	0.4731077	0.03690967	1.405677
17604	-438.9388	-594.8304	155.8915	1.762832	0.3235056	0.1387425	1.982176
17610	-438.8273	-595.1509	156.3235	1.714782	0.3235056	0.3196877	1.339388
17616	-442.6187	-597.7527	155.1341	1.799805	0.9061647	0.3897294	1.406919
17622	-445.3933	-601.1916	155.7983	1.713841	0.750195	0.2936836	1.252845
17628	-446.5773	-603.3824	156.8051	1.535489	0.3383535	0.2007248	1.316024
17634	-458.4907	-614.6704	156.1797	1.691528	0.331558	0.2981496	1.492949
17640	-445.9337	-602.2453	156.3116	1.708787	0.3981408	0.2227843	1.421968
17646	-438.434	-594.4025	155.9685	1.761698	1.024707	0.2227843	0.9409038
17652	-446.3495	-601.6256	155.2761	1.794679	1.694156	0.1721631	1.199778
17658	-434.8181	-590.6162	155.7981	2.184978	1.169261	0.1721631	0.5899603
17664	-432.5811	-589.2577	156.6765	1.966207	0.3974319	0.1974882	0.9427055
17670	-427.5267	-583.1691	155.6424	2.04966	1.021022	0.2359415	0.9467787
17676	-432.4204	-588.7864	156.366	1.996628	0.3860178	0.3820395	0.7682294
17682	-435.9142	-592.4582	156.544	1.850971	0.3385618	0.3820395	0.8537089
17688	-443.996	-600.5518	156.5558	1.841009	0.5797507	0.07982658	1.284017
17694	-451.0235	-606.0825	155.0591	1.839608	0.9459763	0.07939457	2.038814
17700	-443.9419	-599.1139	155.1719	1.865117	0.7280113	0.260098	1.697226
17706	-425.8806	-581.677	155.7964	1.664135	0.7280113	0.260098	1.383218
17712	-422.3251	-577.8804	155.5552	1.458946	0.6774669	0.2438178	1.788977
17718	-426.7886	-583.3228	156.5342	1.688434	0.3263733	0.1386802	1.582344
17724	-443.8491	-600.2341	156.385	1.586988	0.3263733	0.2860681	1.446924
17730	-439.8765	-596.4	156.5235	2.056453	0.3263733	0.3133937	0.837968
17736	-439.682	-595.9662	156.2842	2.309742	0.6490053	0.1372651	0.7468118
17742	-448.9514	-604.4658	155.5144	2.221275	0.6206103	0.427061	0.9496845
17748	-438.9349	-595.3627	156.4278	2.226811	0.4869753	0.1784541	0.8091442
17754	-441.3968	-597.7245	156.3277	1.977412	0.5361673	0.1784541	1.095182
17760	-434.4011	-590.685	156.2839	1.860785	0.7650037	0.1294875	1.108256
17766	-438.1557	-594.9022	156.7466	1.939574	0.4022559	0.1294875	1.11432
17772	-441.5831	-597.7358	156.1527	2.513106	0.4805099	0.1938657	0.7410545
17778	-432.0731	-588.2984	156.2253	2.154541	0.7100999	0.1986083	0.612989
17784	-444.7094	-601.6223	156.9129	1.798677	0.336265	0.1986083	0.9972917
17790	-439.6383	-596.3198	156.6815	2.020286	0.336265	0.2544466	0.8367934
17796	-441.7717	-598.4424	156.6706	1.878187	0.336265	0.2639493	0.9802701
17802	-434.0607	-590.1621	156.1014	2.030708	0.6705094	0.2506582	0.8586083
17808	-429.5668	-586.1311	156.5643	2.068187	0.5559303	0.1680094	0.7309005
17814	-428.7458	-584.0951	155.3493	2.219869	0.8323117	0.4807759	0.6938181
17820	-449.8265	-604.8477	155.0211	2.331715	1.254111	0.3978101	0.5898365
17826	-435.8825	-590.6277	154.7451	2.44974	1.456926	0.3978101	0.5785455
17832	-437.3631	-592.7184	155.3553	2.390996	0.8575759	0.3978101	0.5487933
17838	-433.0948	-588.3336	155.2388	2.512012	0.8575759	0.3978101	0.5017908
17844	-431.824	-587.8959	156.0719	2.32678	0.4944402	0.3120924	0.615319
17850	-430.1808	-586.1281	155.9474	2.508827	0.474004	0.3120924	0.5091532
17856	-443.6298	-599.5766	155.9468	2.689901	0.4483226	0.2453786	0.3910472
17862	-436.907	-594.047	157.14	2.444808	0.2907406	0.07356939	0.5369597
17868	-444.4708	-600.1935	155.7227	2.718261	0.4880463	0.2688698	0.3129806
17874	-454.9489	-610.3443	155.3955	3.050678	0.4600318	0.2688698	0.2815875
17880	-454.3926	-608.8875	154.4949	2.503446	2.495353	0.2114476	0.4082537
17886	-455.2722	-610.617	155.3448	2.381629	1.381108	0.2023049	0.5222977
17892	-442.7617	-598.9027	156.141	2.420409	0.4920525	0.2556896	0.5187302
17898	-443.9172	-600.2655	156.3482	2.10181	0.5315464	0.2556896	0.6710066
17904	-441.5255	-597.6332	156.1077	2.058163	0.5315464	0.2769149	0.971376
17910	-437.2003	-592.8185	155.6182	1.94821	1.532016	0.1598126	0.8654415
17916	-445.3655	-602.1516	156.7862	2.0578	0.4835515	0.1598126	0.5902507
17922	-441.7585	-598.2905	156.532	2.112736	0.6082993	0.1598126	0.605216
17928	-446.0724	-602.2567	156.1843	1.862662	1.046502	0.1598126	0.7658567
17934	-441.9019	-598.5601	156.6582	2.028375	0.7796212	0.07242218	0.762364
17940	-446.2213	-602.732	156.5107	2.285003	0.7741292	0.07242218	0.5149259
17946	-453.3483	-610.4892	157.1409	2.390054	0.240385	0.1068453	0.3770632
17952	-449.0069	-606.4154	157.4085	2.030731	0.240385	0.1277309	0.6660041
17958	-445.9315	-602.9329	157.0013	2.039485	0.4518501	0.1189214	0.611818
17964	-434.804	-591.2653	156.4614	2.048375	0.8397823	0.1154727	0.611818
17970	-428.4058	-584.5945	156.1887	2.128741	0.8397823	0.1455789	0.759208
17976	-432.4963	-588.634	156.1377	1.737027	0.7683431	0.1455789	1.286115
17982	-438.6827	-594.7411	156.0583	1.466803	0.7683431	0.2765461	1.257816
17988	-436.335	-593.4422	157.1072	1.570269	0.415732	0.09540492	1.220016
17994	-433.3908	-588.9291	155.5383	1.902702	1.366721	0.2431921	0.866258
18000	-431.7879	-587.5223	155.7344	1.894313	1.376649	0.1984419	0.7777816
18006	-437.1347	-592.8074	155.6726	1.999848	1.376649	0.1081528	1.075881
18012	-448.1882	-604.0255	155.8373	1.593616	1.376649	0.1174202	1.254986
18018	-439.1744	-594.757	155.5826	1.972243	1.348809	0.2232067	0.810286
18024	-430.393	-586.4783	156.0852	2.060307	0.6805197	0.2232067	0.913068
18030	-442.7065	-598.0598	155.3533	1.831144	1.495293	0.2232067	1.085722
18036	-445.6018	-601.0363	155.4345	1.636255	1.940399	0.1274897	1.200751
18042	-443.8721	-599.3173	155.4453	2.194444	1.940399	0.1037822	0.676938
18048	-432.8782	-588.3402	155.4621	2.236551	0.8073313	0.356503	0.877633
18054	-429.9044	-586.4601	156.5556	1.996875	0.8073313	0.0748412	0.877633
18060	-430.3905	-587.4151	157.0247	2.185337	0.3804398	0.0748412	0.8586534
18066	-428.9185	-585.6497	156.7312	2.096596	0.3804398	0.2088915	0.7040809
18072	-425.3864	-581.3484	155.962	2.180294	0.7829078	0.2088915	0.8117877
18078	-441.1978	-597.8511	156.6532	2.087044	0.454915	0.1544088	0.8701466
18084	-423.3346	-578.5702	155.2356	2.120574	1.6004	0.2212884	0.8315184
18090	-445.9883	-601.279	155.2908	1.988	0.6305184	0.5081548	1.230208
18096	-436.9826	-593.4551	156.4724	2.182484	0.4642242	0.1455117	0.9794183
18102	-443.7831	-599.9181	156.135	1.681805	0.4345992	0.1788505	1.62055
18108	-443.0124	-598.8229	155.8105	1.70398	0.7671305	0.2510019	1.320479
18114	-440.908	-597.0526	156.1446	1.715421	0.8289126	0.1360644	1.267738
18120	-447.2262	-602.8939	155.6677	1.613975	0.4498012	0.3917948	1.608996
18126	-447.5125	-602.8079	155.2954	2.134821	2.251791	0.1212919	0.5866567
18132	-439.6062	-594.9737	155.3675	2.126823	2.483244	0.07932391	0.5685884
18138	-436.2895	-592.5775	156.2881	2.238886	0.6550019	0.1812732	0.5281561
18144	-426.3288	-581.8276	155.4988	2.209896	1.088372	0.2932407	0.6300207
18150	-431.9112	-587.3845	155.4733	2.262971	1.088372	0.2932407	0.4747896
18156	-428.5157	-584.3387	155.8231	2.24551	0.8363834	0.2343636	0.7249402
18162	-427.9391	-584.0755	156.1363	2.116207	1.001233	0.143116	0.5356113
18168	-428.0309	-584.2371	156.2061	2.062431	1.001233	0.1386945	0.5356113
18174	-437.4989	-594.0929	156.594	2.254829	0.533424	0.1386945	0.5356113
18180	-448.1565	-603.6105	155.454	2.471388	0.8318032	0.3262017	0.5356113
18186	-440.7451	-596.2904	155.5453	2.310646	0.6699297	0.4655501	0.517199
18192	-435.6611	-590.858	155.1969	2.396689	0.8832732	0.4655501	0.549504
18198	-435.596	-591.5931	155.9971	2.387422	1.110671	0.08478172	0.5101724
18204	-436.9955	-593.0546	156.0592	2.377774	1.050687	0.08478172	0.4547825
18210	-436.4936	-592.9696	156.476	2.631183	0.4971848	0.08478172	0.4031763
18216	-433.0052	-589.7222	156.7169	2.665776	0.4971848	0.03158336	0.4657042
18222	-434.6032	-588.8571	154.2539	2.882232	2.403467	0.1217093	0.234118
18228	-433.5432	-588.4665	154.9233	2.60854	2.403467	0.07857476	0.4194854
18234	-443.4044	-598.5044	155.1	2.145973	2.80766	0.1030049	0.5091349
18240	-448.3715	-603.4807	155.1092	2.386826	2.80766	0.04921057	0.5210031
18246	-443.8135	-598.6764	154.8629	2.181428	3.971446	0.04921057	0.4756753
18252	-443.1203	-599.1186	155.9983	2.231567	1.407328	0.04921057	0.721481
18258	-436.8417	-592.2089	155.3672	2.130047	2.513058	0.07240436	0.6163848
18264	-436.4686	-592.3208	155.8522	2.175304	1.522159	0.07267199	0.7233325
18270	-436.2041	-591.2852	155.0812	2.145027	2.979006	0.08609793	0.6020445
18276	-439.3405	-595.36	156.0196	2.050374	1.639369	0.05508638	0.651184
18282	-455.1785	-610.5985	155.4201	2.204004	1.256386	0.2429015	0.7438956
18288	-453.5771	-610.3771	156.8001	1.6571	0.6200973	0.07048415	1.221418
18294	-434.959	-592.0189	157.0599	1.779185	0.6188554	0.06382963	0.8880796
18300	-433.0057	-588.778	155.7723	1.696611	0.8444063	0.2371579	1.313678
18306	-449.3814	-604.3589	154.9775	2.08324	1.000402	0.3330637	1.321977
18312	-440.984	-597.1591	156.1752	1.800919	0.6941135	0.1962179	1.138309
18318	-441.7837	-597.7443	155.9606	2.214208	0.7412643	0.2460122	0.6835972
18324	-445.687	-600.852	155.165	2.063569	1.119894	0.4069325	0.9297576
18330	-448.3673	-604.1963	155.829	1.874708	0.5618603	0.4069325	1.1021
18336	-456.5933	-610.5988	154.0055	2.152918	1.584406	0.825514	1.01955
18342	-445.9688	-601.2514	155.2826	2.374761	0.8324664	0.4642678	0.5057338
18348	-445.5001	-601.2458	155.7457	2.208647	0.4331014	0.4642678	0.9657318
18354	-446.6048	-601.9855	155.3808	2.253828	0.4331014	0.7278896	0.8908979
18360	-437.0408	-592.9168	155.8761	2.039162	0.5551289	0.461058	0.7779427
18366	-429.9819	-586.349	156.367	1.954116	0.6946187	0.1669962	0.8867323
18372	-432.4004	-588.3501	155.9498	2.238462	0.9449149	0.1669962	0.6590606
18378	-436.3527	-592.3498	155.9971	2.094943	0.4769504	0.4275939	0.7915545
18384	-430.0454	-586.0358	155.9904	2.143429	0.4769504	0.4275939	0.7305507
18390	-436.1663	-591.7697	155.6034	2.044676	0.4769504	0.5415748	1.06566
18396	-452.7423	-609.0015	156.2592	1.501053	0.8329256	0.152326	1.297979
18402	-446.41	-603.1469	156.7369	1.594296	0.8451584	0.1116335	0.8971446
18408	-436.8721	-593.3397	156.4677	1.756505	0.8819477	0.128478	0.8971446
18414	-448.741	-605.5129	156.7719	2.246586	0.3246145	0.205978	0.4791727
18420	-447.9878	-604.5615	156.5737	2.324764	0.3246145	0.2496133	0.4967253
18426	-449.2871	-606.9411	157.654	2.275538	0.1608068	0.07814611	0.5314157
18432	-443.2125	-600.8277	157.6152	2.190318	0.2358256	0.05704667	0.4731256
18438	-440.2859	-598.502	158.2161	1.909388	0.1242372	0.05704667	0.6541748
18444	-437.9058	-595.8773	157.9715	1.966845	0.1242372	0.08157409	0.7713718
18450	-434.19	-591.5909	157.4009	2.040137	0.2575714	0.08157409	0.8757842
18456	-428.7541	-585.5706	156.8165	2.170894	0.5906249	0.08157409	0.5748091
18462	-423.4555	-580.3163	156.8608	2.009478	0.5906249	0.09333203	0.7189214
18468	-424.4364	-581.13	156.6936	2.162639	0.5906249	0.1114901	0.583116
18474	-431.4778	-588.8388	157.361	2.08272	0.2470622	0.1334943	0.5272188
18480	-442.73	-599.9356	157.2056	2.458387	0.305025	0.05083039	0.5272188
18486	-439.0785	-595.9162	156.8377	2.266093	0.305025	0.192077	0.5272188
18492	-440.084	-596.8557	156.7716	2.415913	0.2881345	0.1646041	0.6655602
18498	-442.7288	-598.5601	155.8312	2.466639	0.8728942	0.1646041	0.5997876
18504	-438.0985	-593.7903	155.6918	2.322802	0.6075905	0.4061771	0.647859
18510	-441.9845	-597.8266	155.8421	2.120485	0.6444977	0.4061771	0.647859
18516	-439.0662	-594.6339	155.5676	2.480004	0.7294275	0.3170897	0.3990721
18522	-440.3118	-595.6245	155.3127	2.373481	1.000525	0.3544658	0.483798
18528	-446.7721	-601.5987	154.8266	2.534958	0.7679114	0.6888002	0.6413837
18534	-439.3882	-594.5852	155.197	2.152079	0.7475773	0.6888002	0.7130916
18540	-448.0484	-603.2386	155.1902	2.378632	0.7301703	0.5958174	0.5333773
18546	-428.108	-584.2624	156.1545	2.274692	0.56642	0.2553586	0.5935132
18552	-427.1947	-583.4068	156.2122	2.362131	0.6548693	0.1646285	0.5675443
18558	-432.3418	-588.4136	156.0718	2.506656	0.3521306	0.3608535	0.4618774
18564	-430.3417	-585.2976	154.9559	2.511665	1.216945	0.3608535	0.4505458
18570	-435.4408	-590.9044	155.4636	2.511665	0.686609	0.3608535	0.3496596
18576	-440.6049	-597.0193	156.4144	2.343431	0.4514112	0.2082135	0.5485296
18582	-445.5983	-602.1054	156.5071	2.390769	0.2506823	0.3192979	0.5727759
18588	-435.9792	-591.8698	155.8906	2.447	0.7233853	0.2077921	0.6074285
18594	-438.2729	-593.9438	155.6709	2.060205	0.7356444	0.3860946	0.8711333
18600	-435.8324	-591.9834	156.151	2.060205	0.7356444	0.2305153	0.7056886
18606	-435.9775	-592.466	156.4885	2.125782	0.8361633	0.07371257	0.7621834
18612	-445.5585	-602.7926	157.2341	2.033356	0.2728596	0.1510634	0.6723994
18618	-437.107	-594.1964	157.0894	2.240267	0.2422011	0.1510634	0.702629
18624	-447.596	-603.4635	155.8675	1.895075	0.5412657	0.396046	1.096504
18630	-434.8242	-591.3791	156.555	1.824444	0.5412657	0.2261487	0.8653825
18636	-435.9299	-591.1427	155.2128	2.333952	1.116897	0.3589901	0.603671
18642	-441.2166	-597.4205	156.2038	2.10133	0.463729	0.3589901	0.7064923
18648	-438.5491	-594.1228	155.5737	2.044046	0.9488295	0.3797966	0.7109946
18654	-444.5824	-600.0749	155.4925	1.922035	1.326459	0.3278641	0.6491669
18660	-436.7948	-592.7883	155.9935	2.133837	0.4532865	0.4685038	0.6874095
18666	-442.794	-597.776	154.982	2.490742	0.9936233	0.4685038	0.5491763
18672	-435.3323	-591.0822	155.7499	2.181826	0.5805145	0.4685038	0.6673666
18678	-431.4453	-587.8283	156.3829	1.866113	0.5651735	0.2331609	0.9482143
18684	-430.7413	-587.2318	156.4904	1.820068	0.3749565	0.2942938	1.062145
18690	-441.1894	-598.0538	156.8644	1.907637	0.5559605	0.1116259	0.8236372
18696	-431.6541	-588.2879	156.6338	1.862501	0.7478194	0.1116259	0.8383889
18702	-435.6816	-592.5969	156.9154	1.746048	0.3754612	0.1129113	1.237914
18708	-432.3833	-589.0238	156.6404	1.799364	0.3837488	0.3020254	0.8928533
18714	-438.7364	-594.3821	155.6457	1.883551	1.193249	0.1594961	1.169403
18720	-441.2879	-598.1158	156.828	1.819626	0.4569692	0.1594961	0.9497388
18726	-439.3158	-596.1325	156.8168	1.891789	0.4611238	0.1594961	0.8741716
18732	-428.4386	-583.5376	155.099	1.864155	1.005556	0.3881181	1.304711
18738	-433.1127	-588.2734	155.1607	1.802454	1.005556	0.3881181	1.304711
18744	-441.2268	-596.3451	155.1183	1.844901	1.005556	0.3881181	1.304711
18750	-449.7167	-605.6494	155.9327	1.761264	0.8226506	0.2231454	1.178579
18756	-440.9266	-596.7604	155.8338	2.056955	0.9423728	0.1886929	0.9652476
18762	-435.3096	-591.1933	155.8837	1.924372	0.9423728	0.2268632	0.934583
18768	-440.6931	-596.5251	155.832	2.056081	0.573581	0.3609401	0.9960724
18774	-440.6086	-597.273	156.6643	1.890678	0.573581	0.1202572	0.9972021
18780	-436.6187	-592.5152	155.8965	2.134799	0.8159413	0.1995687	0.9288878
18786	-435.4645	-591.1464	155.682	2.171937	0.8159413	0.354315	0.6370636
18792	-425.4549	-581.1694	155.7145	2.070588	0.8159413	0.354315	0.7590942
18798	-429.2528	-586.7145	157.4617	2.041167	0.3095033	0.06863814	0.7015141
18804	-435.0645	-592.172	157.1075	2.32592	0.2858939	0.1072164	0.4134117
18810	-446.2563	-602.4748	156.2184	2.253524	0.4581561	0.3172226	0.5128598
18816	-444.6348	-601.506	156.8712	2.193159	0.3829363	0.1534532	0.4934918
18822	-445.4825	-602.3436	156.8612	2.444317	0.271708	0.1534532	0.5518963
18828	-433.9369	-589.7528	155.816	2.22777	0.3755172	0.5677759	0.7950523
18834	-435.0737	-591.891	156.8173	2.005442	0.3755172	0.1787319	0.8538736
18840	-442.6343	-598.6071	155.9727	1.563752	0.5732942	0.183065	1.647988
18846	-446.612	-603.4353	156.8233	1.551911	0.3900655	0.183065	1.244799
18852	-450.6083	-606.847	156.2387	1.471884	0.5122533	0.183065	1.59102
18858	-442.1229	-598.0282	155.9053	2.057647	0.8302226	0.183065	1.033457
18864	-430.3821	-586.0652	155.6832	1.865415	1.299799	0.2154688	0.8925057
18870	-432.5821	-588.1553	155.5733	2.222245	1.214405	0.2154688	0.6338183
18876	-425.2408	-581.2495	156.0087	2.428324	0.6538265	0.1989578	0.6521589
18882	-437.3733	-593.8775	156.5042	2.113741	0.7656018	0.1079731	0.6357905
18888	-431.1369	-587.8292	156.6923	1.98789	0.7656018	0.04699777	0.9429448
18894	-426.4444	-582.34	155.8956	2.437575	0.6381289	0.2581516	0.512466
18900	-422.355	-578.3393	155.9843	2.633655	0.5263952	0.2117709	0.4398153
18906	-434.0437	-589.8432	155.7994	2.678782	0.6052429	0.2117709	0.3908615
18912	-430.4439	-586.0682	155.6243	2.803002	0.6412238	0.2117709	0.3908615
18918	-422.7997	-578.0969	155.2972	2.93749	0.7451909	0.2117709	0.3218553
18924	-421.1299	-576.5782	155.4483	2.473486	0.9215103	0.285818	0.497795
18930	-426.6824	-583.0451	156.3627	2.490412	0.3044706	0.285818	0.4915114
18936	-429.4127	-585.6234	156.2108	2.308926	0.5089007	0.261039	0.5216273
18942	-441.1351	-596.3782	155.2431	2.300353	0.5303777	0.791045	0.6799895
18948	-432.5092	-588.1704	155.6612	2.317884	0.911313	0.2660732	0.5334612
18954	-440.1532	-595.666	155.5127	2.36756	1.297041	0.1724425	0.5623967
18960	-432.1884	-587.4163	155.2279	2.474663	1.297041	0.23206	0.5636385
18966	-428.918	-583.7601	154.8421	2.457993	1.837027	0.2357187	0.4204894
18972	-430.3397	-585.0107	154.6711	2.457993	2.149392	0.2357187	0.476142
18978	-425.898	-581.3161	155.4181	2.457993	1.06631	0.2404461	0.418117
18984	-427.9018	-583.9251	156.0232	2.457993	0.4141297	0.3497572	0.5126697
18990	-427.1131	-583.3521	156.239	2.107651	0.68611	0.2172548	0.6377793
18996	-442.0829	-597.0874	155.0045	2.031038	1.418846	0.4050488	0.8692257
19002	-444.1533	-600.2467	156.0934	1.779615	0.9234651	0.2190061	0.9094884
19008	-438.4535	-594.6291	156.1755	1.906121	0.7048264	0.2190061	0.9600862
19014	-434.4847	-590.7323	156.2477	1.971711	0.7048264	0.2367958	0.7288072
19020	-430.0935	-586.0517	155.9582	1.985875	0.4185217	0.2367958	1.421253
19026	-427.5213	-582.3768	154.8555	2.07448	0.5839644	0.8085259	1.232828
19032	-431.0175	-585.9758	154.9583	1.894394	1.008063	0.5077381	1.216737
19038	-427.5151	-582.4952	154.9801	1.839633	0.6797024	0.5430514	1.496142
19044	-427.4551	-583.0713	155.6163	2.102138	1.469584	0.1208666	0.9059694
19050	-438.9081	-594.753	155.845	2.262962	1.314934	0.107936	0.5087972
19056	-433.13	-587.9512	154.8213	2.588338	1.226639	0.3880741	0.4980818
19062	-435.5604	-591.4379	155.8775	2.240319	0.4055051	0.5551484	0.5840826
19068	-438.7698	-595.203	156.4332	2.227661	0.4055051	0.2775469	0.5210658
19074	-450.9881	-606.7609	155.7728	2.012079	0.9056901	0.2775469	0.8554444
19080	-442.7979	-598.6281	155.8302	1.558534	1.949156	0.07034999	1.131532
19086	-447.6703	-602.8097	155.1394	1.833545	3.107969	0.07034999	0.983542
19092	-450.6438	-606.7835	156.1397	1.771585	1.516374	0.07911358	0.8479362
19098	-446.8011	-602.6719	155.8708	1.885208	1.516374	0.07911358	1.015944
19104	-456.8466	-612.9751	156.1286	1.784355	0.9139776	0.132257	1.154336
19110	-459.1477	-615.4583	156.3106	1.875839	0.9139776	0.1326497	0.8826193
19116	-441.4624	-597.3889	155.9266	1.850234	1.877255	0.06353239	0.8065928
19122	-433.6057	-589.149	155.5433	1.784276	2.295796	0.1304622	0.6895548
19128	-452.0383	-608.1011	156.0628	1.858246	1.077866	0.1304622	0.9991563
19134	-435.6412	-592.2945	156.6533	1.729909	0.6240891	0.1304622	1.054873
19140	-435.1845	-590.8775	155.693	1.79942	1.549736	0.1304622	1.040523
19146	-428.6039	-584.0918	155.4879	1.840638	1.684993	0.2074558	0.843195
19152	-434.7736	-590.4529	155.6793	1.992756	0.727542	0.336017	1.051669
19158	-435.8709	-592.4271	156.5562	2.069123	0.5815508	0.1537131	0.7564627
19164	-433.1825	-589.5285	156.346	2.022813	0.5683252	0.2236017	0.8363878
19170	-438.489	-595.1455	156.6565	1.798734	0.5683252	0.1552903	0.9762211
19176	-432.4791	-589.6617	157.1826	1.852027	0.4046505	0.1413756	0.6333187
19182	-439.2861	-596.1156	156.8295	2.113493	0.4046505	0.1413756	0.7890682
19188	-420.7091	-577.6628	156.9537	1.929101	0.2604124	0.2457527	0.8605524
19194	-430.2027	-586.5892	156.3865	1.732883	0.6125804	0.228599	1.021655
19200	-430.117	-586.6398	156.5228	2.008802	0.7003964	0.1281946	0.7863914
19206	-434.0406	-592.1242	158.0836	1.850614	0.1557692	0.04824998	0.8388419
19212	-432.5121	-589.8034	157.2913	2.076233	0.2098019	0.1731743	0.6611654
19218	-435.8857	-592.5643	156.6786	2.093455	0.3311899	0.2284247	0.8494899
19224	-433.0665	-587.9109	154.8444	1.914322	0.3784605	0.6051397	1.821537
19230	-439.7023	-595.6624	155.96	1.920214	0.6565874	0.1832961	1.296096
19236	-440.769	-597.5838	156.8148	1.917174	0.3150022	0.1832961	1.068639
19242	-435.8521	-591.8993	156.0472	2.113049	0.8252308	0.1832961	0.8241916
19248	-447.9777	-604.0157	156.0379	2.102605	1.16585	0.126628	0.607597
19254	-446.9301	-601.7333	154.8032	2.278981	1.489346	0.4494714	0.5455226
19260	-436.8815	-593.2702	156.3887	1.980781	0.6689885	0.1933345	0.7619108
19266	-443.8739	-601.4078	157.5339	1.93678	0.2115344	0.1312267	0.7289796
19272	-445.9348	-602.0362	156.1014	2.327757	0.2152315	0.6305703	0.6351526
19278	-437.5114	-592.7088	155.1974	2.441432	0.5025973	0.7776333	0.6012399
19284	-435.7314	-590.8369	155.1055	2.54848	0.5025973	0.7776333	0.5394398
19290	-435.7509	-590.6052	154.8543	2.435731	0.7622835	0.7776333	0.5127477
19296	-437.5043	-592.573	155.0687	2.240619	0.7622835	0.691294	0.7425461
19302	-428.186	-584.6148	156.4288	2.145054	0.7622835	0.1055161	0.7425461
19308	-436.0666	-592.0341	155.9674	2.261809	1.183211	0.1055161	0.4898003
19314	-436.0456	-593.1499	157.1043	2.290374	0.386252	0.07065427	0.4898003
19320	-434.3662	-589.9469	155.5806	2.531434	1.307265	0.106263	0.4353321
19326	-436.1586	-592.745	156.5864	2.427323	0.5050478	0.106263	0.4353321
19332	-441.422	-598.0055	156.5835	2.501376	0.5316901	0.08067518	0.4443515
19338	-437.548	-594.5405	156.9924	2.444741	0.4030784	0.05518283	0.4811922
19344	-449.2121	-605.1413	155.9291	2.145263	1.524795	0.05518283	0.7781222
19350	-448.5864	-605.5265	156.9402	1.855746	0.4953873	0.1330603	0.8102661
19356	-444.2031	-601.2556	157.0526	1.95017	0.4420013	0.09396455	0.8635981
19362	-448.6425	-604.9374	156.2949	1.66809	0.952568	0.09396455	1.209443
19368	-440.1183	-595.7363	155.618	1.520545	2.236605	0.09774217	1.098087
19374	-448.3194	-602.994	154.6746	1.817032	2.653726	0.1814512	1.213681
19380	-442.339	-597.6741	155.335	1.806214	2.626352	0.0963736	0.9047945
19386	-449.0123	-604.1874	155.1751	2.010813	1.35484	0.396379	0.7606634
19392	-431.4153	-588.0035	156.5882	2.01786	0.6364668	0.1361548	0.7606634
19398	-432.0434	-588.2468	156.2034	2.26057	0.6364668	0.2065242	0.5858799
19404	-436.4955	-593.2605	156.7651	2.048573	0.5070803	0.08974037	0.9693043
19410	-431.3632	-587.388	156.0248	1.946625	0.3863478	0.2928004	1.337272
19416	-429.0358	-585.1618	156.126	2.022635	0.6776151	0.2296471	0.8939274
19422	-437.6104	-593.7672	156.1568	2.022635	0.6212098	0.28332	0.7798909
19428	-431.3854	-587.2258	155.8404	2.044026	0.6212098	0.4232363	0.7798909
19434	-432.9424	-589.0589	156.1165	1.908858	1.526152	0.04757342	0.8863689
19440	-421.7923	-577.4579	155.6655	1.654236	2.565762	0.05773693	0.9378878
19446	-421.5032	-577.6196	156.1164	2.114221	1.395496	0.05773693	0.6592691
19452	-437.6664	-592.4429	154.7765	1.559169	0.7214914	0.3990069	1.974323
19458	-427.3985	-583.1037	155.7053	1.966151	1.042133	0.2554271	0.8902417
19464	-437.3624	-592.6806	155.3182	1.966151	1.042133	0.4592668	0.8398713
19470	-425.8979	-582.4106	156.5127	1.952702	0.5758026	0.1199356	1.081564
19476	-437.0511	-593.4572	156.4061	2.109765	0.6204851	0.1199356	0.9686681
19482	-443.0335	-599.6785	156.645	1.947032	0.5355319	0.1435939	0.9286288
19488	-438.8923	-594.5284	155.6361	1.635175	0.603793	0.2996299	1.580116
19494	-432.4716	-587.6964	155.2247	1.66526	1.087146	0.2996299	1.448835
19500	-439.2466	-594.6924	155.4459	2.087365	1.058563	0.2989123	0.9079316
19506	-434.1328	-589.6638	155.531	2.137826	1.176068	0.207876	0.9004835
19512	-436.5815	-591.5389	154.9574	1.472702	1.176068	0.1261844	2.072653
19518	-440.0611	-595.0215	154.9604	1.285634	1.398607	0.1261844	2.072653
19524	-439.0901	-594.6331	155.543	1.693182	0.562156	0.1261844	2.002353
19530	-430.8897	-588.0375	157.1479	1.714902	0.3429075	0.1393663	1.026882
19536	-435.1088	-592.2127	157.1039	1.66758	0.3429075	0.1224182	1.169308
19542	-431.1146	-587.9681	156.8535	1.68118	0.3886202	0.1743568	1.133614
19548	-432.9495	-589.6824	156.7328	1.517011	0.3886202	0.1757895	1.367485
19554	-435.2498	-592.6532	157.4034	1.718507	0.3886202	0.08128434	0.9070301
19560	-439.7633	-596.3692	156.6059	2.42565	0.3886202	0.158103	0.5552725
19566	-446.4161	-602.9183	156.5021	2.388496	0.5428228	0.1234	0.5417083
19572	-440.1967	-596.7344	156.5377	2.006493	0.5428228	0.1614756	0.9002996
19578	-452.1799	-608.4185	156.2386	2.18998	0.5428228	0.1994752	0.8946057
19584	-436.3606	-592.0148	155.6542	2.24462	0.4036316	0.6195596	0.8134197
19590	-439.7491	-595.7053	155.9562	2.136612	1.263152	0.1193724	0.5817549
19596	-434.7784	-591.5957	156.8173	2.343029	0.3194586	0.1613462	0.5772067
19602	-444.2678	-599.7871	155.5193	2.090676	1.510434	0.204662	0.5839357
19608	-443.7398	-598.9093	155.1695	2.269779	1.510434	0.2456892	0.7094445
19614	-436.8887	-592.9327	156.044	2.470201	0.6652198	0.1772607	0.4232293
19620	-430.7907	-585.841	155.0503	2.755388	0.6652198	0.4415464	0.3086996
19626	-432.2139	-588.001	155.7871	2.646625	0.6652198	0.1578276	0.2690375
19632	-432.4555	-588.2194	155.7639	2.449551	0.6652198	0.2822237	0.4002742
19638	-427.7856	-583.761	155.9754	2.258464	0.6652198	0.2649873	0.6655573
19644	-430.177	-586.8758	156.6988	2.152445	0.3449557	0.2097842	0.7765733
19650	-433.372	-589.8855	156.5135	2.104566	0.3449557	0.2757767	0.850666
19656	-440.8814	-597.0305	156.1491	2.165248	0.5099122	0.2757767	0.8480236
19662	-432.9166	-588.988	156.0714	2.165248	0.5707759	0.2939932	0.7671802
19668	-439.2769	-595.3301	156.0532	1.984506	0.5707759	0.3401411	0.8876074
19674	-457.68	-614.2927	156.6127	1.980162	0.6316111	0.1096475	0.9136686
19680	-445.8979	-602.7589	156.861	2.052776	0.5307419	0.1096475	0.6824024
19686	-438.9404	-595.9003	156.9599	1.990663	0.5307419	0.1096475	0.5979908
19692	-454.3107	-609.5038	155.1931	2.440424	1.016239	0.3361691	0.7218263
19698	-436.9521	-592.1884	155.2362	2.099642	1.016239	0.3575545	1.021667
19704	-433.3511	-589.5399	156.1888	2.49972	0.4850409	0.2135294	0.5068887
19710	-430.4492	-586.4928	156.0436	2.771844	0.3236135	0.2409811	0.3020658
19716	-418.882	-574.3783	155.4963	2.554545	0.8731504	0.2341899	0.3516833
19722	-425.6869	-580.9622	155.2753	2.472976	1.412641	0.1865012	0.4640926
19728	-434.0401	-589.7443	155.7042	2.5713	1.021026	0.1220976	0.651419
19734	-426.3267	-582.3586	156.0319	2.257149	0.9212478	0.156623	0.522446
19740	-432.1789	-588.0635	155.8846	2.328617	1.299702	0.08622459	0.5168392
19746	-429.7633	-585.816	156.0527	2.439086	1.007276	0.08289338	0.5168392
19752	-421.4306	-576.8902	155.4596	2.260945	0.9364433	0.3519595	0.6486402
19758	-429.3295	-583.464	154.1345	2.508482	0.7847238	1.38579	0.6486402
19764	-420.8796	-576.8745	155.9948	2.485796	0.8387531	0.1199921	0.6424895
19770	-421.1346	-577.115	155.9804	2.337759	1.141116	0.09326834	0.5222089
19776	-424.594	-580.564	155.97	2.347757	1.141116	0.09326834	0.5270715
19782	-424.1084	-580.1751	156.0666	2.206031	0.65386	0.2118267	0.8447678
19788	-431.3142	-587.2053	155.8911	2.350074	0.5551713	0.340233	0.6107392
19794	-425.8668	-582.082	156.2152	2.137546	0.5489306	0.265768	0.7465428
19800	-423.5882	-579.6954	156.1072	2.078244	0.8027877	0.2020504	0.7465428
19806	-426.511	-582.3513	155.8403	1.98995	1.102186	0.2020504	0.8070865
19812	-427.019	-582.6945	155.6755	1.855435	1.52133	0.2020504	0.7455506
19818	-431.4443	-587.1158	155.6715	2.166691	1.52133	0.1247772	0.6644451
19824	-428.8515	-584.4427	155.5912	2.723379	0.5195702	0.32693	0.3825018
19830	-434.757	-590.5	155.7429	2.723379	0.4784175	0.2931634	0.3937898
19836	-431.9331	-587.7919	155.8589	2.668483	0.4449031	0.2931634	0.3984377
19842	-422.4391	-578.479	156.0398	2.494334	0.4449031	0.2931634	0.4131686
19848	-430.4068	-586.0201	155.6133	2.480045	0.5154102	0.4434442	0.387985
19854	-431.9399	-586.569	154.6291	2.969798	0.622248	0.4434442	0.1855433
19860	-434.3979	-589.3529	154.9549	3.001809	0.622248	0.281265	0.1919113
19866	-435.6957	-590.6401	154.9444	2.935523	0.622248	0.4131166	0.2816582
19872	-435.1937	-589.9599	154.7662	3.107197	0.622248	0.4131166	0.277538
19878	-441.3162	-596.2018	154.8856	2.991008	0.622248	0.4131166	0.2795229
19884	-438.4841	-593.2008	154.7167	2.838429	1.313662	0.2418082	0.2969321
19890	-431.2228	-586.5858	155.363	2.418397	1.313662	0.2001795	0.4466277
19896	-430.9377	-585.9492	155.0115	2.699878	0.9811888	0.327001	0.3535516
19902	-436.1936	-591.9806	155.787	2.5212	0.8743679	0.1644652	0.4465803
19908	-435.7654	-591.3793	155.6139	2.413942	1.156812	0.1644652	0.4465803
19914	-423.5624	-578.9309	155.3685	2.377478	0.8603681	0.3955292	0.4465803
19920	-428.5068	-584.4922	155.9854	2.241406	1.112371	0.1220741	0.5048095
19926	-434.3053	-590.64	156.3347	2.161004	0.8328921	0.1220741	0.6002362
19932	-431.432	-588.0365	156.6045	1.745627	0.832192	0.1220741	0.8435909
19938	-438.5161	-595.14	156.624	1.601674	0.3455744	0.2218306	1.346796
19944	-441.5848	-597.7581	156.1734	1.796179	0.3455744	0.08682542	1.878722
19950	-452.8968	-607.9345	155.0377	1.934356	0.8611831	0.3733645	1.440598
19956	-447.9517	-603.7087	155.757	2.139255	0.4992855	0.4837127	0.8662
19962	-444.4342	-601.33	156.8958	1.675862	0.4992855	0.1973122	0.81425
19968	-433.7431	-590.3188	156.5757	1.750003	0.4992855	0.1192547	1.307988
19974	-441.1354	-597.2055	156.0702	1.783623	0.5090839	0.2710777	1.297387
19980	-445.357	-599.7766	154.4197	2.148882	0.8482988	0.9837324	1.083353
19986	-445.5048	-598.7543	153.2495	2.015573	0.8482988	0.9837324	2.05528
19992	-443.3017	-596.6844	153.3827	1.905863	0.8482988	1.525127	1.725801
19998	-441.9532	-595.4545	153.5013	1.954954	0.9808327	1.088189	1.760443
20004	-449.2352	-603.5074	154.2722	1.857426	0.9046323	1.003162	1.384689
20010	-444.5537	-598.4966	153.9429	1.815495	0.8688367	1.003162	1.689279
20016	-435.1248	-589.3823	154.2575	1.961193	0.8688367	1.003162	1.345286
20022	-420.5566	-575.5623	155.0057	2.013729	0.6738246	0.6180815	1.257386
20028	-423.6612	-579.0159	155.3548	1.877453	0.6738246	0.6103456	1.080928
20034	-434.6663	-590.4697	155.8033	1.521615	0.8313847	0.2653285	1.381525
20040	-444.5578	-599.8141	155.2563	1.566687	1.884187	0.05184791	1.676045
20046	-433.3788	-589.038	155.6592	1.650752	2.077364	0.08840336	1.058409
20052	-434.3015	-590.2434	155.9419	1.804969	0.5537195	0.2918018	1.285831
20058	-436.6731	-592.3982	155.725	1.891823	0.5537195	0.2918018	1.389711
20064	-443.2968	-599.2032	155.9064	2.049956	0.550667	0.2918018	1.109899
20070	-433.1342	-588.7886	155.6544	2.059191	0.9135856	0.2918018	0.8888147
20076	-428.558	-584.8924	156.3344	2.135172	0.3764131	0.2918018	0.9028398
20082	-424.797	-581.4418	156.6447	1.724253	0.3764131	0.130397	1.416535
20088	-436.3271	-592.0298	155.7027	1.868254	1.440847	0.03635964	1.401948
20094	-443.5995	-599.0023	155.4027	2.069815	1.777818	0.1030009	1.015453
20100	-440.4847	-596.1363	155.6515	1.833838	1.737011	0.1415264	0.8701837
20106	-433.9831	-590.0183	156.0352	1.838849	1.083023	0.1415264	1.000452
20112	-422.8743	-579.7621	156.8878	1.733271	0.4651284	0.1415264	1.025893
20118	-428.5812	-585.1373	156.5562	1.57958	0.310254	0.2816865	1.355943
20124	-430.541	-586.9042	156.3632	1.640234	0.6999319	0.1361721	1.279045
20130	-433.3665	-589.3698	156.0033	2.11019	0.6999319	0.2766038	0.744002
20136	-439.2262	-594.5242	155.298	2.266768	1.882637	0.1403359	0.6032064
20142	-440.1653	-595.9655	155.8002	2.24316	1.009042	0.1822587	0.7149539
20148	-442.9181	-599.035	156.117	1.865381	0.8225214	0.2873228	0.6663793
20154	-464.8292	-620.4465	155.6173	2.045048	1.116532	0.2873228	0.699431
20160	-445.765	-602.3398	156.5748	2.036942	0.5323891	0.1624965	0.8358028
20166	-453.1599	-611.4942	158.3343	1.857449	0.09306584	0.04725923	0.8261337
20172	-446.2458	-604.1672	157.9214	2.011092	0.1750372	0.04725923	0.7622839
20178	-452.4223	-610.2675	157.8453	2.180462	0.1750372	0.02349835	0.7783879
20184	-446.6931	-604.8157	158.1226	1.655592	0.1750372	0.02349835	1.053431
20190	-435.7159	-591.3619	155.646	1.553963	0.8471044	0.260793	1.472791
20196	-435.4409	-591.2302	155.7894	1.561404	0.8471044	0.260793	1.356142
20202	-436.4517	-591.7267	155.275	1.414414	0.6631263	0.260793	1.992881
20208	-441.325	-595.9094	154.5843	1.578433	0.6631263	0.5255458	1.992881
20214	-436.6814	-592.7183	156.0369	1.72415	0.6245151	0.2078276	1.367654
20220	-439.2301	-595.6673	156.4372	1.541396	0.3763936	0.2078276	1.518572
20226	-435.866	-591.6125	155.7465	1.54541	1.028933	0.1850005	1.419482
20232	-450.433	-605.0271	154.594	1.79539	2.02581	0.1850005	1.542396
20238	-439.9371	-595.2557	155.3185	1.861694	2.151838	0.1103279	1.05328
20244	-443.3345	-598.8598	155.5252	1.816884	1.702053	0.1207756	1.117288
20250	-437.4089	-592.8343	155.4255	2.017294	1.616185	0.2283105	0.6491383
20256	-439.7879	-595.2909	155.503	1.579964	0.8845353	0.3580659	1.358595
20262	-437.0428	-593.0014	155.9586	1.756881	0.672963	0.3580659	1.033303
20268	-439.0755	-594.7779	155.7024	1.864274	1.094245	0.2408103	0.9902456
20274	-439.1739	-594.8041	155.6302	1.937881	0.6124099	0.4428202	1.097116
20280	-427.8933	-584.283	156.3897	1.710041	0.6491785	0.204966	1.056029
20286	-430.9905	-587.1131	156.1226	1.850555	0.8117727	0.1884447	1.028
20292	-439.3962	-595.7774	156.3812	1.632767	0.8117727	0.1044991	1.259085
20298	-437.1777	-594.0435	156.8657	1.576351	0.6552194	0.09280034	1.10203
20304	-437.1716	-593.0338	155.8622	1.739548	0.6552194	0.3901125	1.10203
20310	-436.5702	-591.945	155.3748	2.1049	1.670846	0.2039576	0.6384847
20316	-437.2634	-592.8725	155.6091	2.353163	0.7741539	0.3392961	0.5512979
20322	-449.2204	-605.4575	156.2371	2.290994	0.3891132	0.3392961	0.6172353
20328	-446.346	-602.0446	155.6986	2.502765	0.6058845	0.3321353	0.4610267
20334	-442.5824	-598.4973	155.9149	2.436804	0.6058845	0.2670833	0.5508466
20340	-439.1471	-595.2519	156.1048	2.244291	0.6058845	0.2670833	0.563402
20346	-438.6024	-594.7049	156.1025	2.246732	0.6058845	0.2670833	0.4417831
20352	-436.6754	-593.9688	157.2935	2.325024	0.2321163	0.09902132	0.5457217
20358	-430.726	-588.1456	157.4197	2.111414	0.2654364	0.09902132	0.5457217
20364	-438.4821	-594.4956	156.0135	2.036948	1.080212	0.1517426	0.7541585
20370	-443.3922	-600.9432	157.551	1.831938	0.2590681	0.08829008	0.9030614
20376	-438.0822	-594.852	156.7698	1.903818	0.7930452	0.08355558	0.6715337
20382	-436.0353	-591.8105	155.7752	1.708798	0.7930452	0.3033202	1.213817
20388	-428.6789	-584.3751	155.6962	1.852826	0.8499381	0.3154503	1.072775
20394	-437.2249	-592.6511	155.4262	2.210555	0.8499381	0.3521366	0.9026995
20400	-448.7452	-604.4358	155.6906	2.207104	1.90054	0.05809497	0.6243975
20406	-439.8813	-595.5472	155.6659	2.222915	1.956638	0.05809497	0.5293283
20412	-447.7049	-602.1156	154.4107	1.705885	5.078066	0.04233811	1.284253
20418	-447.9813	-603.4047	155.4234	1.641948	2.315944	0.05154909	1.310471
20424	-441.7341	-596.1472	154.4132	1.439276	5.359898	0.04950627	1.405292
20430	-441.6397	-595.7939	154.1542	1.548793	6.595046	0.02226423	1.380697
20436	-437.9502	-593.0467	155.0965	1.622247	3.686245	0.06394086	1.04516
20442	-440.7488	-596.0666	155.3178	1.761121	1.672744	0.1250005	1.342238
20448	-437.1563	-593.4972	156.3409	1.694229	0.6757629	0.09411426	1.413102
20454	-433.3925	-589.4869	156.0944	1.481373	0.4894569	0.09411426	1.940267
20460	-427.6455	-583.8019	156.1563	1.783791	0.7173409	0.1346386	1.316913
20466	-451.8041	-606.5366	154.7324	2.183198	1.159557	0.6287573	0.8325699
20472	-435.8432	-591.5015	155.6583	2.287688	1.159557	0.1871049	0.4244713
20478	-437.5509	-594.1064	156.5555	1.905461	0.487536	0.1776969	1.02483
20484	-433.9955	-590.3435	156.348	1.845888	0.4973613	0.2256494	1.125642
20490	-428.6348	-585.1648	156.53	1.883471	0.4687259	0.2256494	0.9611394
20496	-424.3463	-581.1702	156.8239	1.819539	0.4687259	0.2021053	0.7675004
20502	-429.8332	-585.4363	155.6032	1.436725	1.622626	0.1275255	1.39236
20508	-437.7857	-594.0658	156.2801	1.332987	0.5858873	0.1275255	1.716557
20514	-440.418	-597.0318	156.6138	1.309133	0.670449	0.04695541	1.667568
20520	-434.7204	-590.6599	155.9395	1.662777	0.670449	0.2542972	1.342268
20526	-441.752	-597.1751	155.4231	1.844207	0.989437	0.2623615	1.298041
20532	-433.2122	-588.6529	155.4407	1.541449	0.989437	0.2346484	1.573072
20538	-434.1281	-588.2858	154.1577	1.819342	2.021121	0.343424	1.549504
20544	-442.7242	-597.3041	154.58	1.694619	1.968356	0.343424	1.34575
20550	-437.5069	-592.467	154.96	1.531741	1.968356	0.2511138	1.34575
20556	-438.2504	-593.8167	155.5663	1.839962	2.223421	0.09651909	0.8311766
20562	-431.5758	-586.8408	155.265	2.104767	2.223421	0.1051468	0.8311766
20568	-442.9316	-598.8179	155.8863	1.721514	1.747268	0.07145377	1.040457
20574	-448.9836	-605.1391	156.1555	1.889243	1.205943	0.07145377	1.009589
20580	-450.8989	-605.5325	154.6336	2.053527	2.908561	0.1988336	0.8585071
20586	-453.0956	-608.1199	155.0243	1.838177	2.908561	0.02901605	1.332992
20592	-450.2847	-604.5981	154.3134	1.838177	5.126191	0.03350054	1.279314
20598	-434.3441	-588.6281	154.2839	1.793589	4.607016	0.03192958	1.460552
20604	-421.6656	-576.9772	155.3115	2.301612	2.181781	0.08961682	0.5031628
20610	-429.5075	-584.99	155.4824	2.487999	1.32617	0.1403888	0.460108
20616	-434.8988	-590.1291	155.2302	2.390026	1.32617	0.2332141	0.6988642
20622	-431.0275	-586.234	155.2065	2.048518	2.487731	0.1154242	0.7442874
20628	-436.1109	-590.7958	154.6849	1.86774	3.573502	0.1249895	0.9876009
20634	-451.6402	-607.5138	155.8736	1.986306	1.577368	0.07695231	0.8691161
20640	-443.124	-600.537	157.413	1.911959	0.4561009	0.05487176	0.5982527
20646	-437.5238	-593.4145	155.8907	1.998896	1.508705	0.07914908	0.8801487
20652	-453.1837	-608.3348	155.1511	1.980283	1.508705	0.1674499	1.270622
20658	-450.6126	-605.0706	154.4581	2.505776	0.8929615	0.6149069	1.0792
20664	-445.3586	-601.2408	155.8822	2.388202	0.7053421	0.2432175	0.4267488
20670	-444.3454	-599.3966	155.0512	1.8775	3.561477	0.08971866	0.7083508
20676	-444.8744	-600.4126	155.5382	2.006112	2.070872	0.07555006	0.8803909
20682	-443.6529	-599.2759	155.623	2.057796	2.160891	0.0695658	0.6473765
20688	-441.2805	-596.9871	155.7066	1.765043	2.160891	0.0693979	0.9374897
20694	-447.0753	-604.6349	157.5597	1.985603	0.2426077	0.07544992	0.8314149
20700	-449.9049	-607.3507	157.4458	1.889311	0.3298002	0.07544992	0.8314149
20706	-447.2211	-604.5263	157.3052	1.951519	0.2997326	0.108815	0.8314149
20712	-442.0837	-598.8836	156.7999	1.708507	0.7243985	0.108815	0.8729955
20718	-435.7017	-591.9352	156.2335	2.0165	1.273605	0.06513282	0.7341315
20724	-436.1242	-592.0711	155.9469	2.16171	1.273605	0.1083657	0.6366592
20730	-445.9213	-601.9488	156.0275	2.149309	0.9112897	0.1786264	0.6774045
20736	-450.2783	-606.3023	156.024	2.152826	0.9112897	0.1786264	0.6774045
20742	-437.8054	-593.3418	155.5364	1.503261	0.5270484	0.5051173	1.542709
20748	-428.7339	-584.7896	156.0556	1.374171	1.01599	0.1164842	1.507228
20754	-433.1614	-589.329	156.1677	1.742988	0.6211527	0.1937363	1.285135
20760	-429.5094	-585.9286	156.4191	1.93387	0.7988191	0.1395546	0.8058071
20766	-433.8966	-590.9484	157.0518	1.861382	0.4687815	0.108597	0.8400599
20772	-447.6481	-604.6903	157.0422	2.140553	0.2741596	0.1878445	0.5706916
20778	-437.5183	-593.4146	155.8963	2.273914	0.8314135	0.19154	0.7667649
20784	-435.7087	-592.4743	156.7656	1.833284	0.478451	0.19154	0.8461386
20790	-435.0452	-591.2926	156.2474	1.922881	0.4727042	0.2789163	1.057972
20796	-431.8039	-587.9352	156.1314	1.701309	0.8033669	0.2789163	0.9282993
20802	-438.1871	-593.0153	154.8281	1.69177	1.304168	0.2789163	1.61919
20808	-439.2456	-595.0463	155.8007	1.866188	0.774471	0.267335	1.14973
20814	-434.6576	-590.1181	155.4605	1.666476	0.8828247	0.2943983	1.435388
20820	-460.0939	-616.46	156.3661	1.333706	0.7885011	0.07775607	1.612437
20826	-447.7154	-603.119	155.4036	1.502655	1.142571	0.1573682	1.691713
20832	-440.5076	-595.035	154.5274	1.368888	1.142571	0.3621668	2.017158
20838	-439.6364	-595.5244	155.888	1.562856	0.6274072	0.3621668	1.312038
20844	-438.1733	-594.7336	156.5603	1.877664	0.4665818	0.2405001	0.8946107
20850	-443.0794	-599.5459	156.4665	2.056853	0.4665818	0.1518432	1.081666
20856	-428.5889	-585.4362	156.8473	1.77127	0.4665818	0.1518432	0.9895252
20862	-432.7775	-588.9767	156.1992	2.160126	0.6398323	0.2288318	0.6746205
20868	-435.9477	-592.0914	156.1437	2.211611	0.6398323	0.2288318	0.6822496
20874	-441.5862	-598.5813	156.9951	1.909137	0.6398323	0.0603755	0.7920423
20880	-431.2834	-588.1028	156.8195	1.817905	0.3763435	0.1583883	1.110731
20886	-437.3968	-594.2416	156.8447	2.02439	0.3854605	0.1583883	0.8548331
20892	-433.7744	-589.6598	155.8855	2.067184	0.5377475	0.318327	1.075459
20898	-431.7808	-588.1599	156.3791	2.011646	0.5377475	0.231236	0.8413838
20904	-437.5989	-593.2931	155.6942	1.748866	1.199186	0.231236	1.044149
20910	-448.2094	-605.235	157.0256	1.985194	0.5321738	0.08240358	0.7146591
20916	-441.2345	-597.3213	156.0868	2.070656	0.7235183	0.2280893	0.8165326
20922	-442.0591	-597.3097	155.2506	2.428783	0.8224753	0.4148407	0.7257239
20928	-435.185	-590.6713	155.4863	2.193101	0.8224753	0.4148407	0.7257239
20934	-428.1244	-585.463	157.3386	1.956915	0.3353845	0.1006019	0.7104197
20940	-432.5863	-588.9002	156.3139	1.885541	0.656223	0.1822064	1.017393
20946	-442.548	-598.5897	156.0418	1.897658	0.818191	0.2006647	1.017393
20952	-430.9803	-587.2821	156.3018	1.841821	0.876302	0.07756785	1.18782
20958	-430.9356	-587.0693	156.1337	1.893871	1.445822	0.07756785	0.7737562
20964	-436.6598	-591.7019	155.042	1.997006	3.111432	0.1006756	0.7375227
20970	-427.5079	-582.0508	154.5429	2.183005	4.550323	0.06994977	0.6374626
20976	-445.8261	-601.3732	155.5471	2.295574	1.302728	0.171941	0.6587804
20982	-442.1069	-596.7636	154.6567	1.947172	3.342113	0.1917362	0.7621485
20988	-442.0243	-598.1348	156.1106	1.954519	0.92929	0.1917362	0.7621485
20994	-445.5383	-601.9581	156.4198	2.015858	0.5706761	0.1917362	0.8641445
21000	-446.899	-602.3521	155.4531	2.260991	1.511923	0.171941	0.5695242
21006	-444.419	-599.9593	155.5402	2.223209	1.096553	0.2778947	0.4599257
21012	-449.3696	-604.3476	154.9779	2.520003	1.209457	0.3508652	0.4680029
21018	-453.769	-609.1616	155.3926	1.94783	1.209457	0.3518698	0.8354291
21024	-434.2115	-589.8539	155.6424	2.031917	1.794038	0.1036401	0.7691203
21030	-432.3872	-589.4066	157.0194	1.886594	0.5008579	0.1186892	0.717198
21036	-433.8442	-590.8932	157.0489	1.751877	0.4881458	0.07306477	1.086855
21042	-431.1666	-587.7399	156.5733	1.752635	0.4881458	0.2459064	0.9606239
21048	-435.8425	-591.1645	155.322	1.573058	1.105428	0.3134064	1.407417
21054	-436.4085	-591.8605	155.452	2.01432	1.272791	0.3080139	0.7178416
21060	-438.7098	-594.8564	156.1466	2.114418	0.5242577	0.3080139	0.7884369
21066	-432.7868	-588.6133	155.8265	2.021738	0.6903607	0.3080139	0.9869743
21072	-435.0071	-591.1046	156.0975	1.950413	0.5210609	0.3080139	1.032316
21078	-433.0978	-589.7849	156.6872	1.837385	0.552638	0.1271699	1.032316
21084	-447.2566	-603.1197	155.8631	1.814968	1.194161	0.159459	1.032316
21090	-444.7307	-600.7678	156.0371	1.782415	0.8164475	0.159459	1.244653
21096	-438.2468	-593.8083	155.5615	1.654462	1.5572	0.08443593	1.430071
21102	-439.5704	-595.5921	156.0216	1.586781	0.9074323	0.1626741	1.325321
21108	-447.8816	-603.3791	155.4975	1.516004	1.601915	0.1626741	1.325321
21114	-443.068	-596.3686	153.3006	1.712042	1.601915	1.244223	1.60842
21120	-446.9643	-600.5314	153.5672	2.177479	1.109354	1.029638	1.50304
21126	-442.8401	-597.6905	154.8504	1.932394	2.456761	0.1886848	1.014991
21132	-456.1923	-610.2332	154.0409	1.718715	2.846266	0.1690984	1.734102
21138	-442.5789	-598.822	156.2431	1.490934	0.8094535	0.03032225	1.734102
21144	-448.1522	-604.9243	156.7721	1.716852	0.8094535	0.03784793	1.12183
21150	-452.8074	-607.3471	154.5398	1.876935	5.037925	0.04948218	0.9936504
21156	-443.4102	-598.4131	155.0029	1.844302	3.342595	0.0386523	1.16039
21162	-431.3313	-587.8328	156.5015	1.714148	0.8940724	0.0649666	1.16039
21168	-436.4007	-592.2127	155.812	1.706909	1.279767	0.2219906	0.9233331
21174	-431.5549	-586.8044	155.2495	2.045361	1.279767	0.3020093	0.9451049
21180	-430.0867	-585.1714	155.0846	1.855745	1.222453	0.3020093	1.30963
21186	-427.9701	-584.6704	156.7002	1.964415	0.3970198	0.1869259	0.954538
21192	-442.3071	-597.9671	155.66	1.820383	0.3970198	0.3835411	1.547185
21198	-436.5067	-593.3798	156.8731	1.84962	0.3970198	0.1821938	0.9078075
21204	-431.5315	-587.2884	155.7569	1.638967	0.8365113	0.2506033	1.350767
21210	-430.9873	-586.509	155.5217	1.915002	0.6668383	0.4823246	1.084925
21216	-427.1631	-582.5742	155.4111	1.780714	1.041852	0.3117	1.219467
21222	-423.6693	-579.0854	155.4161	1.892482	1.041852	0.3117	1.117347
21228	-429.7636	-586.5286	156.765	1.762939	0.5293804	0.110874	1.122901
21234	-434.7216	-591.2777	156.5561	1.662863	0.6591937	0.2091863	0.90775
21240	-434.3656	-589.973	155.6073	1.66705	1.423437	0.1471505	1.262493
21246	-430.2282	-585.6879	155.4597	1.497386	1.458412	0.1062371	1.60665
21252	-427.6231	-584.1722	156.5491	1.746212	0.6602024	0.1147554	1.145465
21258	-441.8715	-598.3326	156.461	1.710389	0.6602024	0.1336947	1.189944
21264	-438.9959	-594.7271	155.7313	1.765941	1.814746	0.06581103	1.128082
21270	-436.2789	-592.5821	156.3032	1.82957	1.213533	0.06581103	0.9403159
21276	-434.4705	-590.473	156.0025	2.297683	0.8519946	0.1756679	0.5353243
21282	-432.5586	-588.6208	156.0622	2.237327	0.8546612	0.1756679	0.5030636
21288	-432.8273	-589.1947	156.3674	2.239817	0.7683783	0.1156449	0.5643545
21294	-424.2067	-580.8586	156.6519	2.06661	0.6208455	0.1156449	0.7427936
21300	-435.4435	-591.6051	156.1616	2.107132	0.6208455	0.2464871	0.7856032
21306	-444.4779	-600.4967	156.0189	1.904629	0.6402474	0.2464871	1.123467
21312	-441.3751	-598.4343	157.0592	2.028203	0.4093032	0.1140955	0.7151164
21318	-438.0542	-594.2105	156.1563	2.207486	0.4093032	0.3256015	0.8615709
21324	-437.769	-593.2901	155.5211	2.244223	0.9176328	0.3559457	0.5450967
21330	-438.8123	-594.4006	155.5883	1.925288	1.776485	0.1658071	0.6720789
21336	-443.0743	-598.8906	155.8163	1.925288	1.299434	0.1658071	0.8456391
21342	-437.3039	-592.4353	155.1315	2.141122	0.7719605	0.5234301	1.049345
21348	-445.9232	-600.1183	154.1951	2.180409	0.6883981	1.349546	1.138363
21354	-449.8742	-604.3855	154.5113	2.273183	0.5281224	1.349546	0.9691964
21360	-442.5969	-597.0742	154.4773	2.255321	0.5068611	1.349546	1.054461
21366	-448.7077	-603.1071	154.3994	2.599354	0.5068611	1.349546	0.7530186
21372	-436.0897	-591.9605	155.8708	2.497811	0.7558618	0.1895873	0.4604781
21378	-439.6771	-596.2941	156.6171	2.310314	0.3852703	0.1895873	0.5899906
21384	-449.9836	-606.3984	156.4148	2.286721	0.7155763	0.1100288	0.5308244
21390	-441.0915	-597.9703	156.8788	1.930285	0.4473375	0.1366289	0.8795121
21396	-441.0407	-597.7297	156.689	2.276979	0.4473375	0.1366289	0.6493217
21402	-440.2665	-596.549	156.2824	2.253253	0.4473375	0.2842987	0.6382701
21408	-433.0653	-589.9055	156.8402	2.341635	0.4473375	0.09123026	0.4568722
21414	-440.7389	-596.7591	156.0202	2.547858	0.5702752	0.1966717	0.3801858
21420	-443.6101	-599.835	156.2249	2.36737	0.5702752	0.1735679	0.3236132
21426	-445.8783	-601.1462	155.2679	2.237608	1.798089	0.1788853	0.4998013
21432	-439.9342	-594.5009	154.5666	2.260053	2.037823	0.3883739	0.5966595
21438	-437.8486	-593.9876	156.139	2.076086	0.5579216	0.3122898	0.7652751
21444	-431.9694	-588.2302	156.2608	1.889527	0.5738109	0.3122898	0.8203439
21450	-428.1823	-583.9281	155.7458	2.154611	0.9432871	0.2819964	0.5643492
21456	-423.6874	-580.3907	156.7033	2.03738	0.5496582	0.1587014	0.5906602
21462	-424.8208	-580.717	155.8961	2.162058	0.9879416	0.2031623	0.5906602
21468	-422.5447	-578.6309	156.0862	2.294538	0.7146473	0.2031623	0.5316245
21474	-421.961	-577.9348	155.9738	2.392736	0.7272965	0.2031623	0.4979647
21480	-419.6342	-575.6465	156.0123	2.343628	0.7272965	0.2031623	0.5763304
21486	-438.1568	-594.786	156.6293	2.032314	0.4600693	0.236849	0.5516519
21492	-432.7575	-589.4819	156.7244	2.032314	0.4764661	0.1658047	0.7488614
21498	-429.8073	-586.4097	156.6024	2.037118	0.3789599	0.2528926	0.8081965
21504	-429.6902	-585.2944	155.6042	2.075142	0.8599218	0.3532224	0.8366907
21510	-424.8628	-580.2455	155.3828	1.962737	1.036904	0.4314102	0.8322475
21516	-433.5381	-589.5806	156.0425	2.006745	1.036904	0.1417142	0.8575024
21522	-439.152	-594.5696	155.4176	1.831647	1.055477	0.3099965	1.161999
21528	-441.5713	-597.6278	156.0564	1.811813	1.296088	0.1062814	0.954154
21534	-434.1823	-590.5379	156.3556	2.043552	1.118424	0.0579845	0.7666452
21540	-439.4298	-594.2799	154.8501	2.201199	3.554292	0.07672964	0.4412502
21546	-428.2315	-584.4197	156.1882	2.36449	0.9534678	0.07672964	0.6140874
21552	-415.6529	-571.8613	156.2084	2.013563	0.9503015	0.1418339	0.7424289
21558	-431.6832	-586.9169	155.2337	2.261387	0.9503015	0.4330161	0.7424289
21564	-432.8011	-588.3707	155.5696	2.111935	1.0524	0.3112888	0.6719906
21570	-431.2193	-587.4922	156.2729	1.79778	0.7316978	0.2065958	0.9729154
21576	-427.1104	-583.1978	156.0874	1.796672	0.6353546	0.2506332	1.154966
21582	-434.0522	-589.1041	155.052	1.723995	1.769893	0.1935385	1.346247
21588	-427.994	-584.2982	156.3041	1.868272	0.6033685	0.1777398	1.125731
21594	-433.7425	-589.5496	155.8071	1.929173	0.5204803	0.3695654	1.195723
21600	-429.2923	-585.0664	155.774	1.875994	0.5204803	0.4879997	1.0776
21606	-437.208	-593.7408	156.5328	1.609948	0.5204803	0.1605728	1.306394
21612	-432.9134	-588.8171	155.9037	1.787324	0.8599256	0.1605728	1.306394
21618	-436.6003	-592.6482	156.0479	2.295442	0.8599256	0.1605728	0.4918188
21624	-437.1575	-592.0954	154.938	2.181031	1.97569	0.2750751	0.5706723
21630	-437.3495	-591.8908	154.5413	2.278836	1.97569	0.419431	0.4993821
21636	-422.4781	-578.3712	155.8932	2.411262	0.6910894	0.2409483	0.4652819
21642	-427.4599	-583.3625	155.9026	2.524221	0.5362966	0.2409483	0.3066283
21648	-440.413	-596.0314	155.6185	2.524221	0.9453149	0.179639	0.363172
21654	-435.14	-590.18	155.04	2.040782	0.8965423	0.6181593	0.9557194
21660	-446.6497	-600.2195	153.5698	2.074595	0.8965423	1.42468	1.482591
21666	-454.1213	-607.4307	153.3094	2.069508	0.8965423	1.202996	1.803598
21672	-443.3207	-597.1197	153.799	1.636302	0.6608368	1.253789	1.930091
21678	-433.9282	-587.3069	153.3787	1.591497	0.6608368	1.253789	2.236234
21684	-437.2547	-593.6859	156.4312	1.656322	0.6608368	0.18874	1.098313
21690	-437.6871	-594.353	156.6659	1.746873	0.4168901	0.1509439	1.259374
21696	-421.7974	-577.2582	155.4608	1.96958	1.058766	0.3264674	0.9514015
21702	-431.0148	-587.7122	156.6975	1.839265	0.8655676	0.09303936	0.6926456
21708	-429.5701	-585.7309	156.1609	2.209366	0.901096	0.09303936	0.8709418
21714	-422.8324	-579.3401	156.5078	2.002822	0.5783882	0.09303936	1.138196
21720	-418.6448	-574.0372	155.3923	1.593839	1.162748	0.2710426	1.37405
21726	-431.2577	-587.5326	156.2749	1.32315	0.4856818	0.1413006	1.801804
21732	-432.5506	-588.6777	156.1271	1.620905	0.8278417	0.1015719	1.464356
21738	-433.5396	-589.8191	156.2796	1.74813	0.833553	0.1115185	1.201989
21744	-439.4967	-595.5334	156.0367	1.817167	0.833553	0.158372	1.201989
21750	-451.1421	-605.5084	154.3663	1.921721	0.833553	0.917023	1.391982
21756	-460.0335	-614.9846	154.9512	1.7696	0.3282399	0.917023	1.651627
21762	-442.5479	-596.9845	154.4367	1.934842	0.9364841	0.7106148	1.426886
21768	-453.2334	-608.0565	154.8231	1.755777	1.068051	0.4397796	1.481203
21774	-444.7828	-600.6988	155.916	1.755777	0.6850103	0.3616845	1.052697
21780	-444.9499	-601.2656	156.3158	1.961291	0.5057805	0.2333298	1.014656
21786	-436.8732	-592.5461	155.6729	1.969276	1.478389	0.1468821	0.8752143
21792	-435.0063	-590.3961	155.3898	2.087602	1.434919	0.1936016	0.9248372
21798	-432.5897	-588.2591	155.6694	1.905243	1.438006	0.1919145	0.8134576
21804	-433.1961	-588.5297	155.3336	2.26934	1.363293	0.2370908	0.6550997
21810	-425.0084	-581.0782	156.0698	2.364291	0.5342472	0.2782267	0.5396986
21816	-429.3503	-585.2892	155.9389	2.202598	0.4730389	0.4230729	0.7419755
21822	-440.2069	-596.0358	155.8289	2.133068	0.849933	0.3003578	0.5449502
21828	-432.3539	-587.8714	155.5175	1.898793	1.305191	0.2739296	0.8607592
21834	-437.1542	-593.2854	156.1312	1.830889	0.7073618	0.199498	1.126578
21840	-435.5853	-590.6109	155.0256	1.731223	1.21188	0.2241887	1.607173
21846	-430.4917	-586.1599	155.6682	1.710997	0.3791737	0.4115946	1.607173
21852	-433.4784	-589.2991	155.8207	1.389116	0.3791737	0.2894885	1.906442
21858	-435.6479	-592.1025	156.4546	1.600508	0.4874983	0.1117266	1.554452
21864	-436.1144	-591.8371	155.7227	1.446871	0.4874983	0.2291908	1.903946
21870	-431.2512	-587.4351	156.1839	1.480444	0.4874983	0.256051	1.502341
21876	-435.2375	-592.2655	157.028	1.808122	0.4726197	0.09519416	0.9810545
21882	-435.1388	-591.7845	156.6457	1.808122	0.3893526	0.2150782	1.093341
21888	-424.3935	-581.6146	157.2211	1.721261	0.3013169	0.1436672	1.024415
21894	-440.95	-597.8835	156.9335	1.827203	0.3013169	0.2874371	0.7522417
21900	-432.8014	-589.3335	156.5321	1.722519	0.7912105	0.0630639	1.235314
21906	-437.1631	-593.4048	156.2417	1.563594	0.7912105	0.0630639	1.584397
21912	-429.9963	-587.2241	157.2278	1.506814	0.2715723	0.0630639	1.536193
21918	-435.5479	-592.5147	156.9668	1.827451	0.2715723	0.0630639	1.4917
21924	-434.5368	-592.0378	157.501	2.007856	0.2195996	0.1214577	0.6883525
21930	-433.6787	-591.0357	157.3569	2.085233	0.2195996	0.1179103	0.8100544
21936	-440.8086	-598.2362	157.4275	2.367655	0.2593279	0.04544644	0.5663157
21942	-444.5184	-601.4326	156.9142	2.071264	0.4152276	0.126529	0.7788929
21948	-436.4318	-592.3333	155.9015	1.873876	0.7723013	0.3076189	0.9565551
21954	-437.8648	-594.123	156.2583	1.784496	0.6725815	0.1882554	1.125919
21960	-439.6208	-596.7907	157.17	1.980434	0.3301861	0.1317545	0.7611005
21966	-451.3141	-609.5289	158.2148	1.595865	0.1221509	0.08855794	0.9013012
21972	-439.64	-597.0671	157.4271	2.003061	0.2523422	0.1061385	0.7703263
21978	-448.1169	-605.3592	157.2423	2.26962	0.2523422	0.08713454	0.7703263
21984	-460.3227	-617.4261	157.1034	1.942372	0.4758185	0.08713454	0.7703263
21990	-441.6965	-598.9984	157.3018	2.177835	0.4276032	0.03269569	0.6129533
21996	-446.6383	-603.8003	157.162	2.177835	0.2752769	0.1296023	0.6715521
22002	-442.0385	-598.4054	156.367	2.251293	0.7541565	0.1159215	0.5847113
22008	-447.3605	-604.1021	156.7416	2.377959	0.3934849	0.1279711	0.5965844
22014	-451.7157	-609.1333	157.4176	2.044811	0.2378842	0.1279711	0.6276651
22020	-445.6119	-601.5573	155.9454	2.014811	0.5310666	0.3893786	0.9296456
22026	-439.9297	-596.5747	156.645	1.935961	0.5310666	0.1879953	0.7704341
22032	-447.5639	-604.0026	156.4387	2.250472	0.5310666	0.1879953	0.487054
22038	-452.5221	-609.1301	156.608	1.947315	0.4857292	0.1879953	0.8956031
22044	-450.5124	-607.2247	156.7123	1.979637	0.4857292	0.1375434	0.9321388
22050	-449.4232	-606.0786	156.6554	2.010768	0.4872168	0.1375434	0.9568602
22056	-446.8593	-603.0428	156.1835	1.837452	0.8434413	0.1375434	1.109604
22062	-442.4831	-599.2399	156.7569	1.680699	0.3741485	0.1375434	1.345548
22068	-440.5179	-596.6422	156.1243	1.337548	0.5636515	0.1422157	1.807433
22074	-432.6664	-589.8266	157.1602	1.649743	0.3291211	0.19324	0.9279788
22080	-437.1443	-593.2631	156.1188	1.68729	0.4475539	0.2991603	1.365492
22086	-437.7261	-594.9977	157.2717	1.735039	0.2580389	0.1172944	1.154396
22092	-441.2281	-597.8851	156.657	1.997188	0.6250107	0.1342505	0.7222438
22098	-443.5471	-600.0683	156.5212	2.037075	0.6250107	0.1696208	0.6739404
22104	-443.8197	-599.9612	156.1416	1.500363	0.6530727	0.2438444	1.351185
22110	-444.0131	-599.7349	155.7219	1.719959	0.6530727	0.2438444	1.505231
22116	-425.299	-581.951	156.652	1.760696	0.4628438	0.1409492	1.219599
22122	-433.7375	-589.4554	155.7179	1.854433	0.6128404	0.404297	1.156948
22128	-441.4673	-598.4469	156.9796	2.065528	0.3258525	0.09873226	1.041121
22134	-454.5919	-610.8772	156.2853	1.844578	0.7175585	0.1936766	0.9701861
22140	-449.0374	-605.7226	156.6852	1.474601	0.3728553	0.1669947	1.483179
22146	-441.6957	-598.3125	156.6168	1.488264	0.3728553	0.1669947	1.524172
22152	-439.0239	-595.6772	156.6533	1.842158	0.7271521	0.1115829	0.8709129
22158	-440.0131	-597.9583	157.9453	1.924851	0.1341037	0.07879678	0.8295636
22164	-445.603	-603.1256	157.5226	2.261922	0.2062127	0.07879678	0.5243976
22170	-440.1845	-597.7452	157.5607	2.027273	0.2038603	0.07879678	0.8913657
22176	-443.0487	-599.86	156.8113	2.049011	0.4469197	0.1253857	0.8697735
22182	-452.431	-607.7842	155.3532	1.990717	0.9997017	0.4326293	0.875702
22188	-449.9725	-605.706	155.7335	1.929386	0.9997017	0.1811106	1.148693
22194	-451.9794	-608.6065	156.6271	1.942522	0.7182128	0.1116922	0.7914229
22200	-443.5364	-598.5703	155.034	1.446398	1.183499	0.1934604	1.881333
22206	-442.6544	-598.1834	155.529	1.676651	0.6843885	0.3211326	1.51002
22212	-437.4935	-593.1897	155.6962	1.832643	0.6843885	0.3211326	1.256517
22218	-431.6953	-587.6854	155.9902	1.767075	0.4168334	0.3211326	1.408458
22224	-430.8329	-586.6711	155.8382	1.871138	0.8943089	0.2012809	1.150056
22230	-433.5608	-589.5974	156.0366	1.9407	1.177795	0.08853339	1.022769
22236	-437.3767	-592.5086	155.1318	2.179181	2.802213	0.08853339	0.5055373
22242	-440.3912	-598.3731	157.9819	2.107406	0.1471715	0.03494942	0.7584422
22248	-442.2922	-599.4041	157.112	2.107406	0.2526783	0.1705115	0.7308023
22254	-439.9879	-597.6338	157.646	2.118079	0.2526783	0.03633593	0.7594567
22260	-446.1712	-602.3303	156.1591	2.381581	1.175809	0.03633593	0.6067476
22266	-441.452	-596.633	155.181	2.34046	1.793849	0.1744841	0.5220038
22272	-447.5028	-602.1225	154.6197	2.330466	1.037906	0.7247246	0.7668541
22278	-435.117	-591.4914	156.3744	2.254013	0.489223	0.2220714	0.629886
22284	-427.3714	-583.6728	156.3014	2.218242	0.489223	0.2709848	0.5680596
22290	-424.4993	-580.9649	156.4656	1.976631	0.6279577	0.1939881	0.7343164
22296	-430.9935	-587.7565	156.763	1.730629	0.4320985	0.1927981	1.0417
22302	-430.1461	-586.3153	156.1692	1.770869	0.4909548	0.3656328	1.063404
22308	-437.0771	-592.3801	155.303	1.77117	0.9649738	0.3656328	1.284499
22314	-439.4348	-594.5395	155.1048	2.088515	0.6654022	0.7237218	0.9811067
22320	-455.6165	-610.4	154.7835	1.760772	1.364948	0.4819337	1.247204
22326	-449.2952	-604.5812	155.286	1.685802	0.6268955	0.4819337	1.510792
22332	-440.1576	-596.0038	155.8462	1.98738	0.9252889	0.2271101	0.9257439
22338	-435.3745	-591.8451	156.4706	1.823495	0.446342	0.3262071	0.8617273
22344	-434.4154	-589.8678	155.4524	1.920679	0.8566761	0.3262071	1.201714
22350	-438.7812	-594.5137	155.7325	2.118118	0.8288489	0.231386	1.006219
22356	-432.6959	-589.4119	156.7159	1.965004	0.3555816	0.1683699	1.078987
22362	-436.1188	-593.0098	156.891	1.590394	0.4388663	0.1304222	1.230305
22368	-442.0015	-598.9224	156.921	1.628081	0.6125955	0.05757338	1.206009
22374	-443.0684	-600.2977	157.2293	1.664086	0.6125955	0.02857357	1.019451
22380	-434.7632	-591.7379	156.9747	1.611377	0.3815047	0.1234499	1.256028
22386	-437.9422	-594.5542	156.612	1.764023	0.6408732	0.08655726	1.20231
22392	-437.4618	-594.9063	157.4445	1.97372	0.3060807	0.08655726	0.7169487
22398	-433.3446	-589.9434	156.5988	1.942563	0.4260758	0.2809076	0.7169487
22404	-430.1753	-587.2483	157.0731	1.774512	0.4260758	0.1060639	1.006683
22410	-437.0876	-594.6294	157.5418	1.528069	0.1742009	0.1060639	1.340584
22416	-448.8833	-605.0336	156.1504	1.646123	0.390309	0.2597636	1.528122
22422	-437.9509	-593.8963	155.9453	1.841482	0.9809729	0.2231764	0.9257428
22428	-433.3608	-590.5348	157.174	1.753474	0.3154065	0.104377	1.148993
22434	-442.3734	-597.6938	155.3204	1.762649	0.7712646	0.4436006	1.331067
22440	-440.8663	-597.0606	156.1942	1.612935	0.7511614	0.1550388	1.331067
22446	-439.3535	-596.1882	156.8347	1.752673	0.5002581	0.1081199	1.122053
22452	-449.6633	-606.051	156.3877	1.79078	0.9063661	0.1150364	0.973914
22458	-443.3488	-598.6867	155.3379	1.79078	2.127915	0.1560416	0.947401
22464	-435.616	-590.8039	155.1879	2.020064	2.975822	0.06093871	0.8344687
22470	-429.9977	-585.8875	155.8899	1.889472	1.995601	0.03257921	0.9010233
22476	-421.6249	-577.6067	155.9818	1.99819	1.676306	0.03257921	0.9010233
22482	-433.23	-589.2129	155.983	1.896825	1.386578	0.067839	1.042508
22488	-438.8352	-593.8184	154.9832	2.101302	3.646098	0.04459055	0.7554575
22494	-444.2192	-600.0589	155.8397	2.603401	0.8905685	0.1228186	0.4622434
22500	-442.6445	-599.5873	156.9429	2.535414	0.3444459	0.07059648	0.4652507
22506	-457.8546	-613.1974	155.3428	2.661649	0.8081892	0.2756399	0.337117
22512	-446.9715	-602.5126	155.541	2.232243	1.567932	0.1319869	0.6725808
22518	-453.8245	-609.4455	155.621	2.122541	1.567932	0.1319869	0.7249829
22524	-458.6533	-613.8627	155.2094	1.725059	2.873449	0.05428402	1.18556
22530	-447.3898	-601.4155	154.0257	1.814092	6.126122	0.06097725	1.213805
22536	-447.7656	-599.7523	151.9867	1.819448	28.31755	0.02297119	0.9210073
22542	-444.9974	-596.4082	151.4108	1.564803	28.31755	0.02353308	1.616997
22548	-444.673	-598.6879	154.0149	1.821899	8.765776	0.02353308	0.8627477
22554	-451.4077	-604.9163	153.5087	1.794778	12.55738	0.02353308	0.8165447
22560	-446.8809	-600.2519	153.371	1.918967	12.55738	0.01695347	0.8424944
22566	-436.1959	-589.4754	153.2796	1.980936	13.41994	0.01695347	0.7333022
22572	-435.7787	-590.3722	154.5935	1.919419	5.683142	0.02157369	0.8302355
22578	-453.4308	-608.0419	154.6112	1.860478	5.45723	0.02157369	0.9441514
22584	-444.9776	-599.1421	154.1645	1.830913	7.162891	0.03897197	0.956495
22590	-454.9571	-608.492	153.5349	1.755433	10.01021	0.05632741	1.060846
22596	-451.1897	-604.6306	153.4409	1.741518	10.01021	0.06419082	1.124569
22602	-449.9908	-604.5252	154.5344	1.627786	5.323456	0.03665016	1.213722
22608	-443.2771	-598.4077	155.1307	1.790834	3.423807	0.0709924	0.9014535
22614	-436.9552	-587.9326	150.9774	1.541563	33.05937	0.006969898	1.660556
22620	-451.0548	-602.4734	151.4186	1.747377	33.05937	0.010701	1.225391
22626	-437.8021	-589.7089	151.9068	1.594972	26.99842	0.008447648	1.225391
22632	-436.8516	-588.6302	151.7786	1.567544	26.85341	0.03908418	1.362781
22638	-440.1892	-591.57	151.3808	1.598018	32.405	0.03271948	1.402063
22644	-443.6742	-598.4488	154.7746	2.1272	4.078544	0.05090044	0.7571647
22650	-447.5687	-603.038	155.4693	1.87896	1.044849	0.3762962	0.9414939
22656	-444.455	-599.6322	155.1772	1.908077	1.952959	0.1873851	0.9910666
22662	-447.3733	-604.0382	156.6649	2.069176	0.346338	0.1873851	0.9873983
22668	-439.8105	-596.447	156.6364	1.910932	0.346338	0.248177	1.000972
22674	-443.814	-600.2691	156.4551	1.922074	0.6604074	0.192097	0.7729135
22680	-436.58	-593.0958	156.5157	2.198998	0.4123712	0.2496556	0.5489777
22686	-431.943	-588.5452	156.6022	2.105182	0.5768299	0.1224695	0.8108874
22692	-436.2927	-593.6094	157.3167	2.220625	0.3430592	0.05941621	0.5217882
22698	-436.5945	-591.9941	155.3996	2.384603	1.191026	0.2376893	0.4854972
22704	-437.6634	-593.3727	155.7093	2.110564	1.065569	0.2376893	0.7265995
22710	-433.5137	-589.0561	155.5424	2.352909	0.4989076	0.5556913	0.708533
22716	-433.991	-589.4967	155.5057	2.26557	1.211062	0.2292161	0.6041021
22722	-443.1403	-599.6868	156.5465	2.303418	0.4617634	0.1621442	0.6512957
22728	-438.2832	-594.1868	155.9035	2.165703	1.12509	0.1621442	0.5255492
22734	-438.5318	-594.408	155.8761	2.209752	0.7731698	0.2432249	0.7747323
22740	-449.4766	-605.3764	155.8998	1.963609	1.669142	0.06656076	0.8482039
22746	-448.7037	-603.8984	155.1948	1.899176	2.339166	0.1589734	0.8468782
22752	-445.5103	-602.447	156.9367	2.123132	0.244855	0.2010624	0.8468782
22758	-440.3319	-597.5441	157.2122	1.847564	0.244855	0.2010624	0.8468782
22764	-450.3572	-606.586	156.2288	2.397463	0.6314228	0.1596432	0.4488271
22770	-433.412	-589.5457	156.1336	2.220133	0.9553879	0.1286981	0.5221864
22776	-444.5701	-601.0985	156.5283	2.140004	0.7877386	0.08757037	0.6585048
22782	-442.6786	-599.6921	157.0135	2.267356	0.3599981	0.1082594	0.51078
22788	-432.6344	-589.4068	156.7724	2.267356	0.3599981	0.1732316	0.5513669
22794	-440.1703	-595.399	155.2287	2.340239	1.149763	0.3405771	0.5550627
22800	-457.5692	-613.2412	155.672	2.02968	0.9341804	0.2701316	0.9361108
22806	-450.2278	-606.6963	156.4685	2.149916	0.6263792	0.1591317	0.6132499
22812	-429.7396	-586.0801	156.3405	2.294891	0.6263792	0.1591317	0.5531224
22818	-429.5152	-586.0303	156.515	2.435029	0.5428205	0.1091338	0.4830372
22824	-432.5316	-589.4514	156.9197	2.147129	0.4504529	0.1108171	0.6340989
22830	-431.2762	-588.3538	157.0776	2.119582	0.4504529	0.08545731	0.569151
22836	-432.6516	-588.8929	156.2413	1.81166	1.044373	0.1445101	0.8317607
22842	-436.4143	-592.1178	155.7035	1.800889	1.813557	0.1018783	0.9650126
22848	-426.0485	-581.8872	155.8388	2.060245	1.813557	0.04715016	0.8055465
22854	-438.9402	-594.3485	155.4084	2.168291	1.520436	0.06863422	1.220662
22860	-434.5483	-589.7334	155.1851	2.170506	2.48048	0.09983021	0.6898697
22866	-438.653	-592.8882	154.2352	2.037384	3.676484	0.284391	0.6898697
22872	-440.9954	-595.9502	154.9548	1.67572	2.939998	0.09454774	1.258132
22878	-439.2469	-594.9098	155.6629	1.924156	1.817226	0.09454774	0.9073846
22884	-434.1036	-589.8992	155.7957	1.90276	0.969374	0.07235468	1.484803
22890	-436.9677	-592.4355	155.4678	2.12967	2.241183	0.0467642	0.8732108
22896	-434.1719	-590.1809	156.009	2.314791	0.9042763	0.1491782	0.5750797
22902	-429.6002	-584.808	155.2078	2.318767	1.907328	0.1491782	0.5750797
22908	-434.683	-591.0628	156.3798	2.203812	0.9976664	0.0584928	0.6435597
22914	-436.6783	-593.5328	156.8545	2.135601	0.5834554	0.05875664	0.796116
22920	-435.4889	-593.0334	157.5445	2.191995	0.2979148	0.03887455	0.5509143
22926	-439.5711	-596.452	156.8809	2.563642	0.2979148	0.09171023	0.3669896
22932	-428.4794	-585.2284	156.749	2.408174	0.2979148	0.1794787	0.545285
22938	-431.6232	-586.5332	154.91	2.474457	0.9615198	0.5379701	0.5778345
22944	-430.4045	-587.4872	157.0827	2.250191	0.3799704	0.0860873	0.5389339
22950	-440.5694	-596.5506	155.9812	2.210214	0.8393768	0.2143852	0.5657085
22956	-438.8254	-595.1696	156.3441	2.330744	0.5686523	0.1737374	0.4720559
22962	-434.2307	-590.835	156.6042	2.536672	0.4366425	0.09693626	0.3724992
22968	-434.4529	-589.5889	155.136	2.670593	1.3447	0.1421651	0.2761765
22974	-450.4432	-606.8096	156.3665	2.245934	0.5448713	0.1726696	0.7639308
22980	-448.2388	-604.5513	156.3125	1.963699	0.8018917	0.1365102	0.9072
22986	-431.1665	-587.2709	156.1044	1.800432	1.133618	0.1491849	0.8889265
22992	-434.8926	-590.8429	155.9503	1.988561	0.7205823	0.2434986	1.016131
22998	-436.6982	-591.8523	155.1541	2.01617	1.462177	0.3454253	0.8105587
23004	-423.2558	-579.5868	156.331	2.138922	0.8850575	0.1138992	0.599008
23010	-433.1891	-587.9692	154.7801	2.105753	1.736795	0.4254502	0.7141915
23016	-430.9534	-586.3744	155.421	2.105753	0.7770173	0.5470129	0.693542
23022	-431.6281	-587.3398	155.7117	2.285492	0.4522903	0.5470129	0.693542
23028	-447.4792	-602.9724	155.4932	2.320571	0.5326708	0.5823864	0.6848249
23034	-449.8099	-605.4454	155.6355	2.351747	0.5326708	0.4931689	0.6123653
23040	-434.3534	-590.2579	155.9045	1.656251	0.5348194	0.4859278	1.141264
23046	-427.2697	-583.7197	156.45	1.717458	0.4743387	0.3080518	0.9906596
23052	-425.6882	-581.968	156.2798	1.668538	0.828814	0.221816	0.9327419
23058	-424.8613	-579.5531	154.6919	1.701077	1.330366	0.5902243	1.253943
23064	-435.0212	-589.4774	154.4562	1.762871	1.330366	0.60866	1.372749
23070	-433.598	-588.0594	154.4614	1.854875	1.478667	0.60866	1.19925
23076	-436.4167	-592.6678	156.2511	1.89732	0.5039477	0.2805865	1.024524
23082	-433.3156	-589.7536	156.438	1.89732	0.4821964	0.242864	0.9696985
23088	-434.1594	-589.9377	155.7783	1.995354	0.7230938	0.3300211	0.9696373
23094	-439.157	-594.8102	155.6531	2.172439	0.7230938	0.4113728	0.6932078
23100	-436.9043	-592.8615	155.9572	2.291919	0.6159926	0.3017877	0.5710712
23106	-446.7034	-602.3435	155.64	2.084317	1.231013	0.2180117	0.7277364
23112	-450.2812	-607.1558	156.8746	2.140814	0.4118743	0.1362654	0.6835277
23118	-444.5742	-600.7806	156.2064	1.763951	0.4118743	0.3916276	1.11719
23124	-434.8625	-592.0405	157.178	1.837652	0.4679364	0.04229692	1.060104
23130	-431.8423	-589.2885	157.4462	1.851427	0.3348698	0.0524408	0.9859998
23136	-429.8987	-587.3456	157.4469	1.857967	0.3053978	0.0524408	1.043819
23142	-434.6034	-592.1641	157.5607	2.052209	0.2334326	0.0848267	0.7080088
23148	-439.63	-597.3163	157.6862	1.992668	0.2334326	0.0848267	0.5341587
23154	-428.9506	-585.0167	156.0661	2.323409	0.7535907	0.1706135	0.6662193
23160	-429.6717	-585.2759	155.6043	2.119237	1.182902	0.209762	0.821443
23166	-428.7975	-583.6904	154.8929	2.369318	0.7240743	0.7205715	0.821443
23172	-437.1263	-592.0828	154.9566	2.445655	0.7240743	0.7205715	0.5589037
23178	-437.842	-592.6307	154.7887	2.613539	0.7240743	0.7205715	0.5589037
23184	-436.3377	-591.2271	154.8894	2.519239	0.7240743	0.7205715	0.5045903
23190	-440.9991	-596.5319	155.5328	2.419474	0.7240743	0.3719799	0.5690586
23196	-453.1207	-608.724	155.6033	2.325401	0.7240743	0.3719799	0.6380593
23202	-454.6336	-611.3302	156.6966	2.117141	0.4370887	0.1901413	0.6286447
23208	-449.2176	-605.5421	156.3245	2.011735	0.8721399	0.1273849	0.7761057
23214	-446.7626	-601.834	155.0715	2.202861	1.850051	0.2208343	0.7159252
23220	-445.328	-601.3628	156.0348	2.642048	0.827821	0.05051168	0.2657587
23226	-447.6071	-603.651	156.0439	2.456157	1.055681	0.07103978	0.4887318
23232	-451.1687	-606.5699	155.4012	2.65093	0.8557237	0.2408883	0.3515909
23238	-456.4133	-612.7447	156.3314	2.622948	0.5720933	0.08496595	0.3515909
23244	-443.5549	-599.2282	155.6733	2.58761	0.6648455	0.2540357	0.3625253
23250	-444.8008	-601.3292	156.5284	2.098808	0.7976847	0.1002002	0.594846
23256	-442.9805	-598.5939	155.6134	2.28501	0.8157097	0.3457396	0.5553453
23262	-438.7876	-595.0131	156.2255	2.057915	0.57804	0.157701	1.118874
23268	-433.1825	-589.5078	156.3253	1.520339	0.8029081	0.157701	1.241034
23274	-430.3705	-586.3673	155.9968	1.747623	0.9938174	0.1560821	1.154769
23280	-435.722	-591.985	156.263	2.013249	0.9938174	0.1056185	0.8009697
23286	-440.1818	-595.5013	155.3195	1.676032	0.9938174	0.4185759	1.239655
23292	-440.35	-596.4777	156.1277	2.143613	0.4961376	0.3473137	0.7118724
23298	-438.0471	-593.5466	155.4995	1.954892	0.7180042	0.3534998	1.223754
23304	-442.5279	-599.0368	156.5089	1.526308	0.4283169	0.2560693	1.294469
23310	-448.8084	-605.0064	156.1979	1.731372	0.6907917	0.2474112	1.05269
23316	-438.6657	-594.5353	155.8697	2.053034	0.7159625	0.1404038	1.315363
23322	-434.6621	-590.7813	156.1192	2.047986	0.7159625	0.1235598	1.163123
23328	-432.7956	-589.188	156.3924	1.918641	0.6294458	0.1235598	1.138479
23334	-439.7854	-594.9892	155.2038	2.154727	0.6294458	0.3668019	1.375721
23340	-444.3578	-600.0295	155.6716	1.714403	0.9595681	0.2749523	1.198101
23346	-449.6601	-605.3929	155.7328	1.598865	0.8388065	0.1838846	1.543497
23352	-448.3061	-604.1315	155.8255	1.64699	0.7644529	0.3153634	1.229458
23358	-446.6011	-602.4374	155.8363	1.776008	0.6793927	0.3153634	1.202641
23364	-451.1896	-606.9053	155.7157	1.59455	0.818204	0.2574326	1.420391
23370	-453.7094	-607.539	153.8296	1.985446	0.818204	0.9383797	1.736645
23376	-450.0365	-604.8961	154.8595	2.231227	0.690254	0.817712	0.9343693
23382	-445.9823	-602.522	156.5398	2.048481	0.4968105	0.2113392	0.7384638
23388	-451.7037	-607.8756	156.1719	2.124427	0.5679336	0.2971706	0.6620594
23394	-445.2887	-600.8686	155.5799	1.928391	1.686411	0.1437254	0.8733516
23400	-447.2341	-602.5933	155.3592	1.949258	1.686411	0.1571765	1.034291
23406	-447.9591	-602.4743	154.5152	1.81471	2.417694	0.425064	0.9288642
23412	-437.1207	-591.6289	154.5082	2.258414	0.8594896	0.8710258	0.9953132
23418	-452.3055	-605.2356	152.9301	2.072093	2.232441	1.011528	1.489281
23424	-453.9332	-608.4377	154.5045	2.217054	0.8453543	1.011528	0.9041669
23430	-451.8813	-605.6815	153.8002	2.072741	1.536332	1.011528	1.132722
23436	-449.0162	-602.828	153.8118	2.286493	1.09297	1.011528	1.251006
23442	-450.8266	-605.5241	154.6976	1.272656	1.208733	0.1406319	2.317186
23448	-440.6966	-595.9171	155.2205	1.711141	1.208733	0.06924376	1.881466
23454	-422.8667	-578.5335	155.6668	2.482376	0.6484786	0.2681909	0.8190585
23460	-431.5736	-587.5921	156.0185	2.228123	0.8857247	0.181365	0.5121445
23466	-435.8201	-592.5808	156.7607	2.013652	0.538218	0.1249579	0.7875764
23472	-441.7514	-597.1596	155.4082	2.076387	1.289407	0.3001263	0.6940551
23478	-442.2529	-597.6447	155.3918	2.170924	1.371946	0.255339	0.6209247
23484	-433.9982	-590.0982	156.1	2.254964	0.6885553	0.2033762	0.695424
23490	-416.6034	-572.6762	156.0728	2.32963	0.6955249	0.2033762	0.4547252
23496	-428.5487	-585.4144	156.8657	2.420656	0.3119323	0.1324507	0.4555162
23502	-435.911	-590.8066	154.8956	2.527311	1.504738	0.2692992	0.3891623
23508	-437.2736	-593.3293	156.0557	2.541208	0.9403352	0.07503338	0.4945581
23514	-435.7602	-591.0903	155.3301	2.344778	2.12288	0.07503338	0.37537
23520	-434.5156	-589.626	155.1104	2.226121	1.592785	0.2898758	0.5327222
23526	-432.4316	-588.0406	155.609	2.215018	1.28289	0.1950439	0.5472395
23532	-434.1392	-589.3751	155.236	2.063488	1.857807	0.2115001	0.7104069
23538	-436.0452	-591.1986	155.1534	2.215418	1.857807	0.2115001	0.5107971
23544	-433.2139	-589.0065	155.7926	2.182844	0.7879852	0.2670322	0.8167213
23550	-436.7491	-593.5152	156.7662	2.027082	0.336894	0.2670322	0.6414465
23556	-437.5644	-594.7228	157.1584	2.265132	0.336894	0.08070337	0.622996
23562	-453.7167	-610.4434	156.7267	1.995631	0.4855393	0.1382681	0.8959822
23568	-447.6602	-604.4356	156.7754	1.990308	0.537847	0.1382681	0.7278157
23574	-441.0381	-597.2432	156.2052	1.849934	0.7985313	0.1382681	1.123405
23580	-445.8593	-600.9228	155.0636	2.232626	0.7985313	0.5091766	1.017977
23586	-431.46	-587.1636	155.7036	2.242843	0.7324614	0.3536952	0.6583918
23592	-446.4864	-602.1351	155.6487	2.45279	0.7324614	0.3019057	0.5181867
23598	-438.2119	-593.9068	155.6949	2.483268	0.6738241	0.3019057	0.4951652
23604	-444.5251	-600.2093	155.6842	2.493948	0.6738241	0.3019057	0.4951652
23610	-433.2109	-589.4276	156.2167	2.277833	0.6122786	0.2090878	0.5714649
23616	-422.8222	-579.1449	156.3227	2.000559	0.6652617	0.2090878	0.768131
23622	-441.0743	-598.3062	157.2319	1.970516	0.2550817	0.1125379	0.9960953
23628	-440.9791	-598.3781	157.3991	1.923113	0.2586861	0.05862442	1.104777
23634	-438.9437	-595.0823	156.1386	1.957883	0.4856394	0.3558143	0.9359985
23640	-453.5005	-611.3294	157.8289	1.741907	0.2586861	0.05862442	0.8484806
23646	-441.6331	-597.606	155.9729	2.068953	0.6075924	0.1922873	1.195142
23652	-446.6429	-603.0898	156.4469	1.791537	0.4745765	0.1922873	1.205499
23658	-435.3029	-591.9787	156.6759	1.641718	0.4170907	0.1239845	1.414186
23664	-438.7095	-595.3805	156.6711	1.650825	0.4415174	0.1999919	1.163405
23670	-438.3271	-594.4132	156.0861	1.674441	0.6988469	0.231381	1.231983
23676	-441.8993	-597.6553	155.756	1.721216	1.480909	0.06771775	1.329969
23682	-438.8561	-594.7777	155.9216	1.771874	1.282644	0.06771775	1.280551
23688	-432.3669	-588.8107	156.4439	1.736993	0.5091596	0.2463054	1.068407
23694	-443.6075	-600.5467	156.9392	1.643835	0.4657871	0.1394976	1.068255
23700	-436.8867	-593.0517	156.165	1.553294	0.8553321	0.1742707	1.251084
23706	-437.8085	-593.4237	155.6152	1.77066	0.874482	0.2865946	1.251084
23712	-437.9422	-593.48	155.5378	1.646549	0.5393936	0.3301251	1.66324
23718	-435.8019	-590.6757	154.8738	1.811955	0.9308127	0.3301251	1.66324
23724	-426.7149	-582.7624	156.0476	1.717892	0.3590743	0.2900302	1.542499
23730	-424.4893	-581.1866	156.6973	1.713356	0.3590743	0.135634	1.39647
23736	-423.6534	-580.4666	156.8132	1.661745	0.3590743	0.2757474	0.9763336
23742	-429.9897	-586.1457	156.156	1.770425	0.7322451	0.1970503	1.136671
23748	-432.7711	-587.2887	154.5176	1.81251	0.7322451	0.9440601	1.431456
23754	-438.3625	-594.2534	155.8909	1.843198	0.9878863	0.1008691	1.343649
23760	-433.9333	-589.5704	155.6371	1.645141	0.9878863	0.1003575	1.683363
23766	-438.0011	-593.401	155.3999	1.489343	1.136859	0.1515458	1.721621
23772	-435.3821	-591.7591	156.377	1.510947	0.5494031	0.1515458	1.493316
23778	-445.0956	-601.4437	156.3481	1.461113	0.4162607	0.1821565	1.642898
23784	-449.6901	-605.9608	156.2706	1.538552	0.4162607	0.1821565	1.642898
23790	-454.4744	-610.1624	155.688	1.437159	0.4737294	0.336548	1.771133
23796	-464.8359	-621.3008	156.4649	1.618124	0.3711656	0.336548	1.18803
23802	-460.1737	-614.901	154.7274	2.041828	0.6523637	0.8083262	1.285591
23808	-443.1052	-598.2723	155.1671	1.902431	0.4579735	0.8083262	1.285591
23814	-445.262	-599.4313	154.1693	2.059456	0.5270429	1.108841	1.602543
23820	-438.1361	-593.2988	155.1627	1.94031	0.5270429	0.6510042	1.326197
23826	-436.573	-592.9367	156.3638	1.489657	0.6326362	0.154114	1.419604
23832	-431.4368	-586.6658	155.229	1.822053	1.013764	0.2972108	1.383358
23838	-439.8347	-595.9544	156.1197	2.075728	0.5642274	0.3230918	0.744182
23844	-436.1339	-592.2927	156.1588	1.883161	0.5642274	0.3230918	0.9351595
23850	-433.8005	-590.9359	157.1354	1.944001	0.4967088	0.06476965	0.8186744
23856	-443.9903	-600.3828	156.3924	1.698022	0.6457636	0.1717372	1.162514
23862	-437.8076	-593.8332	156.0256	1.851869	0.9106023	0.1803169	1.038303
23868	-439.3624	-596.0542	156.6918	2.111236	0.3380918	0.2116982	0.8510393
23874	-438.6921	-595.8608	157.1687	2.122739	0.3380918	0.1008119	0.7059291
23880	-435.4824	-591.8735	156.3911	1.855095	0.4667651	0.3696818	0.7566621
23886	-435.1402	-591.0438	155.9036	2.179221	0.567782	0.3696818	0.7566621
23892	-428.3295	-584.4162	156.0866	2.096694	0.567782	0.3548776	0.630281
23898	-441.2982	-596.9145	155.6163	1.788901	0.8718932	0.2911068	1.228218
23904	-440.3299	-596.1876	155.8577	1.999621	0.6457477	0.3429057	0.9601144
23910	-445.6759	-601.613	155.9371	2.034596	1.136103	0.1021424	1.007079
23916	-434.7969	-590.7755	155.9785	1.861639	0.8316044	0.2337379	1.007079
23922	-434.1753	-590.4723	156.297	2.072879	0.6157946	0.1986653	0.8382547
23928	-435.015	-591.102	156.0869	2.019139	0.7017322	0.2172655	0.9437873
23934	-437.2794	-592.6642	155.3848	2.199438	0.9372876	0.330947	0.9059078
23940	-432.5065	-588.2841	155.7775	2.167349	0.9372876	0.2244986	0.7848499
23946	-437.6679	-593.6546	155.9867	2.346305	0.482878	0.3531506	0.6029983
23952	-437.4802	-594.1167	156.6364	2.07364	0.4157504	0.1897246	0.8539859
23958	-438.6299	-594.7156	156.0856	2.387655	0.8295768	0.1266143	0.393617
23964	-438.5741	-592.6606	154.0865	2.806162	0.9719415	0.9213785	0.4753644
23970	-446.4107	-600.9889	154.5782	2.264147	0.9719415	0.9213785	0.6782558
23976	-446.2428	-601.1337	154.8909	2.493703	0.7526117	0.6671947	0.6906165
23982	-449.2241	-603.8906	154.6665	2.768495	0.7526117	0.6671947	0.5653866
23988	-444.5472	-599.045	154.4978	2.745506	0.5344597	1.12405	0.4989421
23994	-447.6732	-601.8112	154.138	2.801513	0.5554036	1.450736	0.5155163
24000	-445.9308	-600.207	154.2762	2.463335	0.6679031	1.450736	0.6526605
24006	-445.3671	-599.648	154.2809	2.463335	0.7541315	1.291773	0.6719623
24012	-447.1107	-602.0286	154.9178	2.364414	0.4758256	1.008864	0.8473959
24018	-445.5636	-601.9168	156.3531	2.160259	0.4943742	0.2566312	0.6601268
24024	-421.7372	-578.4594	156.7221	2.208396	0.4344513	0.160383	0.5825955
24030	-423.2313	-579.5616	156.3303	1.960698	0.7139875	0.160383	0.9172105
24036	-428.2902	-583.9778	155.6876	2.089502	0.7139875	0.4343854	0.7228209
24042	-432.6722	-587.5349	154.8627	2.169026	1.495358	0.4343854	0.7228209
24048	-436.7723	-592.5585	155.7862	2.117449	1.495358	0.08794189	0.826677
24054	-440.0411	-595.8194	155.7783	2.117449	0.5751385	0.4169783	0.8660221
24060	-442.5527	-598.7559	156.2032	2.046208	0.5751385	0.2551328	0.8660221
24066	-444.4799	-600.5638	156.0839	2.075967	0.3874724	0.4339655	0.8953002
24072	-439.1847	-595.5448	156.3602	1.921999	0.7106708	0.1483277	0.9752531
24078	-442.0476	-598.5435	156.4959	1.528939	0.7798223	0.1483277	1.138165
24084	-435.5922	-591.8501	156.2579	1.786371	0.6445861	0.2769599	0.9231823
24090	-443.8862	-599.8978	156.0116	1.960105	0.6445861	0.2486538	1.068356
24096	-448.2399	-606.0498	157.8099	1.359585	0.2214023	0.07116244	1.2705
24102	-441.3234	-598.9346	157.6112	1.814362	0.1750788	0.07116244	1.171593
24108	-438.4606	-596.1493	157.6887	1.714811	0.2422633	0.08874472	0.9265083
24114	-454.5511	-611.4135	156.8624	1.923578	0.5776928	0.1048019	0.7990568
24120	-442.4538	-598.3499	155.8961	1.666744	1.249163	0.06326183	1.423717
24126	-435.0242	-590.8002	155.776	1.676588	1.249163	0.06326183	1.507399
24132	-428.2174	-584.9837	156.7664	1.676588	0.5823407	0.06326183	1.307446
24138	-434.3233	-590.9763	156.653	1.66157	0.6142167	0.06326183	1.372789
24144	-434.4855	-589.6279	155.1424	2.087828	2.304008	0.06326183	1.126276
24150	-423.6453	-579.9735	156.3282	1.980383	0.7862189	0.1826201	0.6717406
24156	-430.6432	-586.749	156.1058	1.980383	0.6598468	0.2395127	0.9585659
24162	-434.3037	-590.3737	156.07	1.983228	0.7393205	0.06159111	1.452121
24168	-432.3372	-588.7257	156.3886	2.139498	0.7586167	0.1036257	0.8231385
24174	-438.8123	-595.1543	156.3419	2.049923	0.7338162	0.1396945	0.8558588
24180	-432.6808	-589.6892	157.0084	2.122976	0.4478336	0.08096806	0.7576346
24186	-434.5038	-590.8074	156.3036	1.735142	0.7040021	0.08752124	1.40402
24192	-441.4283	-597.8308	156.4026	1.46445	0.7524974	0.08752124	1.48841
24198	-432.6346	-587.8833	155.2488	1.661845	0.7524974	0.3156753	1.670713
24204	-432.8732	-588.6377	155.7645	1.536694	0.5158955	0.2222126	1.794944
24210	-440.549	-596.6778	156.1287	1.593923	0.4372325	0.2222126	1.591325
24216	-436.7817	-593.1439	156.3623	1.504037	0.5983951	0.1736529	1.396849
24222	-440.0855	-596.0371	155.9516	1.745567	0.8993298	0.1736529	1.229838
24228	-436.1616	-592.323	156.1614	1.790333	0.8993298	0.1736529	0.9982472
24234	-425.1268	-581.6925	156.5658	1.711222	0.4796685	0.1446423	1.297092
24240	-435.2477	-592.1874	156.9397	1.971822	0.4796685	0.0761547	0.9793282
24246	-424.0963	-579.4372	155.3409	2.006685	1.054667	0.3523339	0.983524
24252	-425.1772	-580.278	155.1008	2.371376	1.149011	0.3523339	0.7246172
24258	-421.6811	-577.6224	155.9413	2.360971	0.7094691	0.2338067	0.5044097
24264	-431.6658	-588.2211	156.5553	2.209189	0.3998414	0.2338067	0.6095216
24270	-436.2495	-592.9661	156.7165	2.270071	0.4078755	0.1559035	0.6095216
24276	-441.5583	-598.1784	156.6201	2.655894	0.2033568	0.2060443	0.3556676
24282	-436.2946	-593.5327	157.2381	2.317827	0.2033568	0.1362803	0.5203082
24288	-444.15	-601.8021	157.652	2.208877	0.2033568	0.06458454	0.5203082
24294	-442.8403	-600.0927	157.2524	2.408534	0.2654773	0.06458454	0.3848678
24300	-439.3958	-595.3629	155.9671	2.819226	0.6873775	0.06458454	0.2695409
24306	-438.8306	-594.3065	155.4759	2.819226	0.5841788	0.2785891	0.3410634
24312	-448.597	-604.1265	155.5295	2.735346	0.5841788	0.2911856	0.3410634
24318	-444.0576	-600.2286	156.1711	2.601119	0.3019633	0.2911856	0.3314373
24324	-450.2323	-605.5162	155.2839	2.863616	0.6000451	0.3299663	0.3352161
24330	-438.7516	-594.297	155.5454	2.648588	0.6000451	0.3299663	0.3986728
24336	-440.2141	-595.6415	155.4273	2.703245	0.6000451	0.3299663	0.3192008
24342	-444.0039	-599.7889	155.785	2.096987	1.133922	0.212147	0.6198466
24348	-430.0326	-586.2882	156.2556	2.383494	0.5165128	0.212147	0.4732264
24354	-432.7392	-588.9894	156.2502	1.998317	0.7767465	0.212147	0.6343307
24360	-434.6423	-591.2166	156.5743	2.057665	0.7767465	0.1034299	0.614033
24366	-437.4958	-593.1249	155.6291	2.114818	0.8503565	0.3239792	0.8479903
24372	-434.4781	-590.1314	155.6533	2.064328	0.8738791	0.3239792	0.8479903
24378	-433.7726	-589.9078	156.1352	2.049865	0.7962928	0.1723691	0.8774403
24384	-453.1886	-610.0315	156.8429	2.531676	0.3145933	0.09553426	0.3482332
24390	-447.423	-604.3243	156.9013	2.062151	0.3678348	0.1479325	0.8268686
24396	-436.3308	-592.9983	156.6675	2.004424	0.569978	0.1224183	0.8676941
24402	-443.7368	-600.9905	157.2536	1.975023	0.3814305	0.08199621	0.7902228
24408	-455.1394	-612.5964	157.457	1.950611	0.3271507	0.03906558	0.9587759
24414	-446.2101	-603.0575	156.8474	2.05403	0.4793647	0.1129854	0.809195
24420	-436.6027	-593.6277	157.025	1.860261	0.4793647	0.1129854	0.8299539
24426	-439.9122	-596.3754	156.4632	2.144329	0.8280548	0.07672358	0.7650429
24432	-429.9441	-586.3042	156.3601	2.108977	0.4301471	0.3118998	0.7034842
24438	-427.6865	-584.1587	156.4722	1.976052	0.6686021	0.1613613	0.7956732
24444	-433.9095	-590.3983	156.4887	1.905	0.5410604	0.187198	0.9753366
24450	-430.3443	-586.7064	156.3621	2.372822	0.4012026	0.2417971	0.3937372
24456	-443.5517	-599.6042	156.0525	2.770671	0.360463	0.2417971	0.4080482
24462	-435.1997	-591.7339	156.5343	2.427305	0.2974957	0.2417971	0.4080482
24468	-437.3838	-593.2889	155.9051	2.491962	0.5641224	0.2678737	0.4080482
24474	-441.1057	-597.9286	156.8229	2.341104	0.3924987	0.1158821	0.4043762
24480	-428.2594	-584.19	155.9307	2.559786	0.5562911	0.2368649	0.4098398
24486	-435.459	-590.9344	155.4754	2.681406	0.7029589	0.2714828	0.3507756
24492	-433.3161	-589.4596	156.1436	2.661809	0.36606	0.2408018	0.3904027
24498	-438.9742	-594.8677	155.8935	2.675333	0.36606	0.3047275	0.3035054
24504	-448.5961	-604.4345	155.8384	2.872343	0.36606	0.2564336	0.3239445
24510	-438.6923	-595.2524	156.5601	2.477202	0.36606	0.1664693	0.4131841
24516	-442.4416	-599.106	156.6645	2.220442	0.4459164	0.1664693	0.5973819
24522	-437.0032	-593.4226	156.4195	2.227076	0.4459164	0.2472036	0.5994256
24528	-428.0508	-584.985	156.9342	2.123721	0.4459164	0.1137657	0.6458622
24534	-431.0634	-587.8411	156.7777	2.270303	0.4652174	0.1165325	0.5168633
24540	-435.9295	-592.3577	156.4283	2.439234	0.428099	0.1772761	0.3849876
24546	-440.3512	-596.1254	155.7743	2.311572	0.428099	0.5559674	0.5236725
24552	-433.4555	-588.7943	155.3388	2.545432	0.5231075	0.5559674	0.3719435
24558	-439.3045	-593.6649	154.3604	2.373759	1.2644	0.7836153	0.6660066
24564	-432.4031	-587.9322	155.5291	2.362648	1.2644	0.1748243	0.5919101
24570	-439.4104	-594.5597	155.1492	2.236075	2.40886	0.1116443	0.5919101
24576	-433.2561	-589.0585	155.8025	2.287637	1.617282	0.05296586	0.6629856
24582	-444.9446	-601.7983	156.8537	2.259749	0.6345241	0.03582409	0.6629856
24588	-438.0206	-594.9732	156.9527	2.044826	0.5082967	0.07952705	0.8092313
24594	-439.5114	-596.6508	157.1393	2.073464	0.5082967	0.0412461	0.7708444
24600	-436.5806	-594.2835	157.7029	2.207308	0.2264282	0.0412461	0.4735447
24606	-432.4105	-589.2453	156.8347	1.999869	0.4585694	0.1504355	0.7570708
24612	-433.8264	-589.9282	156.1018	2.325465	0.8169929	0.1504355	0.503391
24618	-436.2479	-591.863	155.6151	2.338187	0.7571689	0.3556311	0.503391
24624	-427.3945	-582.9941	155.5996	2.351415	0.7571689	0.3556311	0.5340533
24630	-436.6779	-592.8775	156.1997	2.109104	0.7942351	0.1937738	0.4569114
24636	-438.8113	-595.3824	156.5711	1.81977	0.5728175	0.1924303	0.9093203
24642	-436.1013	-593.2117	157.1104	1.847094	0.4222379	0.1037105	0.9093203
24648	-438.475	-593.8776	155.4027	1.906491	0.8607305	0.4665886	1.005355
24654	-416.0961	-572.3486	156.2526	1.794171	1.077457	0.1164225	0.9251367
24660	-421.8584	-578.8857	157.0273	1.954764	0.3679437	0.1545287	0.7708802
24666	-428.1168	-583.6784	155.5615	1.955908	1.718259	0.1728231	0.6927098
24672	-428.9519	-585.5034	156.5515	2.03776	0.9419738	0.05263695	0.7799437
24678	-435.476	-591.3525	155.8765	2.171206	0.7895534	0.2248618	0.8628409
24684	-425.8966	-582.2461	156.3495	1.936921	0.7727118	0.1542621	0.8628409
24690	-437.1397	-593.3253	156.1857	1.95027	0.7727118	0.1510936	1.034116
24696	-430.2303	-586.5789	156.3485	1.787397	0.7727118	0.1510936	1.034116
24702	-425.6151	-581.6396	156.0245	1.694362	0.8840894	0.1152202	1.395202
24708	-436.0143	-592.9291	156.9148	1.909677	0.4958228	0.1433966	0.712299
24714	-429.9478	-587.1938	157.2461	1.952226	0.2598938	0.1433966	0.8596765
24720	-426.5764	-584.1814	157.605	1.908804	0.2598938	0.07706069	0.8042177
24726	-439.2735	-596.3159	157.0424	1.777531	0.3233236	0.1068552	1.217899
24732	-424.9288	-582.49	157.5612	1.842413	0.2145651	0.1134624	0.895498
24738	-443.0244	-599.4669	156.4425	1.800679	0.6807277	0.1107134	1.181323
24744	-430.0929	-586.5173	156.4245	1.590697	0.5470476	0.1245984	1.474518
24750	-431.4239	-588.2115	156.7876	1.643266	0.3161106	0.1988505	1.287082
24756	-431.0527	-586.7014	155.6486	2.198512	1.388402	0.1221146	0.8207282
24762	-436.5248	-592.5026	155.9778	2.076337	1.388402	0.08993233	0.7149522
24768	-436.9409	-593.7066	156.7657	1.840199	0.7666759	0.07902156	0.84871
24774	-429.0584	-586.4937	157.4353	2.125424	0.2913924	0.0738332	0.617451
24780	-435.4604	-592.0947	156.6342	2.054318	0.529404	0.1555684	0.7715717
24786	-441.4898	-597.7538	156.264	2.202419	0.529404	0.2514971	0.6667726
24792	-444.5221	-601.2323	156.7102	2.139393	0.529404	0.1285641	0.6667726
24798	-425.1998	-581.4719	156.2721	2.100531	0.6805113	0.2121631	0.6283541
24804	-424.4509	-580.5389	156.0879	2.136639	0.5649443	0.3378377	0.6283541
24810	-434.9484	-590.6386	155.6902	2.335163	0.7074859	0.3378377	0.6283541
24816	-431.369	-587.7092	156.3403	2.306737	0.7074859	0.1268096	0.5177644
24822	-442.26	-599.683	157.423	1.924835	0.2957122	0.1262206	0.5447902
24828	-437.4753	-593.9027	156.4274	1.932587	0.7788773	0.1453339	0.8004526
24834	-443.117	-599.9252	156.8082	1.917638	0.4948452	0.1549493	0.8004526
24840	-435.9321	-592.3838	156.4517	2.097834	0.6520885	0.1549493	0.7107407
24846	-446.3552	-602.1681	155.8128	1.879988	1.389471	0.1401353	0.9216078
24852	-431.5274	-587.0776	155.5502	1.794409	1.329862	0.2596764	0.9580091
24858	-423.5761	-579.4666	155.8905	1.876828	0.6187916	0.3184477	1.133962
24864	-428.7822	-583.9682	155.186	1.787332	1.60626	0.241662	1.159022
24870	-437.3085	-593.0838	155.7752	1.466809	1.60626	0.15504	1.15279
24876	-434.3319	-590.5559	156.224	1.569585	0.4341363	0.3309262	1.337673
24882	-432.4522	-588.955	156.5028	1.684678	0.359809	0.3309262	1.127341
24888	-426.3972	-583.0642	156.667	1.908957	0.4594415	0.1676155	0.9911382
24894	-431.4973	-587.6517	156.1544	2.040969	0.7789586	0.1868669	0.8346163
24900	-430.6275	-586.4224	155.795	2.213865	0.8723776	0.2535404	0.6688828
24906	-427.849	-583.6137	155.7647	2.077512	0.8320237	0.3271058	0.7327907
24912	-439.9399	-595.6491	155.7092	2.138889	0.8023535	0.3271058	0.7753257
24918	-433.5377	-589.1122	155.5744	2.164889	0.5447044	0.5233224	0.8881061
24924	-428.8694	-584.8996	156.0302	2.164889	0.5447044	0.3404595	0.7325464
24930	-432.9163	-588.7354	155.8191	2.172024	0.6873116	0.3404595	0.7325464
24936	-442.1521	-596.9374	154.7853	2.372716	0.6873116	0.9029589	0.7349216
24942	-431.359	-586.9814	155.6224	2.481736	0.1841426	0.9434232	0.7151042
24948	-430.8223	-586.2696	155.4472	2.475933	0.1841426	1.037956	0.8361635
24954	-431.1603	-585.782	154.6217	2.128749	0.4980753	1.067926	1.266897
24960	-430.4258	-584.1756	153.7498	2.428988	1.360286	1.067926	0.9086723
24966	-443.837	-598.4669	154.6299	2.37522	0.5805745	1.067926	0.9086723
24972	-441.1088	-596.2937	155.1849	2.223957	0.356859	1.054519	0.9086723
24978	-432.0031	-587.0098	155.0067	2.555241	0.356859	1.054519	0.705698
24984	-427.3587	-583.1935	155.8347	2.143164	0.8641928	0.2754192	0.636366
24990	-437.4105	-593.0751	155.6646	2.09075	0.7049916	0.3495173	0.9692077
24996	-436.129	-592.2973	156.1683	2.190668	0.518418	0.2373988	0.8953914
25002	-428.9361	-584.7546	155.8185	2.055027	0.9294949	0.2373988	0.8422245
25008	-423.8036	-579.2462	155.4426	2.320542	1.390302	0.1863791	0.5542013
25014	-433.3565	-588.6648	155.3083	2.254562	2.053482	0.1186459	0.5229554
25020	-434.8822	-590.6167	155.7346	2.712144	0.8998321	0.1186459	0.4488494
25026	-428.579	-584.671	156.092	2.355755	0.8998321	0.1186459	0.5491473
25032	-421.9607	-577.8878	155.9271	2.010481	0.9732645	0.2255681	0.7368912
25038	-421.6284	-577.2228	155.5944	1.779153	0.9732645	0.2255681	1.304413
25044	-429.8924	-585.7087	155.8163	1.60557	0.9732645	0.1233983	1.524952
25050	-431.3292	-586.3438	155.0146	1.734187	2.292104	0.1233983	1.316869
25056	-437.642	-592.7953	155.1533	1.917695	2.270986	0.1507546	0.9454266
25062	-449.8366	-605.0408	155.2042	2.469391	1.626162	0.1507546	0.3719509
25068	-441.0294	-596.7897	155.7603	2.370045	1.074272	0.1507546	0.6241255
25074	-423.6996	-580.4074	156.7078	1.793406	0.8053502	0.06920745	0.9655798
25080	-443.1224	-598.3869	155.2645	2.016448	1.843183	0.218612	0.7223989
25086	-437.8597	-593.3128	155.4531	1.881884	1.843183	0.1233631	1.029273
25092	-437.1883	-593.7201	156.5318	1.85565	0.5440071	0.1263175	1.173091
25098	-435.1581	-590.9062	155.7481	1.971982	0.5586656	0.409956	1.086232
25104	-438.5611	-593.7834	155.2222	2.03464	1.927879	0.1683776	0.8886127
25110	-448.4465	-603.3188	154.8723	1.92558	2.302508	0.2945636	0.7599086
25116	-444.5828	-599.6643	155.0815	2.076193	3.529269	0.03656009	0.7685759
25122	-445.1321	-599.2494	154.1173	2.265373	1.358136	0.863259	0.9179466
25128	-437.7229	-594.298	156.5751	1.986239	0.6778095	0.1256229	0.7996555
25134	-446.8512	-603.0213	156.1701	1.978392	0.6778095	0.1308572	1.198463
25140	-444.9265	-600.4857	155.5592	1.581053	0.7488156	0.179935	1.766241
25146	-440.4622	-597.2236	156.7614	1.737314	0.3938882	0.1332698	1.277298
25152	-436.6854	-593.1359	156.4505	1.160864	0.8500093	0.08176365	1.611434
25158	-435.6798	-590.6353	154.9555	1.486867	0.8500093	0.09304444	2.361907
25164	-422.9831	-577.9811	154.998	1.692741	1.607639	0.15584	1.586152
25170	-430.8273	-586.7628	155.9355	1.837003	0.8790902	0.15584	1.235026
25176	-435.0417	-591.931	156.8893	2.015042	0.4125323	0.1239191	0.8983419
25182	-429.5621	-585.5645	156.0024	1.966426	0.772427	0.1239191	1.270696
25188	-430.5924	-586.4138	155.8214	2.01041	0.772427	0.2860995	0.9501101
25194	-441.0908	-595.7105	154.6196	1.850368	3.103824	0.1762521	1.071435
25200	-448.8825	-604.5002	155.6178	1.895234	1.875573	0.1150836	0.8518983
25206	-439.8451	-596.1629	156.3178	1.771855	1.119856	0.1156776	0.8328554
25212	-446.6516	-601.514	154.8624	1.964852	2.886804	0.1156776	1.024848
25218	-441.3363	-596.801	155.4646	2.516906	1.278253	0.1478749	0.4532554
25224	-448.5396	-605.0894	156.5498	2.275033	0.4907464	0.1478749	0.6989233
25230	-432.4844	-588.2013	155.7169	2.207187	0.8505376	0.2391146	0.8791698
25236	-436.9915	-593.8589	156.8675	2.001809	0.2600067	0.2233525	0.9451996
25242	-434.2111	-591.0226	156.8116	1.669991	0.5021115	0.05533429	1.407302
25248	-431.1597	-587.2235	156.0637	1.910859	0.8963558	0.07308341	1.327452
25254	-433.1613	-590.6161	157.4548	1.901537	0.3351288	0.07308341	0.8034962
25260	-432.6026	-588.8618	156.2592	2.224595	0.5364849	0.2070317	0.8129498
25266	-432.71	-588.872	156.1621	2.405394	0.5725684	0.2070317	0.5185952
25272	-442.9831	-599.0698	156.0867	2.298684	0.4848	0.3354842	0.5185952
25278	-434.0998	-590.33	156.2302	2.265718	0.3962391	0.3354842	0.6756967
25284	-431.8657	-587.8813	156.0156	2.10881	0.634133	0.3354842	0.6390991
25290	-438.9442	-594.7671	155.823	2.159696	0.7905265	0.2955695	0.6993711
25296	-430.266	-586.8927	156.6268	1.833038	0.6152145	0.0972651	1.119095
25302	-436.622	-593.0371	156.4151	1.873084	0.9568298	0.0972651	0.8765551
25308	-438.6698	-594.9673	156.2975	1.782802	0.5058129	0.1246131	1.474995
25314	-437.3116	-594.1407	156.8291	1.907512	0.5595617	0.1246131	0.7957546
25320	-431.6085	-587.8097	156.2012	1.861533	0.7306826	0.2441036	0.8685349
25326	-436.7676	-592.859	156.0915	1.650603	0.7528401	0.2441036	1.159531
25332	-439.4876	-595.4621	155.9745	1.699148	0.7528401	0.2315415	1.24702
25338	-442.2204	-597.9441	155.7237	1.965465	0.7190402	0.3828197	0.9483043
25344	-446.0274	-601.4153	155.3879	1.965465	1.167462	0.395255	0.7490175
25350	-439.8972	-596.4677	156.5706	1.98014	0.4052543	0.2866306	0.7423304
25356	-443.0024	-598.9924	155.99	2.179766	0.6270765	0.2882953	0.764859
25362	-446.7735	-602.6798	155.9063	2.129583	0.7536126	0.2882953	0.7143413
25368	-445.5375	-601.2064	155.6689	2.162705	0.9282823	0.2882953	0.7228003
25374	-431.5109	-587.7491	156.2383	2.003222	0.9282823	0.1502984	0.6989905
25380	-437.9556	-594.234	156.2784	2.671579	0.3927146	0.1655442	0.3528755
25386	-444.153	-600.9181	156.765	2.402728	0.3927146	0.1185589	0.4461654
25392	-433.9355	-590.8878	156.9523	2.148508	0.3927146	0.1335061	0.5947797
25398	-439.3724	-596.0895	156.7172	2.039526	0.5921097	0.1335061	0.6185912
25404	-434.8267	-591.0077	156.181	2.037635	1.029187	0.112055	0.7959655
25410	-445.3505	-600.7513	155.4008	2.250848	1.563213	0.1521668	0.7594091
25416	-437.1553	-593.0662	155.9109	2.399158	0.5926671	0.2867132	0.5995472
25422	-447.4424	-603.9116	156.4692	2.368473	0.5295625	0.1405035	0.4231571
25428	-443.8431	-599.7878	155.9447	2.262494	1.042352	0.1434704	0.5571173
25434	-440.9005	-597.7651	156.8647	2.200927	0.3997161	0.1434704	0.5250369
25440	-438.5262	-595.4175	156.8914	1.969128	0.4065147	0.1549705	0.829589
25446	-433.1741	-588.4765	155.3024	2.615248	0.7979842	0.3483093	0.5305154
25452	-443.6969	-599.6991	156.0022	2.289292	0.4960133	0.3597096	0.6189955
25458	-438.684	-593.7715	155.0874	2.534434	1.007119	0.3597096	0.3614776
25464	-439.0797	-594.4669	155.3872	2.748938	0.6304847	0.306093	0.3152587
25470	-438.9103	-595.2491	156.3388	2.553694	0.6304847	0.07378457	0.3220253
25476	-445.133	-600.8064	155.6734	2.277245	0.8018175	0.3303517	0.4626458
25482	-448.0342	-603.9028	155.8686	2.218685	1.535327	0.07258465	0.4374077
25488	-437.0529	-593.1016	156.0487	2.275164	0.4777314	0.365655	0.4304434
25494	-444.147	-599.4719	155.3249	1.866077	1.201435	0.3366714	1.038736
25500	-438.5569	-594.5185	155.9616	1.740817	0.7206661	0.2133843	1.298549
25506	-433.0057	-589.4694	156.4637	1.747371	0.4587299	0.1747052	1.29718
25512	-433.6662	-590.0525	156.3863	2.087722	0.7354112	0.1260455	0.8144555
25518	-440.6817	-597.7228	157.0411	2.120271	0.3091308	0.1309934	0.8144555
25524	-450.6161	-606.376	155.7599	2.191708	0.3091308	0.7451806	0.7836675
25530	-460.7986	-616.8588	156.0602	2.058285	0.640973	0.2643343	0.8807988
25536	-440.0636	-595.61	155.5463	2.221991	0.6799435	0.4783118	0.6806435
25542	-438.56	-595.1368	156.5768	2.104677	0.4694227	0.2193714	0.5983085
25548	-452.5448	-608.8514	156.3066	2.276756	0.4694227	0.2549601	0.6041158
25554	-449.161	-605.0514	155.8904	2.302105	0.7604013	0.2509184	0.5098479
25560	-451.964	-608.1664	156.2025	2.134224	1.114682	0.06975839	0.7785247
25566	-450.977	-608.4004	157.4234	2.149421	0.3216858	0.05437283	0.6488081
25572	-454.9236	-611.7985	156.875	2.224807	0.3216858	0.1442681	0.7942186
25578	-446.4808	-603.0223	156.5414	1.875569	0.4892176	0.1934276	1.01707
25584	-442.8021	-599.1113	156.3092	1.997589	0.6043727	0.1934276	0.9468066
25590	-438.2044	-594.6304	156.426	1.925052	0.6043727	0.179203	0.9468066
25596	-437.0967	-593.872	156.7753	2.058925	0.7114642	0.03924726	0.8902982
25602	-432.651	-590.4595	157.8085	2.00391	0.2186921	0.03924726	0.8010488
25608	-443.234	-600.4462	157.2122	1.831416	0.3287389	0.03245738	1.310766
25614	-453.6069	-610.033	156.4261	1.607872	0.3384139	0.09215835	1.828914
25620	-441.8673	-598.7834	156.916	1.722195	0.3384139	0.09995505	1.362942
25626	-436.8479	-592.9001	156.0522	1.895699	1.255824	0.09995505	0.9332034
25632	-436.8874	-592.717	155.8296	1.654071	1.221222	0.08484208	1.424642
25638	-433.8891	-589.4844	155.5953	1.633575	1.221222	0.08484208	1.61462
25644	-437.427	-593.3547	155.9277	1.758626	0.5338098	0.3012272	1.341903
25650	-450.2369	-605.4582	155.2213	1.743064	0.5338098	0.3012272	1.868388
25656	-440.1786	-596.5518	156.3732	1.818514	0.5694866	0.1391908	1.265249
25662	-436.0802	-591.9119	155.8317	2.068332	0.5694866	0.3763779	0.9578945
25668	-439.7163	-595.6421	155.9257	1.958736	0.6228482	0.3763779	0.8899034
25674	-433.7576	-589.8591	156.1014	1.735661	0.9266127	0.2213144	0.9379075
25680	-439.2263	-594.3925	155.1661	2.574433	0.9266127	0.3639381	0.4652572
25686	-440.4887	-596.4775	155.9887	2.092696	0.5816411	0.3881493	0.6607106
25692	-439.3788	-594.7777	155.3989	2.49346	0.5816411	0.5132602	0.5690911
25698	-449.4658	-605.4476	155.9819	2.323474	0.5816411	0.2924787	0.6198594
25704	-434.1569	-589.8318	155.675	2.052382	1.004795	0.268632	0.8270466
25710	-436.3441	-591.8819	155.5378	1.770884	1.373953	0.1460812	1.268994
25716	-439.9987	-595.5304	155.5317	2.01368	1.373953	0.1933216	0.9027382
25722	-443.0612	-598.9839	155.9228	2.334632	0.51285	0.3603584	0.6317359
25728	-440.2409	-596.0963	155.8554	2.387257	0.6322313	0.281604	0.6564254
25734	-450.331	-606.1602	155.8292	2.407399	0.6322313	0.3009879	0.5179496
25740	-445.3447	-602.0095	156.6648	2.510893	0.5361473	0.06071155	0.4562374
25746	-434.7825	-591.5599	156.7774	2.413003	0.5361473	0.05848569	0.5146237
25752	-433.4775	-589.8529	156.3754	2.108521	1.106294	0.05848569	0.632234
25758	-436.5656	-592.5571	155.9915	2.073325	0.9203702	0.1781574	0.8321236
25764	-436.7167	-592.7468	156.0301	1.934878	0.9475946	0.1781574	0.9154461
25770	-436.9018	-592.7476	155.8458	1.991222	0.9475946	0.1781574	1.046176
25776	-437.486	-593.1234	155.6374	2.200169	0.8498673	0.3110103	0.7635603
25782	-440.8414	-596.8543	156.0129	1.752625	0.7853154	0.1767291	1.272658
25788	-435.8925	-591.6381	155.7456	2.134775	0.7853154	0.1767291	1.175512
25794	-440.711	-595.794	155.0829	1.968514	2.738665	0.1140661	0.863459
25800	-426.6003	-582.715	156.1147	2.084509	0.8616451	0.1186672	0.9880878
25806	-436.3355	-592.2124	155.8769	2.177864	0.8616451	0.2190471	0.7669869
25812	-452.798	-607.1849	154.3869	2.045433	1.752342	0.4817338	1.103703
25818	-449.4528	-603.1	153.6472	2.02044	1.752342	0.4817338	1.702876
25824	-449.6325	-605.2728	155.6403	1.856738	1.369466	0.08763491	1.308045
25830	-441.4097	-596.7507	155.341	2.129737	1.705024	0.1543204	0.8589642
25836	-439.5309	-595.4286	155.8977	2.110238	1.288411	0.1251374	0.6819581
25842	-444.2911	-599.7509	155.4599	2.002553	2.635585	0.05398611	0.7424581
25848	-443.4895	-599.1467	155.6572	2.010317	1.560007	0.151515	0.7424581
25854	-439.2885	-595.558	156.2695	1.940655	0.7061428	0.151515	1.041456
25860	-434.9036	-590.8285	155.9249	2.207278	0.7501501	0.2411622	0.7565073
25866	-430.2908	-587.222	156.9312	1.791981	0.5319183	0.09213576	1.009672
25872	-429.2234	-585.4233	156.1999	1.871693	0.5319183	0.2814731	1.053039
25878	-433.4516	-588.1247	154.6731	2.091394	0.6380772	0.9540527	1.170921
25884	-436.8208	-591.9519	155.1312	2.053949	0.3478329	0.9540527	1.232502
25890	-423.5303	-580.3036	156.7733	1.657027	0.2975445	0.2358079	1.235603
25896	-438.676	-596.5076	157.8316	1.497064	0.1797317	0.1073788	1.101324
25902	-429.6373	-586.8461	157.2088	1.818554	0.3168044	0.1073788	1.042775
25908	-437.8114	-595.3385	157.5271	1.643966	0.2569568	0.1073788	1.042775
25914	-441.6595	-598.9849	157.3255	1.784493	0.3280952	0.08252113	1.042775
25920	-440.6668	-597.0782	156.4114	1.821421	0.720399	0.1992664	0.8310533
25926	-434.5242	-590.0306	155.5064	2.063677	0.6115228	0.5736492	0.8782135
25932	-440.4567	-595.5296	155.0728	2.214562	0.955812	0.5736492	0.692341
25938	-442.1198	-598.5919	156.4721	2.220121	0.6032445	0.1526151	0.5455798
25944	-442.3565	-598.7408	156.3843	2.486347	0.4905381	0.1526151	0.4799494
25950	-442.6892	-598.6585	155.9692	2.589593	0.6970111	0.1526151	0.4375501
25956	-440.0999	-595.7955	155.6956	2.589852	0.7863991	0.19318	0.3739786
25962	-442.0657	-597.1949	155.1292	1.723368	4.341193	0.04900344	0.7166002
25968	-439.4993	-595.5079	156.0086	1.849225	1.890388	0.05522019	0.7384952
25974	-441.9413	-599.5225	157.5812	1.921397	0.301825	0.07731795	0.6576826
25980	-439.2942	-595.4816	156.1874	1.749005	0.7725263	0.2439671	0.9518106
25986	-434.8462	-591.0351	156.1889	1.769271	0.4299758	0.2697359	1.326252
25992	-452.9359	-607.7193	154.7834	2.007963	0.530249	0.9357179	1.298925
25998	-458.8149	-613.6767	154.8617	2.136911	0.4696783	0.9357179	1.209888
26004	-457.1352	-613.3657	156.2305	1.790995	0.5511609	0.1400411	1.420761
26010	-441.2076	-597.4626	156.255	1.900045	0.6198832	0.1457425	1.214383
26016	-452.6688	-609.0912	156.4224	2.024878	0.6198832	0.1457425	0.9405154
26022	-444.5938	-599.3637	154.7699	2.526453	1.602011	0.293436	0.3920204
26028	-456.4287	-612.5227	156.094	2.47511	0.8244365	0.1104506	0.4888999
26034	-470.5822	-627.2477	156.6655	2.503401	0.4068969	0.1127188	0.4778897
26040	-449.9128	-606.1125	156.1996	2.076421	0.8640465	0.1727115	0.6138758
26046	-457.8174	-613.6351	155.8178	2.278527	0.914639	0.2007652	0.6934605
26052	-453.3336	-609.3509	156.0173	2.41661	0.4734231	0.3083103	0.6374954
26058	-453.06	-609.0173	155.9574	2.045629	0.7632741	0.2414623	0.8988175
26064	-449.7145	-606.3323	156.6177	2.106575	0.7632741	0.06895389	0.7603963
26070	-438.3993	-595.4532	157.0539	2.170493	0.4241482	0.06895389	0.7670485
26076	-437.778	-593.5008	155.7228	1.981138	1.941889	0.06895389	0.8159614
26082	-442.3264	-598.2541	155.9276	1.933719	1.036537	0.06895389	1.318587
26088	-443.3197	-598.2451	154.9254	1.50417	2.694203	0.1011076	1.481091
26094	-433.0129	-588.3114	155.2985	1.793907	1.532624	0.2652553	1.041568
26100	-443.4537	-597.8714	154.4177	2.042259	1.532624	0.6025967	1.041568
26106	-431.9919	-587.6362	155.6443	2.078124	0.3992854	0.6025967	1.041568
26112	-431.9181	-587.5209	155.6027	2.117717	0.4589127	0.6025967	0.9323293
26118	-425.5267	-582.2375	156.7108	1.90102	0.4589127	0.1742038	0.9323293
26124	-438.4743	-595.2968	156.8225	2.145173	0.3665045	0.1655	0.7416081
26130	-442.0575	-597.4279	155.3704	2.475283	0.5817431	0.5258373	0.6442366
26136	-439.6372	-596.3781	156.7409	1.809952	0.5817431	0.1148219	1.010656
26142	-435.5546	-592.7878	157.2332	1.63064	0.5817431	0.07010985	0.8867527
26148	-435.6762	-593.0939	157.4177	1.974637	0.3831385	0.06183325	0.6779188
26154	-431.3696	-588.5896	157.22	2.159276	0.3333837	0.08654951	0.6779188
26160	-445.7469	-601.9619	156.2149	2.232652	0.920253	0.08654951	0.7833516
26166	-438.9743	-595.3654	156.3911	2.115164	0.4613344	0.2883308	0.6263197
26172	-432.8412	-588.7287	155.8874	2.115164	1.216607	0.1469929	0.6526864
26178	-443.3613	-599.2289	155.8676	2.215668	1.216607	0.1296021	0.6118025
26184	-446.8873	-603.359	156.4717	2.342642	0.481096	0.1701389	0.5882688
26190	-443.5018	-599.0405	155.5388	2.244969	1.45924	0.1560882	0.6354138
26196	-437.1137	-593.4216	156.3079	2.196327	0.7514709	0.1395507	0.6557661
26202	-442.856	-598.9923	156.1363	1.762037	0.7514709	0.2275932	1.059458
26208	-449.5687	-605.8587	156.2901	1.841413	0.7514709	0.2275932	0.8064527
26214	-439.5112	-596.2914	156.7801	2.002654	0.3517213	0.2596242	0.6359135
26220	-438.2937	-595.132	156.8382	2.219692	0.2633549	0.2410073	0.5667779
26226	-439.4283	-594.5339	155.1056	2.654954	0.8565109	0.3752546	0.3777121
26232	-446.4452	-602.1154	155.6702	2.619492	0.5139973	0.3372872	0.3657242
26238	-440.2173	-596.0846	155.8673	2.750335	0.5139973	0.2036932	0.3559198
26244	-441.4649	-596.5518	155.0869	2.723281	0.9094906	0.3224402	0.3718274
26250	-446.544	-600.9151	154.3711	2.640897	1.91818	0.3224402	0.3718274
26256	-441.3944	-595.7808	154.3864	2.609313	1.889558	0.3224402	0.3318754
26262	-445.7646	-600.8921	155.1275	2.735389	0.9745777	0.2020657	0.2342
26268	-459.8541	-614.1078	154.2538	2.462873	2.188204	0.3926438	0.3810497
26274	-438.3406	-593.563	155.2224	2.269445	3.00219	0.03268662	0.4870982
26280	-430.2865	-586.6685	156.3821	1.948695	0.7763748	0.1629329	0.7607122
26286	-440.9587	-596.7641	155.8054	1.987879	0.8280591	0.1700877	1.225617
26292	-434.7868	-589.7681	154.9812	2.080475	1.836365	0.2388568	0.9354285
26298	-433.5254	-588.4096	154.8842	2.108847	1.836365	0.2388568	1.006288
26304	-430.799	-586.2654	155.4664	2.176809	0.944841	0.3892856	0.6323669
26310	-429.1979	-584.3454	155.1475	2.523936	0.944841	0.3892856	0.5291377
26316	-442.9075	-599.2179	156.3103	2.138919	0.944841	0.1071306	0.5291377
26322	-435.1767	-591.8292	156.6525	2.471695	0.3446836	0.1568082	0.4418576
26328	-438.7327	-594.1802	155.4475	2.751986	0.7947077	0.1915173	0.2936259
26334	-442.1456	-597.3329	155.1873	2.564457	0.7947077	0.4155583	0.3749652
26340	-447.4006	-601.0057	153.6051	2.695175	3.006096	0.4155583	0.4210719
26346	-439.8299	-594.7223	154.8924	2.429303	2.091623	0.1528396	0.3132082
26352	-446.3536	-602.6854	156.3319	2.304723	0.64407	0.1528396	0.4778671
26358	-441.1894	-598.1895	157.0001	2.214922	0.316124	0.1498447	0.5406092
26364	-452.5346	-608.6244	156.0898	1.930471	0.7262222	0.2815722	0.8105115
26370	-428.9316	-584.9241	155.9925	2.344059	0.6779633	0.2362858	0.511804
26376	-432.4621	-587.7876	155.3255	2.344059	0.9531772	0.3851789	0.5393201
26382	-432.3033	-588.8726	156.5693	2.122704	0.8263782	0.08048331	0.5504313
26388	-435.2624	-590.8759	155.6135	1.881556	0.8191098	0.3413785	1.102634
26394	-434.3786	-589.7329	155.3543	1.83505	1.1159	0.3413785	1.102634
26400	-432.4077	-588.3694	155.9617	1.781443	0.7653836	0.3413785	0.9200031
26406	-431.317	-587.5021	156.1851	1.622854	0.6673775	0.2211186	1.25099
26412	-442.5379	-598.4962	155.9583	1.551669	0.6673775	0.1839542	1.56814
26418	-464.2055	-620.6667	156.4612	1.612256	0.6468817	0.1839542	1.141718
26424	-449.9592	-605.0778	155.1186	1.11422	1.101687	0.1839542	2.115443
26430	-437.9495	-592.4789	154.5294	1.669157	2.00186	0.214345	1.627907
26436	-434.9909	-590.3002	155.3093	1.491214	1.278862	0.1807337	1.627907
26442	-444.4651	-599.6317	155.1666	1.410348	1.278862	0.2975247	1.56036
26448	-431.9586	-587.8238	155.8652	1.826521	0.629829	0.2975247	1.227597
26454	-444.0552	-599.8401	155.7848	1.774397	0.7966381	0.2975247	1.156778
26460	-440.5708	-596.2677	155.6969	1.641526	1.54552	0.1151374	1.23399
26466	-446.1746	-601.9498	155.7752	1.799457	1.564558	0.1151374	1.0079
26472	-446.4713	-602.7244	156.2532	1.964114	0.7907255	0.1640994	0.8793743
26478	-437.1542	-593.4544	156.3003	1.475628	0.5667841	0.09813875	1.705439
26484	-437.1393	-591.9748	154.8355	1.515889	1.126274	0.3696236	1.705439
26490	-423.8875	-580.0844	156.1968	1.610991	0.5845798	0.2270792	1.332895
26496	-435.2893	-592.2601	156.9708	1.413278	0.2943184	0.1171654	1.577502
26502	-436.9593	-592.5275	155.5682	1.608403	0.3930626	0.1533061	2.167629
26508	-439.5843	-596.1495	156.5652	1.793016	0.5709121	0.1533061	1.073857
26514	-450.0676	-605.6072	155.5396	1.476407	1.600818	0.1247744	1.430718
26520	-440.8408	-596.6224	155.7817	1.537519	1.600818	0.1302599	1.166722
26526	-443.3994	-599.9382	156.5387	1.530764	0.5675277	0.1302599	1.392184
26532	-442.9914	-598.1358	155.1443	1.496708	1.65948	0.1823767	1.532267
26538	-450.2725	-606.6312	156.3587	1.449958	0.7057644	0.09872576	1.539563
26544	-427.6315	-583.8967	156.2652	1.740947	0.7093467	0.1995281	1.083969
26550	-435.8594	-591.8416	155.9822	1.868704	0.7093467	0.1995281	1.221138
26556	-437.9176	-593.8651	155.9475	1.888146	0.8360475	0.2497635	0.9630513
26562	-453.3084	-610.4638	157.1555	1.85459	0.2920116	0.1591633	0.9215709
26568	-446.2482	-603.2889	157.0406	2.045976	0.2652183	0.1510802	0.9396463
26574	-435.7915	-591.8126	156.021	2.077191	0.4722825	0.2657952	1.15407
26580	-433.4318	-589.8901	156.4583	1.973769	0.9784109	0.07619497	0.7867197
26586	-434.817	-592.6084	157.7913	2.12936	0.1408132	0.07619497	0.742806
26592	-443.5293	-599.6801	156.1507	2.210023	1.105125	0.08376405	0.6412205
26598	-440.1112	-596.8568	156.7456	2.240171	0.590139	0.08376405	0.5362036
26604	-438.4916	-595.0052	156.5136	2.284323	0.590139	0.1284185	0.4511297
26610	-427.7009	-584.0483	156.3474	2.326816	0.6786417	0.1284185	0.4511297
26616	-429.4915	-584.9821	155.4905	2.851371	0.7132428	0.1566897	0.2514143
26622	-431.4668	-586.7076	155.2408	2.945452	0.6171723	0.2293639	0.2230726
26628	-428.0757	-584.0462	155.9704	2.448394	0.6171723	0.2368921	0.493675
26634	-431.6005	-587.402	155.8015	2.648608	0.644348	0.2041548	0.4001104
26640	-425.3061	-580.7185	155.4124	2.648608	0.8906527	0.2041548	0.2999123
26646	-435.0181	-590.9973	155.9793	2.506559	0.6247232	0.2041548	0.4188555
26652	-454.0574	-609.5378	155.4804	2.506559	0.9652019	0.2041548	0.3035764
26658	-437.5472	-594.0734	156.5262	2.190547	0.4844594	0.2041548	0.5086337
26664	-451.2942	-607.5396	156.2454	2.327806	0.4844594	0.2222475	0.745666
26670	-433.4375	-589.7955	156.3579	2.190221	0.5146061	0.2134909	0.745666
26676	-438.8841	-595.4281	156.544	2.09816	0.4588596	0.2134909	0.745666
26682	-436.205	-592.6708	156.4658	1.870394	0.3948067	0.3501132	0.8646382
26688	-432.4254	-589.3173	156.8919	1.986767	0.394788	0.185788	0.6870738
26694	-452.3627	-609.6797	157.317	1.92216	0.1647157	0.1519076	1.073447
26700	-432.0995	-588.1844	156.0849	1.938117	0.466112	0.3411672	1.073447
26706	-424.2634	-579.7374	155.4739	1.672408	1.38042	0.1827466	1.297456
26712	-428.3797	-584.1622	155.7825	1.589468	0.5662821	0.1369649	1.879437
26718	-432.4686	-589.1913	156.7227	1.794597	0.3514793	0.1804739	1.197765
26724	-429.6475	-585.8898	156.2423	1.794597	1.024622	0.1167903	0.9872821
26730	-428.7988	-584.6378	155.8389	1.7073	1.024622	0.1167903	1.411253
26736	-438.9398	-596.293	157.3532	1.444166	0.2480536	0.1161474	1.354031
26742	-438.3518	-595.5164	157.1645	1.670656	0.3144707	0.1302588	1.141822
26748	-436.2956	-592.3642	156.0686	1.781868	0.5209125	0.3796693	1.074755
26754	-444.1528	-600.5143	156.3615	2.146444	0.5366235	0.2024436	0.7986745
26760	-444.0721	-600.1941	156.122	2.162549	0.6650989	0.2382484	0.7012315
26766	-445.7043	-601.8079	156.1035	1.874439	0.6650989	0.2382484	1.062114
26772	-440.5018	-597.0435	156.5417	1.802386	0.6634557	0.1840942	0.8434272
26778	-442.8749	-598.6669	155.792	1.906938	0.6457525	0.4171119	0.9705637
26784	-442.196	-599.0924	156.8963	1.573676	0.6457525	0.1075453	1.029006
26790	-438.6858	-594.7761	156.0903	1.520659	1.19492	0.07290737	1.386431
26796	-450.3579	-605.3901	155.0322	1.760937	2.585828	0.04503146	1.44393
26802	-438.8744	-595.0431	156.1688	1.954031	0.8415951	0.1340945	1.027843
26808	-435.9833	-592.4025	156.4191	2.257492	0.4483669	0.2079654	0.7457827
26814	-459.081	-615.3967	156.3158	2.557444	0.568745	0.116474	0.4390985
26820	-445.5987	-600.8365	155.2378	2.44964	0.8016349	0.4637441	0.444363
26826	-429.3329	-584.5658	155.2329	2.456179	0.8016349	0.4637441	0.451165
26832	-434.1837	-589.5943	155.4106	2.452655	0.7175339	0.4093991	0.3826235
26838	-441.4195	-596.5679	155.1485	2.3399	2.050051	0.1334311	0.4045197
26844	-440.9648	-596.2195	155.2547	2.508436	1.480598	0.1516639	0.3567473
26850	-441.3812	-596.9213	155.54	2.529167	1.352889	0.1099377	0.4900516
26856	-434.5834	-590.0319	155.4485	2.529396	1.072822	0.20715	0.4900516
26862	-443.517	-598.431	154.914	2.284618	2.27745	0.1860725	0.5583354
26868	-439.7072	-594.4672	154.76	1.944771	2.27745	0.3018278	0.8752561
26874	-438.6033	-593.3337	154.7304	1.865236	2.150383	0.3018278	1.059949
26880	-437.2133	-591.5673	154.354	2.028126	2.150383	0.4533433	0.9690333
26886	-438.0599	-593.2594	155.1995	2.248248	2.152074	0.09590551	0.83136
26892	-428.0971	-584.079	155.9819	2.377367	0.7029462	0.2158506	0.5281977
26898	-432.5086	-587.6993	155.1907	2.454186	1.279109	0.2622555	0.484953
26904	-441.1298	-596.4711	155.3413	2.554874	0.9784284	0.2622555	0.3971181
26910	-441.5792	-597.0229	155.4437	2.62447	1.357123	0.1064337	0.4258278
26916	-438.3873	-593.6354	155.2481	2.54317	1.287479	0.2036947	0.5629246
26922	-436.3434	-592.305	155.9616	2.413408	0.5167554	0.3138075	0.5580783
26928	-428.9038	-584.1406	155.2368	2.537906	1.476218	0.1632356	0.4608917
26934	-448.6437	-603.254	154.6103	2.728815	2.67432	0.08841109	0.385627
26940	-436.3608	-592.3637	156.0029	2.608824	0.8571607	0.08841109	0.4204427
26946	-424.2144	-580.7098	156.4955	2.607803	0.4684092	0.08841109	0.3484511
26952	-435.5225	-591.7028	156.1803	2.518589	0.7310403	0.1017565	0.4086346
26958	-438.3977	-593.0499	154.6522	2.635049	1.557901	0.2976354	0.3488563
26964	-439.5065	-593.9959	154.4895	2.635049	1.557901	0.401106	0.4746898
26970	-426.9056	-582.5052	155.5996	2.502505	0.6660775	0.3375945	0.4444202
26976	-429.5422	-584.8818	155.3396	2.452943	1.324799	0.193077	0.4415281
26982	-438.5876	-593.5656	154.978	2.452943	1.324799	0.3341914	0.4381589
26988	-431.9584	-587.6903	155.7319	2.656456	0.6778416	0.2049545	0.3758803
26994	-430.7251	-586.7517	156.0266	2.309699	0.5762523	0.2918682	0.5420681
27000	-436.8059	-592.7841	155.9782	2.395224	0.6773146	0.2203787	0.567165
27006	-432.3809	-588.2126	155.8317	2.544116	0.6773146	0.2203787	0.4478887
27012	-441.1555	-597.5485	156.393	2.163246	0.7887182	0.1132397	0.6628577
27018	-445.5522	-601.6779	156.1257	2.13279	1.203455	0.09242464	0.570276
27024	-451.6046	-607.1599	155.5554	1.876881	0.9442282	0.2999661	1.118733
27030	-440.7248	-596.9319	156.2071	2.305551	0.743514	0.1512684	0.4932244
27036	-440.4676	-596.9131	156.4455	2.080937	0.6121396	0.1512684	0.8404352
27042	-435.2351	-590.7326	155.4976	1.792472	0.8785185	0.5003631	0.9460584
27048	-431.2313	-587.5932	156.3619	2.127146	0.2663972	0.5003631	0.63745
27054	-435.5397	-591.2385	155.6988	2.484577	0.3981516	0.5273032	0.5506978
27060	-443.1875	-598.5589	155.3713	2.507605	1.060509	0.2444194	0.4425341
27066	-443.7422	-599.438	155.6957	2.575179	1.060509	0.121438	0.4425341
27072	-442.9044	-599.1168	156.2124	2.460223	0.689027	0.121438	0.4070609
27078	-436.9766	-593.5503	156.5737	2.41637	0.4596107	0.120618	0.3552995
27084	-437.2438	-591.9536	154.7098	2.616864	1.35907	0.3469768	0.3488061
27090	-430.2597	-585.9495	155.6898	2.768677	0.3990168	0.3469768	0.3488061
27096	-441.3527	-597.8487	156.4959	2.633546	0.3990168	0.1121824	0.3488061
27102	-439.3161	-594.8734	155.5572	2.676446	0.6797978	0.2530653	0.3504646
27108	-432.6158	-587.7228	155.107	2.682679	0.918098	0.3138413	0.3350632
27114	-436.4483	-591.4279	154.9796	2.62375	0.8396029	0.4903699	0.47529
27120	-428.2779	-583.5046	155.2266	2.376761	0.8396029	0.4903699	0.47529
27126	-429.8204	-585.7727	155.9523	2.371223	1.081624	0.1050758	0.4880279
27132	-420.8319	-576.9758	156.1439	2.266114	1.081624	0.08297544	0.5738838
27138	-425.9603	-581.7628	155.8025	2.394235	1.593863	0.04229903	0.4434844
27144	-442.6217	-598.208	155.5862	2.086858	1.593863	0.164848	0.5904923
27150	-442.0334	-599.8688	157.8354	1.877115	0.1930579	0.0891896	0.703198
27156	-433.6549	-591.4174	157.7625	2.158871	0.154299	0.06902205	0.7201029
27162	-441.7922	-596.8466	155.0543	2.313197	0.5705146	0.6758916	1.00453
27168	-430.7593	-586.3389	155.5796	2.614712	0.5705146	0.3594331	0.454333
27174	-441.8091	-597.2677	155.4585	2.510116	0.7382045	0.3594331	0.5113422
27180	-441.2013	-597.3494	156.148	2.382784	0.7382045	0.1479719	0.5078854
27186	-444.777	-601.0583	156.2812	2.475346	0.5391073	0.1479719	0.6798818
27192	-438.4668	-594.5785	156.1117	1.945131	0.6181619	0.2998773	0.8893952
27198	-433.974	-590.5042	156.5301	1.679895	0.523593	0.1230998	1.356903
27204	-422.6154	-580.0853	157.4698	1.824943	0.2938231	0.1094828	0.7965117
27210	-428.7221	-586.0589	157.3368	2.279998	0.3077534	0.03556984	0.7831139
27216	-431.7662	-587.7047	155.9385	2.000114	1.217806	0.1543142	0.7213959
27222	-444.5099	-600.2626	155.7527	2.115125	1.217806	0.185049	0.6676444
27228	-427.5824	-583.1027	155.5203	2.388781	1.56858	0.1095342	0.4932101
27234	-427.1322	-583.7973	156.665	1.814427	0.5021504	0.1534993	1.061014
27240	-425.88	-582.833	156.953	1.830988	0.2915969	0.1534993	1.159775
27246	-427.189	-583.4478	156.2588	1.810127	0.6150558	0.1806446	1.193821
27252	-437.8126	-593.1059	155.2933	1.447878	1.722689	0.2048511	1.371343
27258	-444.5645	-601.3385	156.7739	1.586991	0.6369304	0.06385763	1.307963
27264	-437.6821	-594.9375	157.2554	1.706065	0.5178904	0.06013478	0.9416331
27270	-441.7559	-598.9527	157.1968	1.8045	0.3907361	0.07765669	1.043921
27276	-441.3195	-598.1608	156.8414	2.031097	0.3907361	0.1915439	0.6802007
27282	-451.1717	-607.1486	155.9769	2.014355	1.013083	0.1915439	0.7453905
27288	-436.1912	-592.0983	155.9071	2.198624	0.4838752	0.4439704	0.7085053
27294	-429.8381	-586.0109	156.1728	1.780474	0.7536271	0.155911	1.205413
27300	-430.1947	-586.3844	156.1897	1.961733	0.7691007	0.1894239	0.891589
27306	-432.1745	-588.3579	156.1834	2.181754	0.7048714	0.2070244	0.6030713
27312	-434.9523	-591.0437	156.0914	2.175001	0.7048714	0.2394822	0.6242194
27318	-446.809	-602.5211	155.712	2.108707	0.7048714	0.3509113	0.895692
27324	-433.9778	-589.2595	155.2816	2.115673	1.679021	0.2155495	0.7204604
27330	-428.3177	-583.5828	155.2651	2.057495	1.067738	0.2155495	1.293104
27336	-430.9809	-587.5753	156.5944	1.666323	0.534692	0.1420087	1.24403
27342	-433.6777	-589.1484	155.4708	1.628451	0.8186413	0.2213837	1.648554
27348	-423.7655	-579.7588	155.9933	1.785391	0.757568	0.2213837	1.176632
27354	-420.4163	-576.698	156.2816	1.960489	0.6639797	0.1786122	0.9754527
27360	-436.3449	-592.4872	156.1422	2.205701	0.5359008	0.147321	1.151196
27366	-435.3612	-592.38	157.0188	1.767198	0.4001339	0.1139589	1.081808
27372	-439.4483	-595.9896	156.5413	1.842533	0.4001339	0.1546421	1.298688
27378	-433.643	-589.9559	156.3129	1.877574	0.4001339	0.1546421	1.45075
27384	-437.5873	-594.4833	156.896	1.881538	0.4001339	0.1546421	0.9404323
27390	-437.2977	-593.3306	156.0329	2.067677	0.5244392	0.332496	0.9163226
27396	-440.2138	-595.0279	154.8141	2.053557	0.4960418	1.025976	1.205368
27402	-443.6709	-599.7281	156.0571	1.849969	0.9072827	0.13694	1.150482
27408	-451.832	-606.7677	154.9357	1.925787	1.013199	0.5089191	1.203285
27414	-433.3569	-590.1508	156.7939	1.647971	0.6459906	0.08060161	1.162534
27420	-445.5177	-601.1568	155.6391	1.881435	0.8199356	0.3507308	1.059584
27426	-447.8028	-603.2166	155.4139	1.565533	0.8199356	0.3984929	1.432924
27432	-443.1008	-598.0061	154.9053	1.571881	1.343227	0.2574958	1.665751
27438	-440.4498	-597.6276	157.1778	1.633603	0.5252896	0.07144782	1.026322
27444	-430.6263	-587.1263	156.5	1.733437	0.4241686	0.1107966	1.50783
27450	-441.0806	-597.8211	156.7405	1.903594	0.2878377	0.2227656	1.100185
27456	-434.2493	-589.8088	155.5595	2.040876	1.08984	0.2227656	1.010102
27462	-433.7636	-590.1204	156.3567	1.990676	0.826936	0.1388457	0.772215
27468	-438.1319	-594.4539	156.322	2.07421	0.826936	0.1388457	0.6953727
27474	-441.4361	-598.2175	156.7814	2.416257	0.3257438	0.1456258	0.4211344
27480	-439.4898	-595.3655	155.8757	2.49274	0.4986074	0.3126306	0.3643062
27486	-451.1612	-605.8918	154.7306	2.871337	0.4611896	0.811851	0.3214613
27492	-445.4567	-601.642	156.1853	2.486181	0.3372748	0.2903751	0.3102805
27498	-442.5636	-598.9314	156.3678	2.399285	0.3372748	0.2903751	0.4683239
27504	-436.6829	-592.8883	156.2054	2.425527	0.4487422	0.2571862	0.4683239
27510	-442.6468	-599.6873	157.0406	1.794444	0.4487422	0.1557088	0.7551649
27516	-443.3794	-599.8333	156.4538	2.268942	0.718348	0.09228667	0.6790222
27522	-446.8925	-604.1215	157.2289	2.182238	0.3105769	0.09228667	0.6651157
27528	-442.0244	-598.5466	156.5222	1.938804	0.910034	0.09228667	0.7428645
27534	-436.122	-592.1327	156.0107	1.962646	0.2800654	0.7282452	0.8698361
27540	-441.5157	-596.7179	155.2023	2.558021	0.4534338	0.7282452	0.36945
27546	-443.7765	-599.004	155.2275	2.56492	0.4534338	0.7282452	0.4347163
27552	-438.0521	-592.617	154.565	2.775102	1.030189	0.4768003	0.3196484
27558	-437.2361	-592.8362	155.6002	2.76932	0.3203346	0.4768003	0.3422827
27564	-442.508	-597.7249	155.2169	2.558912	0.6904356	0.4922339	0.5659598
27570	-432.28	-587.62	155.3401	2.321978	0.6904356	0.5673681	0.5351252
27576	-438.7968	-594.3815	155.5847	2.40092	0.6904356	0.3436535	0.7238529
27582	-435.9533	-592.8416	156.8883	2.150304	0.423761	0.1371786	0.5549141
27588	-439.1369	-595.2423	156.1054	2.432478	0.7411677	0.1371786	0.3905162
27594	-433.2596	-589.6351	156.3755	2.432478	0.564162	0.1371786	0.4754916
27600	-430.69	-587.2753	156.5852	2.477719	0.4001321	0.1371786	0.3947034
27606	-436.087	-591.3753	155.2883	2.544761	0.9433863	0.3122155	0.4566527
27612	-436.4746	-593.1486	156.674	1.893149	0.3767098	0.2735393	0.8394202
27618	-435.2712	-590.8601	155.5889	2.19596	1.086296	0.2735393	0.5347622
27624	-439.4408	-594.4229	154.9821	1.938016	0.8989195	0.6999855	1.003527
27630	-444.4073	-599.7834	155.3761	1.975975	0.604742	0.6423974	1.014878
27636	-439.7064	-595.4424	155.736	2.026119	0.6855131	0.3370571	1.014878
27642	-436.7232	-592.2739	155.5507	2.32871	0.8474237	0.3370571	0.5611535
27648	-431.3008	-586.9702	155.6695	2.037196	1.99583	0.08621789	0.625731
27654	-439.5467	-595.7403	156.1936	2.143905	0.6171402	0.2564589	0.632431
27660	-436.2333	-592.889	156.6557	2.225553	0.5259219	0.1335226	0.4786501
27666	-432.1388	-588.8398	156.701	2.181035	0.5259219	0.1335226	0.4888442
27672	-426.1473	-583.1208	156.9735	2.085289	0.4667264	0.1063	0.6294478
27678	-428.8443	-585.174	156.3297	2.182245	0.5867948	0.2175797	0.5490733
27684	-433.5071	-588.9182	155.4111	2.54522	1.053691	0.2175797	0.4325677
27690	-440.4863	-595.972	155.4857	2.370732	1.160452	0.2175797	0.4296644
27696	-431.3321	-587.3561	156.0239	2.557717	0.539136	0.2163294	0.4296644
27702	-433.1833	-588.8077	155.6244	2.321465	1.052306	0.2242069	0.5405328
27708	-433.3369	-589.2943	155.9574	2.191504	0.7476744	0.2681236	0.5934888
27714	-435.5496	-590.9449	155.3953	2.171498	1.817821	0.1211777	0.7989138
27720	-429.2366	-585.4383	156.2017	2.050296	0.8853622	0.1211777	0.8931567
27726	-435.274	-590.0985	154.8245	2.181041	0.9105816	0.6695037	0.9441521
27732	-445.7017	-600.4602	154.7585	2.486244	0.9105816	0.6367109	0.6907621
27738	-445.2056	-600.1318	154.9262	2.271431	0.9105816	0.6367109	0.7660338
27744	-461.8401	-617.7511	155.9109	2.08152	0.4680438	0.4937261	0.7902216
27750	-451.8665	-607.6066	155.7401	2.483969	1.161425	0.1071878	0.4114757
27756	-455.9927	-612.3105	156.3178	2.536742	0.5991083	0.1071878	0.4082182
27762	-457.3619	-612.1913	154.8294	2.654536	2.271337	0.08357156	0.3020496
27768	-448.5801	-602.0463	153.4662	2.340468	4.903634	0.3311645	0.6185681
27774	-431.7667	-586.2706	154.504	1.975119	4.262596	0.1231541	0.8116501
27780	-447.6768	-602.7458	155.0691	2.513376	0.8536421	0.4894456	0.4397902
27786	-449.3013	-605.78	156.4787	2.372122	0.4678248	0.1701982	0.5030893
27792	-441.4267	-596.4131	154.9865	2.678744	0.9693638	0.3728604	0.4177613
27798	-431.7355	-587.1872	155.4518	2.840836	0.4485229	0.3728604	0.3273647
27804	-432.2734	-586.7415	154.4681	2.913587	1.110289	0.3728604	0.2667899
27810	-427.9644	-583.724	155.7596	2.533129	0.4557325	0.3728604	0.3403332
27816	-423.2382	-579.0125	155.7743	2.579017	0.4557325	0.3728604	0.452939
27822	-442.2323	-596.4247	154.1924	2.656488	1.217509	0.748956	0.4245937
27828	-427.0353	-582.7247	155.6894	2.432361	0.8324683	0.2436198	0.5504531
27834	-438.103	-593.994	155.8911	2.288872	0.7828437	0.2436198	0.5504531
27840	-432.4597	-588.4155	155.9558	2.011501	1.311308	0.127371	0.7058678
27846	-423.6874	-578.7715	155.0841	2.133403	2.317401	0.127371	0.8485562
27852	-435.1107	-591.2834	156.1727	2.28886	0.6221772	0.2179254	0.5383192
27858	-433.2608	-589.0602	155.7994	2.300872	0.6221772	0.3582543	0.6213722
27864	-435.3168	-590.2666	154.9498	2.358518	1.553825	0.3140786	0.5293734
27870	-438.4066	-593.0591	154.6525	2.773645	1.553825	0.253091	0.3849017
27876	-438.7705	-594.1274	155.3568	2.400343	1.159583	0.253091	0.5902641
27882	-435.2124	-591.2898	156.0773	2.103849	0.690314	0.2504357	0.7606092
27888	-438.4419	-594.9507	156.5088	1.935174	0.7519678	0.1016	0.9398067
27894	-446.8594	-603.4516	156.5922	2.264791	0.5420144	0.1183871	0.6897986
27900	-438.2358	-595.1957	156.9599	1.977148	0.5420144	0.09270943	0.7343496
27906	-442.6313	-599.6425	157.0112	2.36996	0.2893232	0.1199035	0.5741754
27912	-439.8826	-596.3647	156.4822	2.344732	0.5620419	0.1326588	0.5344331
27918	-443.7131	-599.761	156.0479	2.256686	1.063043	0.1117967	0.5713274
27924	-450.261	-605.8087	155.5477	2.237097	1.911369	0.08397266	0.5725224
27930	-437.0938	-592.5229	155.4292	2.220365	1.911369	0.1052793	0.6798212
27936	-429.3709	-586.5338	157.163	1.82437	0.369868	0.1052793	0.9787271
27942	-445.3271	-601.6657	156.3385	1.289504	0.6774538	0.1052793	1.677561
27948	-450.1555	-606.3466	156.1911	1.344508	0.4781039	0.1449121	1.844749
27954	-428.225	-584.6561	156.4311	1.958325	0.7252518	0.1774518	0.6916309
27960	-425.5858	-582.4708	156.885	2.083006	0.3405858	0.1774518	0.7638975
27966	-438.994	-595.5003	156.5063	1.916986	0.4759802	0.1774518	1.080176
27972	-430.7368	-586.5953	155.8585	1.642182	0.8433168	0.1774518	1.427552
27978	-441.0529	-596.2433	155.1904	1.397618	1.258152	0.2030621	1.742674
27984	-434.0163	-589.1138	155.0975	1.515901	2.19347	0.1248246	1.459768
27990	-429.5327	-585.7047	156.172	1.753089	1.074218	0.07179208	1.225019
27996	-440.1727	-596.0021	155.8294	1.620697	1.240784	0.1277791	1.297323
